RunID,final_reward,max_reward,time_to_max_reward_sec,total_duration_sec,mean_policy_loss,mean_value_loss,mean_entropy,final_entropy,max_cpu_usage_percent,mean_cpu_usage_percent,max_ram_used_mb,mean_ram_used_mb,mean_cpu_frequency,max_cpu_frequency,max_gpu_usage_percent,mean_gpu_usage_percent,max_vram_used_mb,mean_vram_used_mb,max_game_cpu_usage_percent,mean_game_cpu_usage_percent,max_game_memory_usage_mb,mean_game_memory_usage_mb,os,cpu,physical_cores,system_ram_gb,gpu,GPU_ram_mb,cuda_version,training_type,game_name,batch_size,learning_rate,buffer_size,beta,epsilon,lambd,num_epoch,learning_rate_schedule,normalize,hidden_units,num_layers,vis_encode_type,reward_extrinsic_gamma,reward_extrinsic_strength,keep_checkpoints,max_steps,time_horizon,summary_freq
20251123-014754,58.57895660400391,58.57895660400391,636.410400390625,636.410400390625,0.0177604616619646,0.6451017583409945,1.3878668977553583,1.3534528017044067,8.0,3.929518067693136,16323.0,14435.058217243975,2267.333251953125,2267.333251953125,20.0,10.744979910103671,1988.0,1758.4899578783886,1.0282371044158936,0.5814139340297285,0.0,0.0,Windows 11,"AMD64 Family 25 Model 33 Stepping 2, AuthenticAMD",8,34265653248,NVIDIA GeForce RTX 5080,16303.0,,ppo,3DBall,2048,0.000165,81920,0.001077,0.164,0.947,5.0,constant,True,32,1,simple,,,5,1000000,512,12000
20251123-015841,5.235752105712891,5.377957820892334,550.6408081054688,595.1753540039062,0.0247099060410012,0.0188876832447324,1.3986947134316683,1.3831757307052612,10.5,3.414056224995349,14286.3330078125,11743.351409544428,2267.333251953125,2267.333251953125,23.0,8.096385545041187,1735.0,1212.0381535909262,1.239390850067139,0.6848362935594765,0.0,0.0,Windows 11,"AMD64 Family 25 Model 33 Stepping 2, AuthenticAMD",8,34265653248,NVIDIA GeForce RTX 5080,16303.0,,ppo,3DBall,1024,3.3e-05,40960,0.004283,0.12,0.941,5.0,linear,False,256,2,simple,,,5,1000000,128,12000
20251123-020847,1.2497063875198364,1.3675564527511597,202.6998443603516,248.8567047119141,0.0134409023448824,0.0709794908761978,1.4175907954937077,1.4149041175842283,5.699999809265137,2.4922764272224613,10554.0,10195.081269054876,2267.333251953125,2267.333251953125,1.6666666269302368,1.0121951219512195,1124.0,1124.0,0.9906185269355774,0.6380969591257049,0.0,0.0,Windows 11,"AMD64 Family 25 Model 33 Stepping 2, AuthenticAMD",8,34265653248,NVIDIA GeForce RTX 5080,16303.0,,ppo,3DBall,4096,0.000142,327680,0.004455,0.201,0.926,4.0,linear,True,256,2,simple,,,5,500000,256,12000
20251123-021308,4.137004852294922,4.137004852294922,519.66943359375,519.66943359375,0.0185840626557667,0.2096956719954808,1.3904376345944691,1.3483072519302368,5.75,2.4401606335697403,10402.3330078125,10191.122517413403,2267.333251953125,2267.333251953125,1.3333333730697632,1.0000000035906411,1124.0,1114.3935738069465,1.115403652191162,0.6571708045091974,0.0,0.0,Windows 11,"AMD64 Family 25 Model 33 Stepping 2, AuthenticAMD",8,34265653248,NVIDIA GeForce RTX 5080,16303.0,,ppo,3DBall,2048,0.000271,163840,0.005538,0.196,0.916,4.0,constant,True,64,1,simple,,,5,1000000,256,12000
20251123-022158,1.3970893621444702,1.4980477094650269,210.3329620361328,302.1870422363281,0.0177972540259361,0.1094904442628224,1.412454308533087,1.4047479629516602,5.4666666984558105,2.364227635104482,10431.3330078125,10288.487757240851,2267.333251953125,2267.333251953125,1.3333333730697632,1.012195126312535,1112.0,1112.0,1.0325762033462524,0.6535803028723088,0.0,0.0,Windows 11,"AMD64 Family 25 Model 33 Stepping 2, AuthenticAMD",8,34265653248,NVIDIA GeForce RTX 5080,16303.0,,ppo,3DBall,2048,0.000184,163840,0.009037,0.125,0.941,5.0,linear,False,256,3,simple,,,5,500000,128,12000
20251123-022714,1.2261627912521362,1.250293493270874,29.45754623413086,54.36628723144531,0.0249508451670408,0.331251710653305,1.418759599328041,1.4177170991897583,5.099999904632568,2.725000038743019,10281.0,10211.70849609375,2267.333251953125,2267.333251953125,13.0,2.58333333581686,1112.0,1112.0,0.8261364102363586,0.6033881194889545,0.0,0.0,Windows 11,"AMD64 Family 25 Model 33 Stepping 2, AuthenticAMD",8,34265653248,NVIDIA GeForce RTX 5080,16303.0,,ppo,3DBall,1024,0.000119,81920,0.00462,0.253,0.937,5.0,linear,True,64,3,simple,,,5,100000,128,12000
20251123-022819,94.35001373291016,94.35001373291016,871.2884521484375,871.2884521484375,0.0241213880750971,1.6278281607665122,1.379095400672361,1.3430118560791016,11.800000190734863,4.1578313255884565,10227.5,10184.727897919804,2267.333251953125,2267.333251953125,9.0,1.3965863459799663,1112.0,1112.0,1.380275011062622,0.6972468342766704,0.0,0.0,Windows 11,"AMD64 Family 25 Model 33 Stepping 2, AuthenticAMD",8,34265653248,NVIDIA GeForce RTX 5080,16303.0,,ppo,3DBall,1024,5.9e-05,20480,0.006401,0.286,0.93,3.0,constant,True,32,2,simple,,,5,2000000,1024,12000
20251123-024301,100.00001525878906,100.00001525878906,181.7078857421875,855.947021484375,0.0344459488987922,0.0078526018936978,0.9740616327308746,0.6853297352790833,9.800000190734863,3.0290160692599883,10256.5,10221.48894601845,2267.333251953125,2267.333251953125,2.5,1.450803213449846,1112.0,1112.0,1.1551042795181274,0.7141349517616881,0.0,0.0,Windows 11,"AMD64 Family 25 Model 33 Stepping 2, AuthenticAMD",8,34265653248,NVIDIA GeForce RTX 5080,16303.0,,ppo,3DBall,512,0.000232,40960,0.006051,0.282,0.915,3.0,constant,True,64,1,simple,,,5,2000000,128,12000
20251123-025729,1.9958761930465696,2.0179219245910645,485.1455078125,505.5616149902344,0.0126773111987858,0.2310449729363123,1.4087064668356657,1.399545669555664,6.266666889190674,2.6108433740684784,10353.3330078125,10280.947748023344,2267.333251953125,2267.333251953125,1.6666666269302368,1.000000002872513,1112.0,1112.0,1.1592135429382324,0.6777311822017992,0.0,0.0,Windows 11,"AMD64 Family 25 Model 33 Stepping 2, AuthenticAMD",8,34265653248,NVIDIA GeForce RTX 5080,16303.0,,ppo,3DBall,4096,0.000129,81920,0.004336,0.184,0.938,4.0,linear,False,64,2,simple,,,5,1000000,512,12000
20251123-030604,1.2776237726211548,1.3130784034729004,570.9609375,648.701904296875,0.0124281145011384,0.3238672638932864,1.4104551579578812,1.4053186178207395,5.199999809265137,2.3558232827358934,10471.6669921875,10351.720891378012,2267.333251953125,2267.333251953125,1.3333333730697632,1.022088357483048,1113.0,1112.9939759036145,1.107769012451172,0.6755342709730907,0.0,0.0,Windows 11,"AMD64 Family 25 Model 33 Stepping 2, AuthenticAMD",8,34265653248,NVIDIA GeForce RTX 5080,16303.0,,ppo,3DBall,4096,6.3e-05,163840,0.003198,0.176,0.936,8.0,linear,False,64,1,simple,,,5,1000000,1024,12000
20251123-031702,1.546578288078308,1.546578288078308,113.0189437866211,113.0189437866211,0.0253821993246673,0.222195953130722,1.4182787716388705,1.4179902076721191,5.699999809265137,2.703333306312561,10267.3330078125,10205.6,2267.333251953125,2267.333251953125,1.3333333730697632,0.9916666716337204,1113.0,1113.0,0.9143775701522828,0.6339147470891475,0.0,0.0,Windows 11,"AMD64 Family 25 Model 33 Stepping 2, AuthenticAMD",8,34265653248,NVIDIA GeForce RTX 5080,16303.0,,ppo,3DBall,1024,0.000121,81920,0.00556,0.272,0.935,3.0,linear,True,64,3,simple,,,5,250000,64,12000
20251123-031917,1.1366852521896362,1.1727272272109983,10.440659523010254,37.06415939331055,,,1.418938249349594,1.4189382791519165,3.299999952316284,2.135416656732559,10291.0,10198.333374023438,2267.333251953125,2267.333251953125,1.0,1.0,1113.0,1113.0,0.9746299386024476,0.6057845167815685,0.0,0.0,Windows 11,"AMD64 Family 25 Model 33 Stepping 2, AuthenticAMD",8,34265653248,NVIDIA GeForce RTX 5080,16303.0,,ppo,3DBall,4096,0.000182,163840,0.003243,0.219,0.927,8.0,linear,False,128,2,simple,,,5,100000,2048,12000
20251123-032004,1.1482175588607788,1.2501959800720217,6.092535018920898,37.80073165893555,,,1.418938234448433,1.418938159942627,4.566666603088379,2.5374999791383743,10290.3330078125,10205.833251953123,2267.333251953125,2267.333251953125,1.0,1.0,1113.0,1113.0,0.8565776944160461,0.6538599468767643,0.0,0.0,Windows 11,"AMD64 Family 25 Model 33 Stepping 2, AuthenticAMD",8,34265653248,NVIDIA GeForce RTX 5080,16303.0,,ppo,3DBall,4096,6.6e-05,163840,0.001795,0.284,0.907,8.0,constant,True,128,1,simple,,,5,100000,2048,12000
20251123-032052,1.1596986055374146,1.2382066249847412,49.175048828125,53.90878677368164,0.0185241401195526,0.086457721889019,1.418945237994194,1.4189860820770264,4.5333333015441895,2.660416692495346,10265.6669921875,10194.625,2267.333251953125,2267.333251953125,10.5,2.5,1113.0,1113.0,0.7863109707832336,0.6113843992352486,0.0,0.0,Windows 11,"AMD64 Family 25 Model 33 Stepping 2, AuthenticAMD",8,34265653248,NVIDIA GeForce RTX 5080,16303.0,,ppo,3DBall,2048,0.000188,81920,0.002583,0.203,0.936,4.0,linear,True,256,3,simple,,,5,100000,256,12000
20251123-032155,1.4509553909301758,1.4509553909301758,51.02849197387695,51.02849197387695,0.018218932673335,0.1443306952714919,1.4165776371955872,1.4129663705825806,5.766666889190674,2.781250014901161,10189.0,10165.5,2267.333251953125,2267.333251953125,1.3333333730697632,1.0000000074505806,1113.0,1113.0,0.8216918706893921,0.6375584080815315,0.0,0.0,Windows 11,"AMD64 Family 25 Model 33 Stepping 2, AuthenticAMD",8,34265653248,NVIDIA GeForce RTX 5080,16303.0,,ppo,3DBall,2048,0.000196,40960,0.001953,0.189,0.939,5.0,constant,False,64,2,simple,,,5,100000,1024,12000
20251123-032256,1.1401869058609009,1.2450292110443115,80.0036849975586,124.70731353759766,0.0174677718430756,0.4043530762195587,1.416550439596176,1.4151402711868286,3.5999999046325684,2.1333333283662794,10188.6669921875,10174.350048828124,2267.333251953125,2267.333251953125,1.6666666269302368,1.0000000029802325,1114.0,1113.975,1.0235800743103027,0.6553082212805748,0.0,0.0,Windows 11,"AMD64 Family 25 Model 33 Stepping 2, AuthenticAMD",8,34265653248,NVIDIA GeForce RTX 5080,16303.0,,ppo,3DBall,2048,7.4e-05,40960,0.008641,0.123,0.92,5.0,linear,False,32,1,simple,,,5,250000,256,12000
20251123-032521,2.96928334236145,2.96928334236145,69.52843475341797,69.52843475341797,0.025127519853413,0.1646424382925033,1.4195922166109085,1.414400339126587,3.900000095367432,2.6979166716337204,10142.3330078125,10138.291625976562,2267.333251953125,2267.333251953125,1.3333333730697632,1.0416666716337204,1114.0,1114.0,0.7683171629905701,0.5286469236016273,0.0,0.0,Windows 11,"AMD64 Family 25 Model 33 Stepping 2, AuthenticAMD",8,34265653248,NVIDIA GeForce RTX 5080,16303.0,,ppo,3DBall,1024,0.00012,20480,0.006944,0.26,0.94,10.0,linear,True,128,3,simple,,,5,100000,1024,12000
20251123-032640,1.5265350341796875,1.5342856645584106,468.6304016113281,648.1541137695312,0.0127604259178042,0.1324063415328661,1.417563426925475,1.415494680404663,5.233333110809326,2.230321280927543,10899.3330078125,10549.668709996236,2267.333251953125,2267.333251953125,8.5,1.0742971925850373,1114.0,1114.0,1.0881341695785522,0.645920495670962,0.0,0.0,Windows 11,"AMD64 Family 25 Model 33 Stepping 2, AuthenticAMD",8,34265653248,NVIDIA GeForce RTX 5080,16303.0,,ppo,3DBall,4096,4.1e-05,327680,0.009836,0.283,0.917,5.0,linear,False,512,2,simple,,,5,1000000,256,12000
20251123-033738,18.21613121032715,23.35745048522949,241.5979461669922,258.9511108398437,0.0340710662123633,0.8206072446049714,1.3705387958666173,1.3360188007354736,12.600000381469728,3.365040668627111,10135.5,10128.41465796494,2267.333251953125,2267.333251953125,9.5,1.4065040640714692,1114.0,1114.0,1.110639214515686,0.653899271313737,0.0,0.0,Windows 11,"AMD64 Family 25 Model 33 Stepping 2, AuthenticAMD",8,34265653248,NVIDIA GeForce RTX 5080,16303.0,,ppo,3DBall,512,0.000123,10240,0.005823,0.202,0.938,5.0,linear,False,256,1,simple,,,5,500000,256,12000
20251123-034211,2.346264362335205,2.346264362335205,54.25057220458984,54.25057220458984,0.03527351655066,0.0659358855336904,1.4149494171142578,1.4089545011520386,4.0333333015441895,2.668750002980232,10154.0,10146.604125976562,2267.333251953125,2267.333251953125,1.3333333730697632,1.0416666716337204,1115.0,1114.5625,0.7913175225257874,0.5666230842471123,0.0,0.0,Windows 11,"AMD64 Family 25 Model 33 Stepping 2, AuthenticAMD",8,34265653248,NVIDIA GeForce RTX 5080,16303.0,,ppo,3DBall,512,0.000246,20480,0.009447,0.229,0.93,5.0,linear,True,64,3,simple,,,5,100000,1024,12000
20251123-034315,1.418697476387024,1.418697476387024,53.55182647705078,53.55182647705078,0.0177677096799015,0.1719110533595084,1.4169522821903229,1.4131405353546145,2.366666555404663,1.9062499552965164,10208.6669921875,10182.604248046877,2267.333251953125,2267.333251953125,9.5,2.1041666716337204,1115.0,1114.9375,0.7271167635917664,0.5535039864480495,0.0,0.0,Windows 11,"AMD64 Family 25 Model 33 Stepping 2, AuthenticAMD",8,34265653248,NVIDIA GeForce RTX 5080,16303.0,,ppo,3DBall,2048,9.6e-05,40960,0.002476,0.146,0.937,5.0,constant,True,512,1,simple,,,5,100000,2048,12000
20251123-034419,52.47895431518555,59.82858276367188,426.8662414550781,621.4663696289062,0.0169153583313648,0.4439273395886023,1.4087338892810315,1.383979082107544,6.5,2.8734939845211533,10242.0,10212.13049463479,2267.333251953125,2267.333251953125,2.0,1.1104417673076492,1115.0,1115.0,1.1712615489959717,0.7011376156146267,0.0,0.0,Windows 11,"AMD64 Family 25 Model 33 Stepping 2, AuthenticAMD",8,34265653248,NVIDIA GeForce RTX 5080,16303.0,,ppo,3DBall,2048,4.8e-05,40960,0.009916,0.268,0.917,8.0,constant,True,32,2,simple,,,5,1000000,128,12000
20251123-035450,1.2971943616867063,1.2971943616867063,66.58875274658203,66.58875274658203,0.0248661637306213,0.2470082640647888,1.4190821796655655,1.417070388793945,5.9666666984558105,2.6791666746139526,10193.3330078125,10169.270874023438,2267.333251953125,2267.333251953125,1.0,0.9583333358168602,1115.0,1115.0,0.8478068113327026,0.606068778783083,0.0,0.0,Windows 11,"AMD64 Family 25 Model 33 Stepping 2, AuthenticAMD",8,34265653248,NVIDIA GeForce RTX 5080,16303.0,,ppo,3DBall,1024,0.00012,40960,0.002797,0.22,0.947,10.0,linear,True,64,1,simple,,,5,100000,64,12000
20251123-035606,1.230873703956604,1.230873703956604,114.6072769165039,114.6072769165039,0.0351231711154633,0.3087119663303548,1.4192477941513062,1.4180406332015991,7.400000095367432,2.826666682958603,10200.0,10181.0833984375,2267.333251953125,2267.333251953125,1.3333333730697632,1.0000000029802325,1115.0,1115.0,0.9313093423843384,0.6909306198358536,0.0,0.0,Windows 11,"AMD64 Family 25 Model 33 Stepping 2, AuthenticAMD",8,34265653248,NVIDIA GeForce RTX 5080,16303.0,,ppo,3DBall,512,4.7e-05,20480,0.002742,0.235,0.929,3.0,constant,False,32,1,simple,,,5,250000,256,12000
20251123-035815,1.1299256086349487,1.1806082725524902,10.461389541625977,36.98845291137695,,,1.418938249349594,1.4189382791519165,3.6666667461395264,2.2562499940395355,10322.3330078125,10232.4375,2267.333251953125,2267.333251953125,12.5,2.4791666716337204,1115.0,1115.0,0.881641149520874,0.6310689188539982,0.0,0.0,Windows 11,"AMD64 Family 25 Model 33 Stepping 2, AuthenticAMD",8,34265653248,NVIDIA GeForce RTX 5080,16303.0,,ppo,3DBall,4096,0.000148,163840,0.001393,0.18,0.92,8.0,constant,False,64,2,simple,,,5,100000,64,12000
20251123-035903,1.1998080015182495,1.2003830671310425,33.384613037109375,38.05003356933594,,,1.4189382642507553,1.4189382791519165,4.233333110809326,2.049999952316284,10314.3330078125,10228.0,2267.333251953125,2267.333251953125,10.0,2.1666666716337204,1116.0,1115.9375,0.8066538572311401,0.5814150609076023,0.0,0.0,Windows 11,"AMD64 Family 25 Model 33 Stepping 2, AuthenticAMD",8,34265653248,NVIDIA GeForce RTX 5080,16303.0,,ppo,3DBall,4096,0.000167,163840,0.004741,0.191,0.911,8.0,constant,True,256,1,simple,,,5,100000,512,12000
20251123-035951,1.4630341529846191,1.4630341529846191,55.53790664672851,55.53790664672851,0.0256130369380116,0.1491659991443156,1.419537603855133,1.419168472290039,4.733333110809326,2.4083332866430283,10184.3330078125,10178.270751953123,2267.333251953125,2267.333251953125,1.5,1.0208333358168602,1116.0,1116.0,1.0079375505447388,0.5671678557991982,0.0,0.0,Windows 11,"AMD64 Family 25 Model 33 Stepping 2, AuthenticAMD",8,34265653248,NVIDIA GeForce RTX 5080,16303.0,,ppo,3DBall,1024,5.3e-05,20480,0.001799,0.194,0.908,5.0,linear,True,256,2,simple,,,5,100000,64,12000
20251123-040056,15.326089859008787,19.523218154907227,288.5589599609375,300.0004272460937,0.0273043988272547,0.1103063610692818,1.3706948495492703,1.3017008304595947,6.25,2.3792682798897347,10323.0,10273.1259765625,2267.333251953125,2267.333251953125,2.0,1.0813008139773113,1116.0,1116.0,1.0590214729309082,0.6944367253198857,0.0,0.0,Windows 11,"AMD64 Family 25 Model 33 Stepping 2, AuthenticAMD",8,34265653248,NVIDIA GeForce RTX 5080,16303.0,,ppo,3DBall,1024,0.000295,81920,0.002849,0.145,0.905,8.0,constant,True,64,2,simple,,,5,500000,128,12000
20251123-040632,4.508837699890137,4.930151462554932,144.981689453125,153.05056762695312,0.0180965807288884,0.0225092388689517,1.3910815119743347,1.344500184059143,5.866666793823242,2.338333344459534,10226.3330078125,10203.474951171876,2267.333251953125,2267.333251953125,1.5,1.0500000059604644,1116.0,1116.0,1.074130296707153,0.6681114926934242,0.0,0.0,Windows 11,"AMD64 Family 25 Model 33 Stepping 2, AuthenticAMD",8,34265653248,NVIDIA GeForce RTX 5080,16303.0,,ppo,3DBall,2048,0.000284,40960,0.009072,0.225,0.942,8.0,constant,False,256,2,simple,,,5,250000,256,12000
20251123-040931,10.21428680419922,10.21428680419922,127.22620391845705,127.22620391845705,0.0336886736564337,0.5599722221493721,1.4167287409305571,1.4146379232406616,10.399999618530272,4.669166648387909,10146.6669921875,10140.783349609375,2267.333251953125,2267.333251953125,1.6666666269302368,0.933333331346512,1116.0,1116.0,1.056841492652893,0.6175877675414085,0.0,0.0,Windows 11,"AMD64 Family 25 Model 33 Stepping 2, AuthenticAMD",8,34265653248,NVIDIA GeForce RTX 5080,16303.0,,ppo,3DBall,512,2.6e-05,10240,0.009625,0.231,0.92,4.0,linear,True,256,2,simple,,,5,250000,512,12000
20251123-041152,94.15001678466795,100.00001525878906,520.7489013671875,990.5518188476562,0.0134584281283119,0.1629436950509746,1.385252413979496,1.3538283109664917,9.100000381469728,3.4668674655707488,10632.5,10502.90363210655,2267.333251953125,2267.333251953125,7.5,1.4216867484242084,1116.0,1116.0,1.1654568910598757,0.7128851514264761,0.0,0.0,Windows 11,"AMD64 Family 25 Model 33 Stepping 2, AuthenticAMD",8,34265653248,NVIDIA GeForce RTX 5080,16303.0,,ppo,3DBall,4096,7.1e-05,163840,0.005658,0.249,0.941,3.0,constant,True,512,2,simple,,,5,2000000,1024,12000
20251123-042835,3.4450759887695312,3.692000150680542,254.02999877929688,258.188232421875,0.0171859158823886,0.1911756284534931,1.4012578580437638,1.375831127166748,5.949999809265137,2.6081300770364155,10318.5,10276.207317073173,2267.333251953125,2267.333251953125,1.6666666269302368,1.0162601659937602,1117.0,1116.9878048780488,1.0716828107833862,0.6571192188960749,0.0,0.0,Windows 11,"AMD64 Family 25 Model 33 Stepping 2, AuthenticAMD",8,34265653248,NVIDIA GeForce RTX 5080,16303.0,,ppo,3DBall,2048,0.000217,81920,0.005766,0.136,0.95,5.0,constant,False,128,3,simple,,,5,500000,2048,12000
20251123-043320,100.00001525878906,100.00001525878906,285.7850646972656,488.5943908691406,0.0357362179396052,0.1892407664563506,1.326328009007925,1.2391301393508911,10.050000190734863,3.746184754084392,10291.5,10243.965867375751,2267.333251953125,2267.333251953125,5.5,1.4236947815102268,1117.0,1117.0,1.225318193435669,0.712709565119571,0.0,0.0,Windows 11,"AMD64 Family 25 Model 33 Stepping 2, AuthenticAMD",8,34265653248,NVIDIA GeForce RTX 5080,16303.0,,ppo,3DBall,512,6.8e-05,40960,0.007983,0.3,0.945,4.0,constant,False,64,3,simple,,,5,1000000,2048,12000
20251123-044139,79.19334411621094,79.19334411621094,128.80010986328125,128.80010986328125,0.025663611055775,0.4885749898173592,1.4070388317108151,1.3900816440582275,7.349999904632568,3.126666623353958,10231.0,10211.166650390624,2267.333251953125,2267.333251953125,2.0,1.0666666686534882,1117.0,1117.0,0.990603804588318,0.6586871311068535,0.0,0.0,Windows 11,"AMD64 Family 25 Model 33 Stepping 2, AuthenticAMD",8,34265653248,NVIDIA GeForce RTX 5080,16303.0,,ppo,3DBall,1024,0.000196,20480,0.004243,0.176,0.939,5.0,linear,True,64,3,simple,,,5,250000,128,12000
20251123-044403,1.2063461542129517,1.2169883251190186,23.684062957763672,66.88703918457031,0.0119427405297756,0.0365292318165302,1.4185093492269516,1.4160187244415283,4.866666793823242,2.633333340287209,10326.3330078125,10256.354248046877,2267.333251953125,2267.333251953125,1.6666666269302368,1.0833333283662796,1117.0,1117.0,0.8510234355926514,0.6630172729492188,0.0,0.0,Windows 11,"AMD64 Family 25 Model 33 Stepping 2, AuthenticAMD",8,34265653248,NVIDIA GeForce RTX 5080,16303.0,,ppo,3DBall,4096,0.000168,81920,0.007757,0.178,0.908,10.0,constant,False,128,2,simple,,,5,100000,2048,12000
20251123-044520,100.00000762939452,100.00000762939452,170.65921020507812,701.953369140625,0.0343887787700319,0.0579416367327212,1.2880197504916824,1.2279049158096311,8.100000381469727,3.275502013872905,10267.0,10228.048192771084,2267.333251953125,2267.333251953125,12.5,1.4056224901992154,1117.0,1117.0,1.122909665107727,0.6676531947520842,0.0,0.0,Windows 11,"AMD64 Family 25 Model 33 Stepping 2, AuthenticAMD",8,34265653248,NVIDIA GeForce RTX 5080,16303.0,,ppo,3DBall,512,0.000253,20480,0.008347,0.133,0.92,8.0,linear,False,256,3,simple,,,5,1000000,64,12000
20251123-045712,1.369958758354187,1.369958758354187,60.68267440795898,60.68267440795898,0.0246174838393926,0.2349614966660738,1.415799304842949,1.4136717319488523,4.0333333015441895,2.4104166477918625,10241.6669921875,10231.666748046877,2267.333251953125,2267.333251953125,1.0,0.9583333358168602,1118.0,1117.9375,1.0247355699539185,0.5996295288205147,0.0,0.0,Windows 11,"AMD64 Family 25 Model 33 Stepping 2, AuthenticAMD",8,34265653248,NVIDIA GeForce RTX 5080,16303.0,,ppo,3DBall,1024,0.000113,20480,0.005919,0.259,0.947,8.0,linear,False,256,1,simple,,,5,100000,512,12000
20251123-045823,2.079045057296753,2.079045057296753,565.0145263671875,565.0145263671875,0.0139379492029547,0.0498720823476711,1.402669401053923,1.3641263246536257,6.066666603088379,2.256425693810704,10915.6669921875,10586.186782285393,2267.333251953125,2267.333251953125,1.6666666269302368,1.0321285178862425,1118.0,1118.0,1.0434824228286743,0.6459713168891079,0.0,0.0,Windows 11,"AMD64 Family 25 Model 33 Stepping 2, AuthenticAMD",8,34265653248,NVIDIA GeForce RTX 5080,16303.0,,ppo,3DBall,4096,0.000214,327680,0.005119,0.286,0.924,5.0,constant,True,256,1,simple,,,5,1000000,256,12000
20251123-050758,92.47693634033205,100.00001525878906,149.119140625,382.4712219238281,0.0353449432348662,0.012085622798953,1.2257872645447894,1.108852505683899,7.699999809265137,2.619105676325356,10275.5,10249.0,2267.333251953125,2267.333251953125,2.0,1.1788617895870674,1118.0,1118.0,1.1453872919082642,0.7059841548524252,0.0,0.0,Windows 11,"AMD64 Family 25 Model 33 Stepping 2, AuthenticAMD",8,34265653248,NVIDIA GeForce RTX 5080,16303.0,,ppo,3DBall,512,0.000225,40960,0.003671,0.292,0.948,10.0,constant,True,256,3,simple,,,5,500000,128,12000
20251123-051451,1.149999976158142,1.2055768966674805,10.767141342163086,38.36587142944336,,,1.4189382791519165,1.4189382791519165,4.0,2.4979166835546494,10375.6669921875,10287.875122070312,2267.333251953125,2267.333251953125,5.5,1.5625,1118.0,1118.0,0.9687395691871644,0.6359088234603405,0.0,0.0,Windows 11,"AMD64 Family 25 Model 33 Stepping 2, AuthenticAMD",8,34265653248,NVIDIA GeForce RTX 5080,16303.0,,ppo,3DBall,4096,0.000288,163840,0.005608,0.184,0.931,3.0,constant,False,512,2,simple,,,5,100000,2048,12000
20251123-051540,1.4297467470169067,1.4952380657196045,287.2967224121094,328.52618408203125,0.0126223806291818,0.0538532957434654,1.4140237220903722,1.4042208194732666,5.5,2.119918720024388,10862.3330078125,10493.845464939024,2267.333251953125,2267.333251953125,1.3333333730697632,0.9674796774619964,1118.0,1118.0,0.8535709381103516,0.6191593234131976,0.0,0.0,Windows 11,"AMD64 Family 25 Model 33 Stepping 2, AuthenticAMD",8,34265653248,NVIDIA GeForce RTX 5080,16303.0,,ppo,3DBall,4096,0.000275,327680,0.006323,0.107,0.948,10.0,constant,True,256,2,simple,,,5,500000,128,12000
20251123-052120,1.179657816886902,1.179657816886902,38.67755889892578,38.67755889892578,,,1.4189382642507553,1.4189382791519165,2.6666667461395264,2.0791666954755783,10380.0,10294.75,2267.333251953125,2267.333251953125,8.5,1.95833333581686,1119.0,1118.9375,0.7543289065361023,0.5958066619932652,0.0,0.0,Windows 11,"AMD64 Family 25 Model 33 Stepping 2, AuthenticAMD",8,34265653248,NVIDIA GeForce RTX 5080,16303.0,,ppo,3DBall,4096,0.000281,163840,0.006995,0.28,0.949,8.0,constant,True,256,2,simple,,,5,100000,512,12000
20251123-052209,18.1861572265625,18.875808715820312,1005.8327026367188,1038.86865234375,0.0122626330315445,0.0861304602585732,1.407860723604639,1.3762309551239014,7.849999904632568,2.6472891630178474,10385.6669921875,10342.62451171875,2267.333251953125,2267.333251953125,2.0,1.1315261071704956,1119.0,1119.0,1.2617933750152588,0.6745253950357437,0.0,0.0,Windows 11,"AMD64 Family 25 Model 33 Stepping 2, AuthenticAMD",8,34265653248,NVIDIA GeForce RTX 5080,16303.0,,ppo,3DBall,4096,0.00025,81920,0.007558,0.102,0.933,5.0,linear,True,32,1,simple,,,5,2000000,512,12000
20251123-053940,1.2378166913986206,1.3359025716781616,167.7847900390625,239.72666931152344,0.0115075098971525,1.272930145263672,1.4191256441721103,1.4192869663238523,5.699999809265137,2.467886152790814,10522.3330078125,10378.735780297256,2267.333251953125,2267.333251953125,13.0,1.296747970871809,1119.0,1119.0,0.9457176327705384,0.6411726038630415,0.0,0.0,Windows 11,"AMD64 Family 25 Model 33 Stepping 2, AuthenticAMD",8,34265653248,NVIDIA GeForce RTX 5080,16303.0,,ppo,3DBall,4096,1.1e-05,163840,0.007918,0.241,0.942,3.0,linear,True,64,1,simple,,,5,500000,64,12000
20251123-054351,1.1908221244812012,1.2464842796325684,473.0905151367187,551.4352416992188,0.013079401726524,0.222189833720525,1.412749698363155,1.4042537212371826,6.099999904632568,2.341365460171757,10897.5,10568.939759036144,2267.333251953125,2267.333251953125,8.5,1.0963855450411877,1119.0,1119.0,0.9938167333602904,0.6552838043994215,0.0,0.0,Windows 11,"AMD64 Family 25 Model 33 Stepping 2, AuthenticAMD",8,34265653248,NVIDIA GeForce RTX 5080,16303.0,,ppo,3DBall,4096,8.5e-05,327680,0.005218,0.29,0.915,5.0,linear,False,128,1,simple,,,5,1000000,128,12000
20251123-055313,1.7736841440200806,1.7736841440200806,140.4268341064453,140.4268341064453,0.0170009117573499,0.0506246108561753,1.403360480070114,1.38619863986969,7.800000190734863,2.680833321809769,10361.0,10299.25830078125,2267.333251953125,2267.333251953125,1.3333333730697632,1.0166666731238363,1119.0,1119.0,0.9013569355010986,0.6395909547805786,0.0,0.0,Windows 11,"AMD64 Family 25 Model 33 Stepping 2, AuthenticAMD",8,34265653248,NVIDIA GeForce RTX 5080,16303.0,,ppo,3DBall,2048,0.000181,81920,0.003258,0.278,0.904,8.0,constant,True,64,3,simple,,,5,250000,512,12000
20251123-055609,2.2148759365081787,2.2182319164276123,127.48242950439452,131.76712036132812,0.0242508043619718,0.0732635699889876,1.4201992571353912,1.4142457246780396,6.699999809265137,3.077499973773956,10252.3330078125,10230.86669921875,2267.333251953125,2267.333251953125,13.0,1.616666665673256,1119.0,1119.0,0.9455305337905884,0.6577899366617203,0.0,0.0,Windows 11,"AMD64 Family 25 Model 33 Stepping 2, AuthenticAMD",8,34265653248,NVIDIA GeForce RTX 5080,16303.0,,ppo,3DBall,1024,0.000225,20480,0.003114,0.19,0.912,5.0,linear,True,32,2,simple,,,5,250000,512,12000
20251123-055836,87.36429595947266,93.55386352539062,232.8463592529297,264.1152648925781,0.0355701360689556,0.0870654144040915,1.411184171350991,1.40560781955719,9.5,3.473170752932386,10244.0,10229.36992663872,2267.333251953125,2267.333251953125,3.5,1.3211382118667043,1120.0,1120.0,1.2400379180908203,0.6841720473475572,0.0,0.0,Windows 11,"AMD64 Family 25 Model 33 Stepping 2, AuthenticAMD",8,34265653248,NVIDIA GeForce RTX 5080,16303.0,,ppo,3DBall,512,3.1e-05,20480,0.007608,0.162,0.926,5.0,linear,True,128,2,simple,,,5,500000,1024,12000
20251123-060316,100.00001525878906,100.00001525878906,359.6258544921875,1985.5009765625,0.0240606558121119,0.0012505352831434,1.1261046040489011,0.9846057295799256,9.649999618530272,4.154819284576967,10489.5,10390.835337443525,2267.333251953125,2267.333251953125,8.0,1.4066265056650322,1120.0,1120.0,1.1417222023010254,0.729882759143071,0.0,0.0,Windows 11,"AMD64 Family 25 Model 33 Stepping 2, AuthenticAMD",8,34265653248,NVIDIA GeForce RTX 5080,16303.0,,ppo,3DBall,1024,0.000274,81920,0.005473,0.261,0.933,10.0,constant,True,512,3,simple,,,5,2000000,512,12000
20251123-063633,13.640742301940918,13.640742301940918,1116.2462158203125,1116.2462158203125,0.012888403997446,0.2566246961553891,1.4151915721146455,1.405553936958313,8.850000381469727,2.689759032913001,10631.6669921875,10496.971897355044,2267.333251953125,2267.333251953125,14.0,1.1335341395383858,1120.0,1120.0,1.1971410512924194,0.6796880123845066,0.0,0.0,Windows 11,"AMD64 Family 25 Model 33 Stepping 2, AuthenticAMD",8,34265653248,NVIDIA GeForce RTX 5080,16303.0,,ppo,3DBall,4096,9.6e-05,163840,0.008351,0.104,0.915,5.0,linear,True,512,1,simple,,,5,2000000,2048,12000
20251123-065520,1.1309832334518433,1.2048076391220093,292.88214111328125,306.027587890625,0.0114799011498689,0.6616968512535095,1.4155773331479329,1.4088751077651978,4.349999904632568,2.316260157561884,10915.0,10535.207340891768,2267.333251953125,2267.333251953125,8.5,1.264227643245604,1120.0,1120.0,1.0200212001800537,0.6718259693645849,0.0,0.0,Windows 11,"AMD64 Family 25 Model 33 Stepping 2, AuthenticAMD",8,34265653248,NVIDIA GeForce RTX 5080,16303.0,,ppo,3DBall,4096,9.1e-05,327680,0.003536,0.17,0.935,10.0,linear,False,256,1,simple,,,5,500000,64,12000
20251123-070039,100.00001525878906,100.00001525878906,191.84396362304688,237.18589782714844,0.0350932539864019,0.0822542050684039,1.345057263606932,1.2155436277389526,7.150000095367432,3.6654471478811126,10327.0,10306.922732469511,2267.333251953125,2267.333251953125,8.0,1.3414634146341464,1120.0,1120.0,1.4060310125350952,0.6842393649787437,0.0,0.0,Windows 11,"AMD64 Family 25 Model 33 Stepping 2, AuthenticAMD",8,34265653248,NVIDIA GeForce RTX 5080,16303.0,,ppo,3DBall,512,0.000167,40960,0.000899,0.292,0.937,4.0,constant,True,64,1,simple,,,5,500000,1024,12000
20251123-070454,6.612987995147705,7.326057434082031,223.6029663085937,227.53140258789065,0.0252950905511776,0.06220471765846,1.4238915065439737,1.4093875885009766,8.600000381469727,2.806504101288028,10324.5,10300.87802496189,2267.333251953125,2267.333251953125,2.0,1.0162601659937602,1121.0,1120.9878048780488,1.0715621709823608,0.6727057731733089,0.0,0.0,Windows 11,"AMD64 Family 25 Model 33 Stepping 2, AuthenticAMD",8,34265653248,NVIDIA GeForce RTX 5080,16303.0,,ppo,3DBall,1024,0.000191,40960,0.008342,0.126,0.945,3.0,constant,True,128,1,simple,,,5,500000,128,12000
20251123-070857,10.646535873413086,10.646535873413086,703.8048095703125,703.8048095703125,0.0129777896218001,0.0871760516117016,1.3731929480311382,1.2949239015579224,8.550000190734863,2.758232922439116,10377.6669921875,10307.887577654368,2267.333251953125,2267.333251953125,9.5,1.204819280699075,1121.0,1121.0,1.1553056240081787,0.7055652933307441,0.0,0.0,Windows 11,"AMD64 Family 25 Model 33 Stepping 2, AuthenticAMD",8,34265653248,NVIDIA GeForce RTX 5080,16303.0,,ppo,3DBall,4096,8.4e-05,81920,0.003641,0.226,0.931,10.0,constant,False,64,2,simple,,,5,1000000,256,12000
20251123-072051,100.00001525878906,100.00001525878906,149.0062713623047,221.1078643798828,0.0343995921961639,0.0400318016665708,1.298615031126069,1.162560224533081,7.0,2.890650409023936,10190.5,10178.62197503811,2267.333251953125,2267.333251953125,2.0,1.2682926829268293,1121.0,1121.0,1.1132099628448486,0.7310863391655248,0.0,0.0,Windows 11,"AMD64 Family 25 Model 33 Stepping 2, AuthenticAMD",8,34265653248,NVIDIA GeForce RTX 5080,16303.0,,ppo,3DBall,512,0.000262,20480,0.002637,0.203,0.944,3.0,constant,False,64,3,simple,,,5,500000,128,12000
20251123-072446,100.00001525878906,100.00001525878906,124.7964859008789,231.3358154296875,0.0250731813518896,0.0098480161636277,1.3829407982709931,1.3616936206817627,7.949999809265137,3.921544726301984,10237.0,10224.016244283535,2267.333251953125,2267.333251953125,2.0,1.504065042588769,1121.0,1121.0,1.171581506729126,0.689544620310388,0.0,0.0,Windows 11,"AMD64 Family 25 Model 33 Stepping 2, AuthenticAMD",8,34265653248,NVIDIA GeForce RTX 5080,16303.0,,ppo,3DBall,1024,0.000204,20480,0.00403,0.161,0.934,3.0,linear,True,256,3,simple,,,5,500000,2048,12000
20251123-072849,100.00001525878906,100.00001525878906,453.7506103515625,943.1682739257812,0.0180177542691429,0.0419078822681815,1.299004990652383,1.174458384513855,7.699999809265137,2.8905622477991035,10397.0,10343.138536568147,2267.333251953125,2267.333251953125,2.0,1.2991967890636031,1121.0,1121.0,1.3088717460632324,0.7301756490066827,0.0,0.0,Windows 11,"AMD64 Family 25 Model 33 Stepping 2, AuthenticAMD",8,34265653248,NVIDIA GeForce RTX 5080,16303.0,,ppo,3DBall,2048,0.000238,81920,0.009373,0.19,0.93,4.0,linear,True,256,1,simple,,,5,2000000,128,12000
20251123-074443,1.2900595664978027,1.2900595664978027,56.72977828979492,56.72977828979492,0.0244274828583002,0.182302713394165,1.4189757704734802,1.4191938638687134,3.866666555404663,2.387500002980232,10351.3330078125,10274.687377929688,2267.333251953125,2267.333251953125,1.6666666269302368,1.0416666641831398,1122.0,1122.0,0.8162121772766113,0.6289721541106701,0.0,0.0,Windows 11,"AMD64 Family 25 Model 33 Stepping 2, AuthenticAMD",8,34265653248,NVIDIA GeForce RTX 5080,16303.0,,ppo,3DBall,1024,5.3e-05,81920,0.006108,0.198,0.91,4.0,linear,True,512,2,simple,,,5,100000,2048,12000
20251123-074550,20.89615631103516,20.89615631103516,1111.9910888671875,1111.9910888671875,0.0138458434181908,0.042288384400308,1.4122664777629346,1.3753198385238647,9.399999618530272,2.2913654525595977,10875.0,10593.151602503764,2267.333251953125,2267.333251953125,2.0,1.0331325322748668,1122.0,1122.0,1.321208953857422,0.6910470569708261,0.0,0.0,Windows 11,"AMD64 Family 25 Model 33 Stepping 2, AuthenticAMD",8,34265653248,NVIDIA GeForce RTX 5080,16303.0,,ppo,3DBall,4096,4.5e-05,327680,0.009503,0.227,0.941,5.0,constant,True,128,2,simple,,,5,2000000,256,12000
20251123-080433,1.4006249904632568,1.4006249904632568,82.00068664550781,82.00068664550781,0.0355015452951192,0.051488110795617,1.4151421636343002,1.4098914861679075,4.166666507720947,2.69166661798954,10276.6669921875,10243.500122070312,2267.333251953125,2267.333251953125,1.0,1.0,1122.0,1122.0,0.7511419653892517,0.5939074754714966,0.0,0.0,Windows 11,"AMD64 Family 25 Model 33 Stepping 2, AuthenticAMD",8,34265653248,NVIDIA GeForce RTX 5080,16303.0,,ppo,3DBall,512,5.6e-05,40960,0.004338,0.216,0.931,10.0,linear,False,512,2,simple,,,5,100000,256,12000
20251123-080605,4.142358303070068,4.142358303070068,130.87039184570312,130.87039184570312,0.0348896512931043,0.2661572356115688,1.3880626857280731,1.3661454916000366,6.849999904632568,2.794999986886978,10214.0,10201.941650390623,2267.333251953125,2267.333251953125,1.6666666269302368,1.0583333373069763,1122.0,1122.0,0.9347488880157472,0.6170068100094795,0.0,0.0,Windows 11,"AMD64 Family 25 Model 33 Stepping 2, AuthenticAMD",8,34265653248,NVIDIA GeForce RTX 5080,16303.0,,ppo,3DBall,512,0.000117,20480,0.001568,0.266,0.927,5.0,linear,False,128,2,simple,,,5,250000,128,12000
20251123-080832,89.19231414794922,89.19231414794922,1054.6353759765625,1054.6353759765625,0.0132587918390829,0.0199181653636817,1.3486602198646729,1.2500545978546145,7.0,2.587550200611712,10564.0,10429.292162791791,2267.333251953125,2267.333251953125,2.0,1.132530124431633,1122.0,1122.0,1.4016804695129397,0.7073709262781832,0.0,0.0,Windows 11,"AMD64 Family 25 Model 33 Stepping 2, AuthenticAMD",8,34265653248,NVIDIA GeForce RTX 5080,16303.0,,ppo,3DBall,4096,9.7e-05,163840,0.000549,0.243,0.919,5.0,constant,False,128,2,simple,,,5,2000000,64,12000
20251123-082617,100.00000762939452,100.00000762939452,1057.8616943359375,1057.8616943359375,0.0133641401771455,0.0152797118353191,1.3483505478824478,1.2446194887161257,7.099999904632568,2.6340361452964416,10577.0,10445.387542356928,2267.333251953125,2267.333251953125,2.0,1.1084337374532078,1122.0,1122.0,1.248686671257019,0.7123245641768697,0.0,0.0,Windows 11,"AMD64 Family 25 Model 33 Stepping 2, AuthenticAMD",8,34265653248,NVIDIA GeForce RTX 5080,16303.0,,ppo,3DBall,4096,9.7e-05,163840,0.000549,0.243,0.919,5.0,constant,False,128,2,simple,,,5,2000000,64,12000
20251123-084406,1.2241779565811155,1.28924298286438,234.1546325683593,283.9447937011719,0.0126449381932616,0.3060808777809143,1.4180200390699431,1.4161890745162964,5.333333492279053,2.242682925084742,10855.5,10485.776391006097,2267.333251953125,2267.333251953125,1.3333333730697632,0.9756097604588764,1123.0,1123.0,0.9711735844612122,0.6441719626508108,0.0,0.0,Windows 11,"AMD64 Family 25 Model 33 Stepping 2, AuthenticAMD",8,34265653248,NVIDIA GeForce RTX 5080,16303.0,,ppo,3DBall,4096,0.000167,327680,0.008415,0.171,0.944,8.0,linear,True,64,1,simple,,,5,500000,512,12000
20251123-084902,97.9833526611328,100.00001525878906,82.63623046875,1201.6624755859375,0.0339681092447724,0.0009703437690445,1.2578667258641807,1.1646170616149902,12.449999809265137,4.290963863033846,10337.5,10275.229915756778,2267.333251953125,2267.333251953125,3.0,1.1767068271895489,1123.0,1123.0,1.0826581716537476,0.6305586446121515,0.0,0.0,Windows 11,"AMD64 Family 25 Model 33 Stepping 2, AuthenticAMD",8,34265653248,NVIDIA GeForce RTX 5080,16303.0,,ppo,3DBall,512,8.9e-05,10240,0.001026,0.224,0.91,4.0,constant,True,512,3,simple,,,5,2000000,256,12000
20251123-090918,2.308522701263428,2.308522701263428,315.8010559082031,315.8010559082031,0.0245868806572009,0.2388010180244842,1.403965842433092,1.3863567113876345,7.300000190734863,2.7040650495668737,10291.0,10277.914634146342,2267.333251953125,2267.333251953125,9.5,1.158536589727169,1123.0,1123.0,0.8572914004325867,0.585638487484397,0.0,0.0,Windows 11,"AMD64 Family 25 Model 33 Stepping 2, AuthenticAMD",8,34265653248,NVIDIA GeForce RTX 5080,16303.0,,ppo,3DBall,1024,3.8e-05,20480,0.004852,0.225,0.903,8.0,constant,True,32,1,simple,,,5,500000,512,12000
20251123-091451,100.00000762939452,100.00000762939452,383.69134521484375,1248.7135009765625,0.0253586625525106,0.015938915366064,1.0364203076046634,0.7282139658927917,9.649999618530272,2.682931725519249,10473.5,10410.42571065512,2267.333251953125,2267.333251953125,10.0,1.202811245817736,1123.0,1123.0,1.3381482362747192,0.7216952823730837,0.0,0.0,Windows 11,"AMD64 Family 25 Model 33 Stepping 2, AuthenticAMD",8,34265653248,NVIDIA GeForce RTX 5080,16303.0,,ppo,3DBall,1024,0.000269,81920,0.002786,0.266,0.938,8.0,constant,True,256,1,simple,,,5,2000000,64,12000
20251123-093551,3.005802154541016,3.005802154541016,126.27559661865234,126.27559661865234,0.0235412925143133,0.5040083608844064,1.3879278600215912,1.3481165170669556,7.133333206176758,3.014999973773956,10297.0,10288.61669921875,2267.333251953125,2267.333251953125,2.0,1.1250000029802325,1123.0,1123.0,0.9022722840309144,0.6523959815502167,0.0,0.0,Windows 11,"AMD64 Family 25 Model 33 Stepping 2, AuthenticAMD",8,34265653248,NVIDIA GeForce RTX 5080,16303.0,,ppo,3DBall,1024,0.000234,20480,0.000485,0.192,0.947,5.0,constant,False,64,1,simple,,,5,250000,2048,12000
20251123-093813,2.379999876022339,2.5788991451263428,331.8650207519531,354.9872131347656,0.0177969117648899,0.0445340432537098,1.4032422536756934,1.3815488815307615,4.699999809265137,2.660162594260239,10346.0,10321.487757240851,2267.333251953125,2267.333251953125,1.6666666269302368,1.036585370214974,1124.0,1123.9878048780488,1.1687761545181274,0.6411823710290397,0.0,0.0,Windows 11,"AMD64 Family 25 Model 33 Stepping 2, AuthenticAMD",8,34265653248,NVIDIA GeForce RTX 5080,16303.0,,ppo,3DBall,2048,0.000195,40960,0.002754,0.108,0.937,10.0,linear,False,256,1,simple,,,5,500000,1024,12000
20251123-094419,100.00001525878906,100.00001525878906,239.80271911621097,336.53173828125,0.0243585665264854,0.035575719221252,1.3094000554666287,1.153720140457153,8.25,3.663414635309359,10305.5,10289.617925876524,2267.333251953125,2267.333251953125,2.0,1.2276422788457173,1124.0,1124.0,1.1560968160629272,0.6276218702153462,0.0,0.0,Windows 11,"AMD64 Family 25 Model 33 Stepping 2, AuthenticAMD",8,34265653248,NVIDIA GeForce RTX 5080,16303.0,,ppo,3DBall,1024,0.000127,20480,0.009522,0.233,0.902,10.0,constant,False,32,3,simple,,,5,500000,128,12000
20251123-095015,1.3066264390945437,1.3066264390945437,49.48832702636719,49.48832702636719,0.0346908736974,0.048195594921708,1.419694557785988,1.420388102531433,6.233333110809326,3.0666666328907013,10336.3330078125,10313.437377929688,2267.333251953125,2267.333251953125,12.0,2.33333333581686,1124.0,1124.0,0.8922291994094849,0.5930977687239647,0.0,0.0,Windows 11,"AMD64 Family 25 Model 33 Stepping 2, AuthenticAMD",8,34265653248,NVIDIA GeForce RTX 5080,16303.0,,ppo,3DBall,512,0.000238,40960,0.000772,0.195,0.91,4.0,constant,False,32,2,simple,,,5,100000,64,12000
20251123-095114,1.0538599491119385,1.144299030303955,23.397449493408203,36.55413436889648,,,1.4189382642507553,1.4189382791519165,3.033333301544189,2.11458332836628,10421.6669921875,10336.125,2267.333251953125,2267.333251953125,10.5,2.1875,1124.0,1124.0,1.0607454776763916,0.6371561475098133,0.0,0.0,Windows 11,"AMD64 Family 25 Model 33 Stepping 2, AuthenticAMD",8,34265653248,NVIDIA GeForce RTX 5080,16303.0,,ppo,3DBall,2048,0.000207,163840,0.009106,0.278,0.947,5.0,constant,False,64,1,simple,,,5,100000,128,12000
20251123-095200,1.1500937938690186,1.2505881786346436,94.7998504638672,121.9025650024414,0.0184591226279735,0.837711751461029,1.416463041305542,1.4111435413360596,4.766666889190674,2.1425000011920927,10589.5,10415.06669921875,2267.333251953125,2267.333251953125,1.0,0.983333334326744,1124.0,1124.0,0.9904581308364868,0.6491485297679901,0.0,0.0,Windows 11,"AMD64 Family 25 Model 33 Stepping 2, AuthenticAMD",8,34265653248,NVIDIA GeForce RTX 5080,16303.0,,ppo,3DBall,2048,0.000104,163840,0.00331,0.102,0.913,5.0,linear,True,128,1,simple,,,5,250000,128,12000
20251123-095415,100.00001525878906,100.00001525878906,447.6403198242187,848.4022216796875,0.0238519790533341,0.008963460872397,1.312209891985698,1.262695550918579,11.5,4.339056234043765,10354.3330078125,10318.864463714232,2267.333251953125,2267.333251953125,10.0,1.5060240972832024,1125.0,1124.9969879518071,1.4240765571594238,0.7269724420754307,0.0,0.0,Windows 11,"AMD64 Family 25 Model 33 Stepping 2, AuthenticAMD",8,34265653248,NVIDIA GeForce RTX 5080,16303.0,,ppo,3DBall,1024,0.000175,20480,0.006799,0.181,0.934,3.0,linear,False,64,2,simple,,,5,2000000,1024,12000
20251123-100835,100.00001525878906,100.00001525878906,179.4057159423828,477.9622192382813,0.0352503526955842,0.1279642404891394,1.2849768314016872,1.2139332294464111,8.899999618530273,3.409036114991429,10310.5,10294.19679499247,2267.333251953125,2267.333251953125,9.5,1.3373493983084896,1125.0,1125.0,1.27959942817688,0.6804720565497157,0.0,0.0,Windows 11,"AMD64 Family 25 Model 33 Stepping 2, AuthenticAMD",8,34265653248,NVIDIA GeForce RTX 5080,16303.0,,ppo,3DBall,512,0.000271,20480,0.003326,0.119,0.941,4.0,constant,False,512,1,simple,,,5,1000000,128,12000
20251123-101643,98.65001678466795,98.65001678466795,251.0892028808593,251.0892028808593,0.0174402171237901,0.1020873449742793,1.391651470486711,1.3646715879440308,8.800000190734863,2.877235761502894,10349.0,10329.894316882624,2267.333251953125,2267.333251953125,2.0,1.1382113869597272,1125.0,1125.0,1.0729777812957764,0.6706610049416379,0.0,0.0,Windows 11,"AMD64 Family 25 Model 33 Stepping 2, AuthenticAMD",8,34265653248,NVIDIA GeForce RTX 5080,16303.0,,ppo,3DBall,2048,0.000264,40960,0.008394,0.207,0.947,5.0,linear,True,64,2,simple,,,5,500000,256,12000
20251123-102113,3.4801528453826904,3.4801528453826904,365.7798767089844,365.7798767089844,0.0253640248750646,0.1738647731641928,1.3841412300016822,1.3546329736709597,8.566666603088379,2.715040643040727,10403.3330078125,10357.191072789634,2267.333251953125,2267.333251953125,10.5,1.2398374022507086,1125.0,1125.0,0.9413877129554749,0.6132631716204853,0.0,0.0,Windows 11,"AMD64 Family 25 Model 33 Stepping 2, AuthenticAMD",8,34265653248,NVIDIA GeForce RTX 5080,16303.0,,ppo,3DBall,1024,0.000245,81920,0.009053,0.152,0.928,10.0,linear,True,32,2,simple,,,5,500000,512,12000
20251123-102730,1.5298244953155518,1.6993006467819214,212.5507202148437,265.19940185546875,0.0191143639385699,0.0179581663881738,1.4137841986446846,1.4041409492492676,5.0,2.243089422947023,10628.6669921875,10484.528439405489,2267.333251953125,2267.333251953125,8.5,1.1626016279546223,1125.0,1125.0,0.9933029413223268,0.6531956152218145,0.0,0.0,Windows 11,"AMD64 Family 25 Model 33 Stepping 2, AuthenticAMD",8,34265653248,NVIDIA GeForce RTX 5080,16303.0,,ppo,3DBall,2048,9.4e-05,163840,0.004024,0.251,0.949,3.0,constant,False,512,2,simple,,,5,500000,256,12000
20251123-103207,1.267125964164734,1.267125964164734,46.35850143432617,46.35850143432617,0.0249202968552708,0.3581438846886158,1.4133026748895643,1.4102132320404053,4.300000190734863,2.450000002980232,10280.0,10270.020751953123,2267.333251953125,2267.333251953125,12.0,2.33333333581686,1125.0,1125.0,0.8171658515930176,0.5654622241854668,0.0,0.0,Windows 11,"AMD64 Family 25 Model 33 Stepping 2, AuthenticAMD",8,34265653248,NVIDIA GeForce RTX 5080,16303.0,,ppo,3DBall,1024,0.000213,20480,0.009115,0.245,0.95,3.0,linear,False,512,1,simple,,,5,100000,2048,12000
20251123-103303,1.206923007965088,1.2330738306045532,56.65924453735352,93.9986572265625,,,1.4189382672309876,1.418938159942627,5.633333206176758,2.200833320617676,10745.6669921875,10506.7,2267.333251953125,2267.333251953125,1.3333333730697632,1.0000000029802325,1126.0,1126.0,0.8870349526405334,0.6551406055688858,0.0,0.0,Windows 11,"AMD64 Family 25 Model 33 Stepping 2, AuthenticAMD",8,34265653248,NVIDIA GeForce RTX 5080,16303.0,,ppo,3DBall,4096,0.000264,327680,0.001425,0.202,0.921,8.0,linear,False,512,2,simple,,,5,250000,128,12000
20251123-103450,3.8008198738098153,3.8008198738098153,588.4454345703125,588.4454345703125,0.0151667601118484,0.0788121409714221,1.403521010674626,1.360550045967102,6.366666793823242,2.2036144539534326,11011.0,10673.12456466491,2267.333251953125,2267.333251953125,10.0,1.1305220902684223,1126.0,1126.0,1.0864232778549194,0.6551597692880285,0.0,0.0,Windows 11,"AMD64 Family 25 Model 33 Stepping 2, AuthenticAMD",8,34265653248,NVIDIA GeForce RTX 5080,16303.0,,ppo,3DBall,4096,9.1e-05,327680,0.009995,0.182,0.911,5.0,constant,True,256,2,simple,,,5,1000000,1024,12000
20251123-104448,1.6606895923614502,1.725176453590393,129.7535400390625,152.01510620117188,0.0248200166970491,0.0824017282575368,1.410353571176529,1.3986605405807495,6.166666507720947,2.697499966621399,10456.0,10392.925,2267.333251953125,2267.333251953125,1.5,1.0250000059604645,1126.0,1126.0,1.0446654558181765,0.7126579627394676,0.0,0.0,Windows 11,"AMD64 Family 25 Model 33 Stepping 2, AuthenticAMD",8,34265653248,NVIDIA GeForce RTX 5080,16303.0,,ppo,3DBall,1024,0.000243,81920,0.009042,0.215,0.944,8.0,linear,False,256,3,simple,,,5,250000,2048,12000
20251123-104802,100.00001525878906,100.00001525878906,282.0041809082031,867.7722778320312,0.0251119825212905,0.0238472142355021,1.2521568479308165,1.1582515239715576,9.800000190734863,3.9269076284155786,10571.0,10434.070300734187,2267.333251953125,2267.333251953125,2.0,1.452811245458672,1126.0,1126.0,1.330510139465332,0.7583576810647206,0.0,0.0,Windows 11,"AMD64 Family 25 Model 33 Stepping 2, AuthenticAMD",8,34265653248,NVIDIA GeForce RTX 5080,16303.0,,ppo,3DBall,1024,0.000142,81920,0.003126,0.281,0.924,3.0,constant,True,32,3,simple,,,5,2000000,2048,12000
20251123-110241,1.5589799880981443,1.5802221298217771,129.76136779785156,138.89918518066406,0.0176037922501563,0.0478370590135455,1.4123668670654297,1.407169222831726,6.449999809265137,2.8049999833107,10428.0,10366.099951171876,2267.333251953125,2267.333251953125,1.3333333730697632,1.0166666686534882,1126.0,1126.0,0.9168907999992372,0.6711430147290229,0.0,0.0,Windows 11,"AMD64 Family 25 Model 33 Stepping 2, AuthenticAMD",8,34265653248,NVIDIA GeForce RTX 5080,16303.0,,ppo,3DBall,2048,0.000278,81920,0.006144,0.264,0.907,8.0,constant,True,32,2,simple,,,5,250000,2048,12000
20251123-110536,100.00001525878906,100.00001525878906,355.0782470703125,1363.5137939453125,0.0133887301587188,0.0480187464660654,1.3070855600288116,1.188745617866516,19.850000381469727,3.2513052189206504,12782.0,10676.037138789534,2267.333251953125,2267.333251953125,16.0,2.0722891573446343,1175.0,1130.870481927711,1.228791356086731,0.7664073553070965,0.0,0.0,Windows 11,"AMD64 Family 25 Model 33 Stepping 2, AuthenticAMD",8,34265653248,NVIDIA GeForce RTX 5080,16303.0,,ppo,3DBall,4096,7.9e-05,81920,0.007207,0.288,0.901,8.0,constant,True,256,3,simple,,,5,2000000,256,12000
20251123-112831,100.00001525878906,100.00001525878906,143.5912322998047,297.6913452148437,0.0349438660980566,0.1031922434416153,1.3860791805313857,1.3677880764007568,9.199999809265137,5.167479657545322,13242.5,12490.878072599084,2267.333251953125,2267.333251953125,26.5,16.14634145178446,1160.0,1159.0487804878048,1.0851783752441406,0.6837961382982207,0.0,0.0,Windows 11,"AMD64 Family 25 Model 33 Stepping 2, AuthenticAMD",8,34265653248,NVIDIA GeForce RTX 5080,16303.0,,ppo,3DBall,512,6.8e-05,20480,0.008063,0.17,0.937,4.0,constant,True,512,2,simple,,,5,500000,1024,12000
20251123-113347,100.00001525878906,100.00001525878906,1316.5302734375,1552.696533203125,0.0184405849625666,0.0073577238144934,1.353794282459351,1.310735821723938,20.39999961853028,4.097791159009359,14204.3330078125,13261.330313441264,2267.333251953125,2267.333251953125,25.33333396911621,18.339357462274023,1160.0,1159.7409638554218,1.1749253273010254,0.6645379132894148,0.0,0.0,Windows 11,"AMD64 Family 25 Model 33 Stepping 2, AuthenticAMD",8,34265653248,NVIDIA GeForce RTX 5080,16303.0,,ppo,3DBall,2048,7.5e-05,163840,0.003323,0.184,0.949,5.0,linear,False,512,3,simple,,,5,2000000,2048,12000
20251123-115952,28.475557327270508,28.475557327270508,1326.230712890625,1326.230712890625,0.0148468709861238,0.0147621679740647,1.3743988627410797,1.2923500537872314,8.266666412353516,3.31506024031754,16300.0,14150.37650014119,2267.333251953125,2267.333251953125,32.0,14.226907641054636,2758.0,1549.3172703019109,1.0051236152648926,0.6262299831373146,0.0,0.0,Windows 11,"AMD64 Family 25 Model 33 Stepping 2, AuthenticAMD",8,34265653248,NVIDIA GeForce RTX 5080,16303.0,,ppo,3DBall,4096,6.8e-05,327680,0.001919,0.282,0.906,5.0,constant,False,256,2,simple,,,5,2000000,64,12000
20251123-122212,1.5477973222732544,1.6179137229919434,142.65809631347656,174.22817993164062,0.0245387703180312,0.0637742299586534,1.4166206657886504,1.4120241403579712,8.899999618530273,6.094166684150696,15640.3330078125,15442.491650390624,2267.333251953125,2267.333251953125,24.0,15.133333468437195,2740.0,2725.933349609375,0.7357311248779297,0.5248874865472317,0.0,0.0,Windows 11,"AMD64 Family 25 Model 33 Stepping 2, AuthenticAMD",8,34265653248,NVIDIA GeForce RTX 5080,16303.0,,ppo,3DBall,1024,0.000244,81920,0.003426,0.26,0.904,5.0,linear,True,128,3,simple,,,5,250000,128,12000
20251123-122542,1.1757575273513794,1.318548321723938,370.7799377441406,447.7095031738281,0.0126350428909063,0.044962853193283,1.4177420139312744,1.415355920791626,8.233333587646484,6.154878081344977,15860.6669921875,15511.756073742376,2267.333251953125,2267.333251953125,24.5,15.085365900179236,2723.5,2721.512195121951,0.821904718875885,0.5109392833418962,0.0,0.0,Windows 11,"AMD64 Family 25 Model 33 Stepping 2, AuthenticAMD",8,34265653248,NVIDIA GeForce RTX 5080,16303.0,,ppo,3DBall,4096,6.2e-05,327680,0.006119,0.121,0.921,10.0,linear,True,256,2,simple,,,5,500000,1024,12000
20251123-123324,1.0388591289520264,1.071609377861023,26.15562438964844,61.64538192749024,0.0183415059000253,0.3720697462558746,1.4185679405927658,1.416416049003601,9.233333587646484,7.504166781902313,15417.5,15362.645874023438,2267.333251953125,2267.333251953125,19.66666603088379,13.74999988079071,2724.0,2723.125,0.6796106696128845,0.5450986698269844,0.0,0.0,Windows 11,"AMD64 Family 25 Model 33 Stepping 2, AuthenticAMD",8,34265653248,NVIDIA GeForce RTX 5080,16303.0,,ppo,3DBall,2048,0.000239,81920,0.002372,0.158,0.936,3.0,constant,False,128,1,simple,,,5,100000,2048,12000
20251123-123438,100.00001525878906,100.00001525878906,522.1708984375,677.6116943359375,0.017987102891008,0.0080728839911898,1.3362983407744442,1.2680758237838743,10.649999618530272,7.130522096013448,15521.5,15432.479915756778,2267.333251953125,2267.333251953125,26.5,14.570281120667977,2732.0,2729.0321294945406,1.0011348724365234,0.5885280015238796,0.0,0.0,Windows 11,"AMD64 Family 25 Model 33 Stepping 2, AuthenticAMD",8,34265653248,NVIDIA GeForce RTX 5080,16303.0,,ppo,3DBall,2048,0.000293,81920,0.001004,0.162,0.911,4.0,linear,True,256,2,simple,,,5,1000000,1024,12000
20251123-124607,1.2537254095077517,1.2731224298477173,15.011900901794434,92.0333480834961,0.018408827483654,0.0621793027967213,1.420175552368164,1.4232996702194214,7.699999809265137,6.670833349227905,15400.3330078125,15379.104125976562,2267.333251953125,2267.333251953125,18.0,12.208333194255829,2732.0,2731.6875,0.5639611482620239,0.4652545712888241,0.0,0.0,Windows 11,"AMD64 Family 25 Model 33 Stepping 2, AuthenticAMD",8,34265653248,NVIDIA GeForce RTX 5080,16303.0,,ppo,3DBall,2048,0.000131,40960,0.004851,0.128,0.922,10.0,constant,True,64,3,simple,,,5,100000,64,12000
20251123-124750,10.44040584564209,11.269001960754396,162.64761352539062,168.22149658203125,0.0257665906101464,0.3596583217382431,1.4134291052818295,1.4045599699020386,9.350000381469728,6.849166703224182,15540.5,15428.7583984375,2267.333251953125,2267.333251953125,28.5,15.15833339691162,2734.0,2732.775,0.7098959684371948,0.5017182968556881,0.0,0.0,Windows 11,"AMD64 Family 25 Model 33 Stepping 2, AuthenticAMD",8,34265653248,NVIDIA GeForce RTX 5080,16303.0,,ppo,3DBall,1024,0.000148,40960,0.007612,0.277,0.948,3.0,linear,True,512,2,simple,,,5,250000,128,12000
20251123-125102,77.2400131225586,77.2400131225586,445.3951416015625,445.3951416015625,0.0346630319226078,0.0119199301854411,1.3469887332218449,1.3087977170944214,18.350000381469727,6.195934929498812,15944.5,14654.06504858994,2267.333251953125,2267.333251953125,21.0,10.752032512571754,3111.0,2163.6666646817835,0.8847758173942566,0.5185263752937317,0.0,0.0,Windows 11,"AMD64 Family 25 Model 33 Stepping 2, AuthenticAMD",8,34265653248,NVIDIA GeForce RTX 5080,16303.0,,ppo,3DBall,512,7.1e-05,10240,0.005653,0.262,0.936,10.0,linear,False,64,3,simple,,,5,500000,1024,12000
20251123-125845,1.0728260278701782,1.1451311111450195,26.14122009277344,50.57607269287109,,,1.4189382642507553,1.4189382791519165,11.850000381469728,4.947916746139526,15777.0,15741.3125,2267.333251953125,2267.333251953125,15.5,12.458333253860474,3060.0,3045.2083435058594,0.5877086520195007,0.5438482463359833,0.0,0.0,Windows 11,"AMD64 Family 25 Model 33 Stepping 2, AuthenticAMD",8,34265653248,NVIDIA GeForce RTX 5080,16303.0,,ppo,3DBall,4096,0.000149,327680,0.005933,0.102,0.92,3.0,constant,False,128,2,simple,,,5,100000,512,12000
20251123-125948,1.1824761629104614,1.1973230838775637,33.32272720336914,68.59823608398438,0.0113322120159864,0.2686325013637543,1.4189039915800097,1.418704867362976,7.266666889190674,4.91458335518837,15803.0,15660.770751953123,2267.333251953125,2267.333251953125,15.5,13.479166626930237,3033.666748046875,3030.7083435058594,0.6637758016586304,0.5133126229047775,0.0,0.0,Windows 11,"AMD64 Family 25 Model 33 Stepping 2, AuthenticAMD",8,34265653248,NVIDIA GeForce RTX 5080,16303.0,,ppo,3DBall,4096,0.000211,81920,0.002375,0.164,0.912,4.0,linear,False,32,3,simple,,,5,100000,2048,12000
20251123-130109,2.833660125732422,2.833660125732422,1314.338134765625,1314.338134765625,0.0127700444621344,0.0400078631937503,1.407021440655352,1.375001311302185,41.5,6.279116491237319,16374.3330078125,15782.762054075678,2267.333251953125,2267.333251953125,26.0,14.786144561078174,3163.333251953125,2839.43071921475,1.0523008108139038,0.520677387893918,0.0,0.0,Windows 11,"AMD64 Family 25 Model 33 Stepping 2, AuthenticAMD",8,34265653248,NVIDIA GeForce RTX 5080,16303.0,,ppo,3DBall,4096,5.2e-05,327680,0.002483,0.239,0.931,3.0,constant,False,128,2,simple,,,5,2000000,512,12000
20251123-132316,100.00001525878906,100.00001525878906,275.593017578125,329.28497314453125,0.0239122781254674,0.0475345239974557,1.4045693787132822,1.3691388368606567,11.949999809265137,6.0455284234954085,15778.0,15673.321146150916,2267.333251953125,2267.333251953125,20.5,14.22357719700511,3121.333251953125,3099.9227562881097,0.7562722563743591,0.5054364029954119,0.0,0.0,Windows 11,"AMD64 Family 25 Model 33 Stepping 2, AuthenticAMD",8,34265653248,NVIDIA GeForce RTX 5080,16303.0,,ppo,3DBall,1024,0.000177,20480,0.008029,0.204,0.917,4.0,constant,True,128,1,simple,,,5,500000,1024,12000
20251123-132903,1.1723484992980957,1.211560606956482,68.97024536132812,74.98937225341797,0.0124750854447484,0.0692143440246582,1.4179981350898745,1.412536382675171,9.666666984558104,7.749999940395355,16007.6669921875,15598.375,2267.333251953125,2267.333251953125,26.66666603088379,16.666666388511658,3092.0,3074.8333435058594,0.6716764569282532,0.5080783292651176,0.0,0.0,Windows 11,"AMD64 Family 25 Model 33 Stepping 2, AuthenticAMD",8,34265653248,NVIDIA GeForce RTX 5080,16303.0,,ppo,3DBall,4096,0.000173,81920,0.001558,0.291,0.916,5.0,constant,False,64,2,simple,,,5,100000,128,12000
20251123-133031,95.60834503173828,100.00001525878906,308.4738464355469,840.5939331054688,0.024914104801913,0.0060014259982684,1.3037268569670528,1.261724829673767,15.800000190734863,6.903413674917566,15894.5,15649.51403661521,2267.333251953125,2267.333251953125,23.0,15.287148613527595,3091.0,2987.2911626976656,1.0344210863113403,0.5833582450826484,0.0,0.0,Windows 11,"AMD64 Family 25 Model 33 Stepping 2, AuthenticAMD",8,34265653248,NVIDIA GeForce RTX 5080,16303.0,,ppo,3DBall,1024,0.00012,40960,0.000243,0.225,0.9,8.0,linear,True,128,2,simple,,,5,1000000,512,12000
20251123-134446,2.871523141860962,2.871523141860962,77.35227966308594,77.35227966308594,0.0339270015247165,0.0392847273033112,1.414366975426674,1.4102649688720703,7.599999904632568,3.5270833373069763,11757.3330078125,11722.083251953123,2267.333251953125,2267.333251953125,1.6666666269302368,1.2083333283662796,1173.0,1173.0,0.706108570098877,0.5209708660840988,0.0,0.0,Windows 11,"AMD64 Family 25 Model 33 Stepping 2, AuthenticAMD",8,34265653248,NVIDIA GeForce RTX 5080,16303.0,,ppo,3DBall,512,6.1e-05,10240,0.000866,0.111,0.948,10.0,linear,True,128,3,simple,,,5,100000,512,12000
20251123-134613,1.5829976797103882,1.5829976797103882,52.765663146972656,52.765663146972656,0.0240301229059695,0.2288790978491305,1.4163576513528824,1.4144800901412964,3.866666555404663,2.5854166746139526,11766.3330078125,11733.104125976562,2267.333251953125,2267.333251953125,2.0,1.3333333432674408,1173.0,1173.0,0.9622328281402588,0.6265495382249355,0.0,0.0,Windows 11,"AMD64 Family 25 Model 33 Stepping 2, AuthenticAMD",8,34265653248,NVIDIA GeForce RTX 5080,16303.0,,ppo,3DBall,1024,0.00027,20480,0.009294,0.219,0.91,5.0,linear,True,256,1,simple,,,5,100000,2048,12000
20251123-134716,2.055643081665039,2.226038694381714,162.2184600830078,170.82508850097656,0.0247718553990125,0.166457575559616,1.407706606388092,1.3953146934509275,5.300000190734863,2.720833325386048,11809.0,11767.350048828124,2267.333251953125,2267.333251953125,2.0,1.458333331346512,1173.0,1173.0,1.1852606534957886,0.700194527208805,0.0,0.0,Windows 11,"AMD64 Family 25 Model 33 Stepping 2, AuthenticAMD",8,34265653248,NVIDIA GeForce RTX 5080,16303.0,,ppo,3DBall,1024,7.7e-05,40960,0.008996,0.268,0.947,10.0,linear,False,128,3,simple,,,5,250000,2048,12000
20251123-135035,100.00001525878906,100.00001525878906,120.0655517578125,667.896484375,0.0245268851673851,0.0481454995145516,1.3412107990448734,1.3175978660583496,11.25,4.762449795941272,12943.0,12007.030108716115,2267.333251953125,2267.333251953125,13.0,1.7349397590361446,1173.0,1170.421686746988,1.0301997661590576,0.6533800686698362,0.0,0.0,Windows 11,"AMD64 Family 25 Model 33 Stepping 2, AuthenticAMD",8,34265653248,NVIDIA GeForce RTX 5080,16303.0,,ppo,3DBall,1024,0.000147,20480,0.007704,0.297,0.945,5.0,linear,False,512,3,simple,,,5,1000000,128,12000
20251123-140153,1.6083520650863647,1.6083520650863647,53.56230163574219,53.56230163574219,0.0346001302823423,0.1045399485155939,1.4189433157444,1.4228013753890991,4.233333110809326,3.0229166448116302,11768.3330078125,11702.124877929688,2267.333251953125,2267.333251953125,1.6666666269302368,1.3541666567325592,1156.0,1156.0,0.8152421116828918,0.6690435260534286,0.0,0.0,Windows 11,"AMD64 Family 25 Model 33 Stepping 2, AuthenticAMD",8,34265653248,NVIDIA GeForce RTX 5080,16303.0,,ppo,3DBall,512,0.000114,20480,0.001403,0.157,0.932,5.0,constant,True,256,1,simple,,,5,100000,128,12000
20251123-140305,2.4117300510406494,2.52175235748291,215.20147705078125,299.4990539550781,0.0149038831392923,0.1099158351620038,1.3982738198303597,1.3699939250946045,6.300000190734863,3.4845528544449227,12058.6669921875,11910.276414824695,2267.333251953125,2267.333251953125,2.0,1.1626016352234818,1156.0,1156.0,0.9464389085769652,0.612812034967469,0.0,0.0,Windows 11,"AMD64 Family 25 Model 33 Stepping 2, AuthenticAMD",8,34265653248,NVIDIA GeForce RTX 5080,16303.0,,ppo,3DBall,4096,0.000293,163840,0.00432,0.195,0.931,3.0,constant,True,512,3,simple,,,5,500000,128,12000
20251123-140826,1.356646180152893,1.4018748998641968,123.71388244628906,141.9085235595703,0.0133590288460254,0.0499608730897307,1.4133147895336151,1.4085161685943604,7.5,3.991666650772095,11809.3330078125,11730.575,2267.333251953125,2267.333251953125,2.0,1.2583333373069765,1156.0,1156.0,1.035750389099121,0.6489365488290787,0.0,0.0,Windows 11,"AMD64 Family 25 Model 33 Stepping 2, AuthenticAMD",8,34265653248,NVIDIA GeForce RTX 5080,16303.0,,ppo,3DBall,4096,0.000105,81920,0.000884,0.201,0.906,8.0,constant,True,128,2,simple,,,5,250000,64,12000
20251123-141126,1.2578740119934082,1.2578740119934082,82.54561614990234,82.54561614990234,0.0166351571679115,0.0404992811381816,1.4188345223665235,1.4182336330413818,5.900000095367432,3.9166666865348816,11877.3330078125,11717.979125976562,2267.333251953125,2267.333251953125,1.6666666269302368,1.2291666716337204,1155.0,1155.0,0.7705037593841553,0.5526280216872692,0.0,0.0,Windows 11,"AMD64 Family 25 Model 33 Stepping 2, AuthenticAMD",8,34265653248,NVIDIA GeForce RTX 5080,16303.0,,ppo,3DBall,2048,0.000139,81920,0.0077,0.124,0.911,10.0,constant,True,512,2,simple,,,5,100000,2048,12000
20251123-141259,100.00001525878906,100.00001525878906,156.43466186523438,347.0381774902344,0.0351637031721031,0.0319145012538722,1.25457738957754,1.104778528213501,8.649999618530273,5.071951243935562,11800.5,11730.048756669208,2267.333251953125,2267.333251953125,2.0,1.5528455333011906,1155.0,1155.0,1.274593949317932,0.694322943323996,0.0,0.0,Windows 11,"AMD64 Family 25 Model 33 Stepping 2, AuthenticAMD",8,34265653248,NVIDIA GeForce RTX 5080,16303.0,,ppo,3DBall,512,0.000254,20480,0.005893,0.208,0.936,10.0,linear,True,128,1,simple,,,5,500000,2048,12000
20251123-141905,7.446100234985352,7.446100234985352,511.6744689941406,511.6744689941406,0.0247780843637883,0.4618984783689181,1.4131614357592113,1.4059162139892578,9.699999809265137,3.7819276976298135,11971.5,11845.578325018823,2267.333251953125,2267.333251953125,2.0,1.4076305218489773,1155.0,1155.0,1.0728245973587036,0.6454563402985952,0.0,0.0,Windows 11,"AMD64 Family 25 Model 33 Stepping 2, AuthenticAMD",8,34265653248,NVIDIA GeForce RTX 5080,16303.0,,ppo,3DBall,1024,1.5e-05,81920,0.004117,0.129,0.937,4.0,constant,True,64,2,simple,,,5,1000000,1024,12000
20251123-142747,85.75715637207031,100.00001525878906,380.9423828125,945.50732421875,0.0349865622119977,0.5275803542075058,1.2368666838450604,1.1230748891830444,32.0,5.6286144644381055,14486.0,12367.78112645896,2267.333251953125,2267.333251953125,23.0,2.3343373476022697,1239.5,1173.0301204819275,1.2902382612228394,0.700539862535086,0.0,0.0,Windows 11,"AMD64 Family 25 Model 33 Stepping 2, AuthenticAMD",8,34265653248,NVIDIA GeForce RTX 5080,16303.0,,ppo,3DBall,512,0.000105,20480,0.001738,0.161,0.93,4.0,constant,False,128,1,simple,,,5,2000000,512,12000
20251123-144344,1.4458597898483276,1.4458597898483276,79.33354949951172,79.33354949951172,0.0181497987359762,0.1124325096607208,1.4182335138320925,1.414145588874817,7.0,5.370833337306976,14650.3330078125,14532.72900390625,2267.333251953125,2267.333251953125,15.0,11.520833313465118,1280.5,1242.0208282470703,0.6853547096252441,0.4764445200562477,0.0,0.0,Windows 11,"AMD64 Family 25 Model 33 Stepping 2, AuthenticAMD",8,34265653248,NVIDIA GeForce RTX 5080,16303.0,,ppo,3DBall,2048,6.9e-05,81920,0.007142,0.236,0.942,10.0,constant,True,128,3,simple,,,5,100000,64,12000
20251123-144513,1.1547842025756836,1.214065432548523,319.31231689453125,348.15789794921875,0.012538556009531,0.1350895911455154,1.4132882385719112,1.402022123336792,8.649999618530273,4.657317056888488,15238.6669921875,14761.069121570124,2267.333251953125,2267.333251953125,22.66666603088379,11.926829256662508,1236.3333740234375,1227.6747987328506,1.0120114088058472,0.6413828527055135,0.0,0.0,Windows 11,"AMD64 Family 25 Model 33 Stepping 2, AuthenticAMD",8,34265653248,NVIDIA GeForce RTX 5080,16303.0,,ppo,3DBall,4096,9.8e-05,327680,0.005261,0.178,0.932,10.0,constant,False,512,1,simple,,,5,500000,64,12000
20251123-145114,1.115498185157776,1.115498185157776,128.10006713867188,128.10006713867188,0.0124169550836086,1.325623869895935,1.4198844969272613,1.4219224452972412,8.466666221618652,5.648333346843719,14553.6669921875,14376.025146484377,2267.333251953125,2267.333251953125,17.66666603088379,12.16666660308838,1212.5,1211.075,0.810139536857605,0.5307781651616097,0.0,0.0,Windows 11,"AMD64 Family 25 Model 33 Stepping 2, AuthenticAMD",8,34265653248,NVIDIA GeForce RTX 5080,16303.0,,ppo,3DBall,4096,6.5e-05,163840,0.006557,0.141,0.944,4.0,constant,False,64,1,simple,,,5,250000,64,12000
20251123-145335,1.4596153497695925,1.514596939086914,104.05648040771484,130.05889892578125,0.0164743373170494,0.0934748128056525,1.4161574780941009,1.4131394624710083,8.933333396911621,5.734166657924652,14398.6669921875,14301.35,2267.333251953125,2267.333251953125,15.0,11.941666650772095,1211.0,1211.0,0.9517217874526978,0.5027291536331177,0.0,0.0,Windows 11,"AMD64 Family 25 Model 33 Stepping 2, AuthenticAMD",8,34265653248,NVIDIA GeForce RTX 5080,16303.0,,ppo,3DBall,2048,0.000227,81920,0.007029,0.174,0.946,3.0,linear,False,256,3,simple,,,5,250000,128,12000
20251123-145612,100.00001525878906,100.00001525878906,581.49951171875,1482.7427978515625,0.0250029459130018,0.0094317651385343,1.1619965333536446,0.9617605805397034,9.550000190734863,4.53242972959955,15290.5,14980.456831231177,2267.333251953125,2267.333251953125,24.66666603088379,5.205823295805828,1479.0,1352.2881521201996,1.0910934209823608,0.6898505556655218,0.0,0.0,Windows 11,"AMD64 Family 25 Model 33 Stepping 2, AuthenticAMD",8,34265653248,NVIDIA GeForce RTX 5080,16303.0,,ppo,3DBall,1024,0.00028,81920,0.000646,0.245,0.903,10.0,linear,False,512,1,simple,,,5,2000000,128,12000
20251123-152106,76.56251525878906,98.20001220703124,485.770751953125,924.8191528320312,0.017272730222127,0.686774943334361,1.3139649169990817,1.2727484703063965,18.600000381469727,6.167168664645,15453.0,15190.559240869728,2267.333251953125,2267.333251953125,19.33333396911621,7.696787142430443,1465.0,1429.4889548428089,1.1028318405151367,0.6658467621688383,0.0,0.0,Windows 11,"AMD64 Family 25 Model 33 Stepping 2, AuthenticAMD",8,34265653248,NVIDIA GeForce RTX 5080,16303.0,,ppo,3DBall,2048,0.000278,40960,0.002016,0.281,0.906,3.0,linear,False,512,1,simple,,,5,2000000,1024,12000
20251123-153643,100.00000762939452,100.00000762939452,246.0155334472656,676.4803466796875,0.0177676836416745,0.0184129068196246,1.2339550400354775,1.118034601211548,12.100000381469728,5.152008029351752,16468.5,15600.538133000751,2267.333251953125,2267.333251953125,23.5,6.162650616054076,1465.0,1428.0883539038969,1.1307200193405151,0.6486574565789786,0.0,0.0,Windows 11,"AMD64 Family 25 Model 33 Stepping 2, AuthenticAMD",8,34265653248,NVIDIA GeForce RTX 5080,16303.0,,ppo,3DBall,2048,0.000281,40960,0.00094,0.151,0.943,8.0,linear,True,128,2,simple,,,5,1000000,64,12000
20251123-154810,1.1793168783187866,1.2520548105239868,24.841636657714844,119.5120620727539,0.0245543234050273,0.3486044257879257,1.4159596264362335,1.4136351346969604,7.050000190734863,4.200833308696747,16276.3330078125,16186.34169921875,2267.333251953125,2267.333251953125,4.666666507720947,2.524999976158142,1432.3333740234375,1404.5999938964844,0.8645498156547546,0.6219476789236069,0.0,0.0,Windows 11,"AMD64 Family 25 Model 33 Stepping 2, AuthenticAMD",8,34265653248,NVIDIA GeForce RTX 5080,16303.0,,ppo,3DBall,1024,4.8e-05,81920,0.002106,0.176,0.935,4.0,linear,False,32,2,simple,,,5,250000,1024,12000
20251123-155035,1.1837786436080933,1.2326213121414185,34.526832580566406,56.31257247924805,0.0350706204771995,0.5068382024765015,1.416294738650322,1.4142247438430786,6.933333396911621,4.864583402872086,16191.5,16122.270874023438,2267.333251953125,2267.333251953125,4.333333492279053,3.1666666865348816,1423.0,1403.9375,0.6223188638687134,0.4994412772357464,0.0,0.0,Windows 11,"AMD64 Family 25 Model 33 Stepping 2, AuthenticAMD",8,34265653248,NVIDIA GeForce RTX 5080,16303.0,,ppo,3DBall,512,0.000118,40960,0.005849,0.238,0.924,5.0,linear,True,32,1,simple,,,5,100000,256,12000
20251123-155141,100.00001525878906,100.00001525878906,1158.2825927734375,1310.7974853515625,0.0177465924837936,0.0653126433317083,1.3279084433992223,1.1977589130401611,17.149999618530273,5.788253005728664,18381.5,16100.359469126506,2267.333251953125,2267.333251953125,24.5,6.918674687305129,2241.0,1697.485942794616,1.0620030164718628,0.6549379078738661,0.0,0.0,Windows 11,"AMD64 Family 25 Model 33 Stepping 2, AuthenticAMD",8,34265653248,NVIDIA GeForce RTX 5080,16303.0,,ppo,3DBall,2048,6.2e-05,81920,0.008313,0.299,0.921,8.0,constant,False,64,1,simple,,,5,2000000,1024,12000
20251123-013820,100.00001525878906,100.00001525878906,35498.84375,35765.7265625,0.035430361671994,0.1643568081005166,1.3592592966125672,1.3199009895324707,63.79999923706055,27.10602404123329,3834.5,3449.87349103445,2536.0,2536.0,-1.0,-1.0,-1.0,-1.0,5.99347448348999,3.650996283515839,186.96875,77.71159008899367,macOS,Apple M2,8,8589934592,Chipset Model: Apple M2,,,ppo,3DBall,512,9.6e-05,40960,0.002301,0.12,0.915,3.0,linear,False,512,2,simple,,,5,1000000,256,12000
20251122-230332,2.045931577682495,2.045931577682495,380.6304016113281,380.6304016113281,0.0176674841592708,0.2066072694336374,1.4151162141706886,1.4059944152832031,21.100000381469727,18.49390239250369,3793.333251953125,3744.3536764005335,2536.0,2536.0,-1.0,-1.0,-1.0,-1.0,4.646341800689697,4.116384744644165,262.71875,234.715224847561,macOS,Apple M2,8,8589934592,Chipset Model: Apple M2,,,ppo,3DBall,2048,0.000141,40960,0.001301,0.265,0.947,3.0,constant,False,128,1,simple,,,5,500000,128,12000
20251123-172309,100.00001525878906,100.00001525878906,197.43797302246097,788.8233032226562,0.0358915356072511,0.1697841185060414,1.3542766629195797,1.324031114578247,55.59999847412109,20.46463426729528,3771.5,3699.8902379477895,2536.0,2536.0,-1.0,-1.0,-1.0,-1.0,4.946817398071289,4.065484568113234,232.6125030517578,177.73755068895292,macOS,Apple M2,8,8589934592,Chipset Model: Apple M2,,,ppo,3DBall,512,6e-05,40960,0.001764,0.295,0.947,10.0,linear,True,256,3,simple,,,5,500000,128,12000
20251123-202607,1.447245717048645,1.50585675239563,175.0850830078125,253.1526641845703,0.0129134659655391,0.0898976698517799,1.4109867215156555,1.40217387676239,35.79999923706055,22.544999885559083,3889.666748046875,3811.983312988281,2536.0,2536.0,-1.0,-1.0,-1.0,-1.0,4.241591453552246,3.4745118737220766,229.1999969482422,177.7784381866455,macOS,Apple M2,8,8589934592,Chipset Model: Apple M2,,,ppo,3DBall,4096,0.000196,81920,0.001182,0.208,0.93,10.0,constant,False,512,1,simple,,,5,250000,64,12000
20251122-235848,3.3681480884552,3.624513626098633,3607.89892578125,4814.58544921875,0.0171964381200571,0.0441397068401177,1.4167026209543987,1.4093890190124512,46.150001525878906,19.028714880885847,3875.333251953125,3655.9236898766944,2536.0,2536.0,-1.0,-1.0,-1.0,-1.0,4.67958927154541,3.7596458397715926,225.34375,181.25177921157285,macOS,Apple M2,8,8589934592,Chipset Model: Apple M2,,,ppo,3DBall,2048,2.4e-05,40960,0.003483,0.137,0.901,10.0,linear,True,64,3,simple,,,5,1000000,64,12000
20251123-173642,78.67143249511719,100.00000762939452,746.5753784179688,2762.6015625,0.0342384358666028,0.0066309957901028,1.2007331539349384,1.0555782318115234,64.19999694824219,19.67791163203228,3688.333251953125,3492.221888530685,2536.0,2536.0,-1.0,-1.0,-1.0,-1.0,3.7161707878112793,2.4728371170629937,186.03125,130.42911460600703,macOS,Apple M2,8,8589934592,Chipset Model: Apple M2,,,ppo,3DBall,512,5.2e-05,10240,0.002943,0.27,0.942,10.0,constant,False,256,1,simple,,,5,2000000,64,12000
20251123-122642,100.00001525878906,100.00001525878906,66.186279296875,191.1182098388672,0.0349382886663078,0.0853635004954412,1.2766832292079926,1.1675819158554075,33.900001525878906,22.83166675567627,3872.5,3845.95,2536.0,2536.0,-1.0,-1.0,-1.0,-1.0,4.880802631378174,4.331520628929138,280.34375,243.3322914123536,macOS,Apple M2,8,8589934592,Chipset Model: Apple M2,,,ppo,3DBall,512,0.00029,10240,0.008188,0.231,0.942,10.0,constant,True,32,3,simple,,,5,250000,1024,12000
20251123-184611,100.00000762939452,100.00000762939452,555.596923828125,1014.987060546875,0.0352136169870694,0.0152969090502968,1.313901298017387,1.206212043762207,35.04999923706055,20.348594401256147,3781.0,3575.212852386107,2536.0,2536.0,-1.0,-1.0,-1.0,-1.0,4.986059665679932,3.4161277291286423,204.6187438964844,150.5839482502765,macOS,Apple M2,8,8589934592,Chipset Model: Apple M2,,,ppo,3DBall,512,0.000127,40960,0.004817,0.148,0.939,4.0,constant,True,64,2,simple,,,5,1000000,64,12000
20251123-154456,100.00001525878906,100.00001525878906,224.6945648193359,419.05865478515625,0.0362748960879715,0.0844980068081481,1.239743331583535,1.0441590547561646,30.049999237060547,17.969512102080554,3766.5,3717.174786823552,2536.0,2536.0,-1.0,-1.0,-1.0,-1.0,5.206904411315918,4.514333021350023,252.375,224.51022636599657,macOS,Apple M2,8,8589934592,Chipset Model: Apple M2,,,ppo,3DBall,512,0.000125,40960,0.000969,0.269,0.934,10.0,constant,True,64,2,simple,,,5,500000,512,12000
20251123-125522,2.109090805053711,2.2585432529449463,334.9515380859375,365.4405822753906,0.0258598088597257,0.0215088007971644,1.3995021319970853,1.3755048513412476,24.13333320617676,19.006503872755097,3873.0,3794.731707317073,2536.0,2536.0,-1.0,-1.0,-1.0,-1.0,4.610269069671631,4.332992832835128,332.9906311035156,266.83138963652823,macOS,Apple M2,8,8589934592,Chipset Model: Apple M2,,,ppo,3DBall,1024,0.000247,81920,0.007562,0.223,0.938,4.0,linear,False,64,3,simple,,,5,500000,2048,12000
20251123-203059,1.2782177925109863,1.3068135976791382,386.7155456542969,403.4316101074219,0.0125482715666294,0.4136966466903686,1.4189497193982523,1.419034481048584,36.66666793823242,20.459139793149888,3961.0,3703.3494597404233,2536.0,2536.0,-1.0,-1.0,-1.0,-1.0,4.5767035484313965,3.3125416386512017,190.1437530517578,134.28192237115675,macOS,Apple M2,8,8589934592,Chipset Model: Apple M2,,,ppo,3DBall,4096,1.5e-05,327680,0.009559,0.279,0.947,4.0,constant,True,128,2,simple,,,5,500000,2048,12000
20251123-144926,100.00000762939452,100.00000762939452,701.22216796875,1618.406005859375,0.0153340183508892,0.014215814164648,1.2397214842129902,1.0537692308425903,24.850000381469727,18.26094367705196,3779.5,3692.845382506589,2536.0,2536.0,-1.0,-1.0,-1.0,-1.0,5.238080978393555,4.637143937938185,298.90625,247.87366752164908,macOS,Apple M2,8,8589934592,Chipset Model: Apple M2,,,ppo,3DBall,4096,0.000261,163840,0.005878,0.248,0.92,8.0,constant,True,128,3,simple,,,5,2000000,64,12000
20251123-132300,100.00000762939452,100.00000762939452,828.1232299804688,934.0796508789062,0.0252580209635197,0.127529799627761,1.36343621633139,1.3169915676116943,21.600000381469727,18.457429759473687,3809.0,3729.961852291981,2536.0,2536.0,-1.0,-1.0,-1.0,-1.0,5.295152187347412,4.5425120635205,350.703125,283.6137577654368,macOS,Apple M2,8,8589934592,Chipset Model: Apple M2,,,ppo,3DBall,1024,5.1e-05,81920,0.00833,0.177,0.914,10.0,linear,False,512,2,simple,,,5,1000000,64,12000
20251123-163936,50.644004821777344,50.644004821777344,218.2138671875,218.2138671875,0.0205707527697085,0.1317837506532668,1.376179426908493,1.3122408390045166,34.13333511352539,20.645000076293947,3807.666748046875,3755.025012207031,2536.0,2536.0,-1.0,-1.0,-1.0,-1.0,4.779058456420898,4.258407425880432,219.6062469482422,180.0875244140625,macOS,Apple M2,8,8589934592,Chipset Model: Apple M2,,,ppo,3DBall,2048,0.000191,40960,0.005825,0.173,0.914,8.0,constant,True,512,3,simple,,,5,250000,64,12000
20251122-234622,2.100799798965454,2.100799798965454,738.526123046875,738.526123046875,0.0175080929572383,0.1489429473876952,1.4239872679652938,1.4219495058059692,42.59999847412109,19.25100400074419,3784.0,3710.479924581137,2536.0,2536.0,-1.0,-1.0,-1.0,-1.0,4.917234420776367,4.361039908535509,237.59375,187.6877377061959,macOS,Apple M2,8,8589934592,Chipset Model: Apple M2,,,ppo,3DBall,2048,9.9e-05,163840,0.008701,0.233,0.911,4.0,constant,True,32,1,simple,,,5,1000000,128,12000
20251123-123007,96.453857421875,100.00001525878906,407.4909362792969,1428.232421875,0.0171438128842661,0.1974420894500023,1.3672519304666175,1.3040950298309326,26.53333282470703,18.682128509843206,3883.5,3826.914659615023,2536.0,2536.0,-1.0,-1.0,-1.0,-1.0,5.106014251708984,4.63671701787466,523.875,400.5825225646237,macOS,Apple M2,8,8589934592,Chipset Model: Apple M2,,,ppo,3DBall,2048,0.000112,40960,0.004635,0.17,0.934,5.0,constant,True,512,1,simple,,,5,2000000,512,12000
20251123-190314,2.016883134841919,2.016883134841919,73.28137969970703,73.28137969970703,0.02516330499202,0.0615510111674666,1.4182618856430054,1.4168168306350708,21.66666603088379,19.987499713897705,3657.333251953125,3649.8125,2536.0,2536.0,-1.0,-1.0,-1.0,-1.0,4.316151142120361,3.967059195041657,229.15625,214.7827491760254,macOS,Apple M2,8,8589934592,Chipset Model: Apple M2,,,ppo,3DBall,1024,0.00013,20480,0.005392,0.236,0.911,3.0,linear,True,512,2,simple,,,5,100000,64,12000
20251123-134442,92.32308959960938,100.00001525878906,791.868408203125,1573.16748046875,0.0340611162786203,0.3424826007075495,1.3632484394383717,1.2931902408599854,37.29999923706055,18.52720887402454,3834.5,3773.8152605539344,2536.0,2536.0,-1.0,-1.0,-1.0,-1.0,4.814133644104004,4.267130093402173,546.484375,323.272249704384,macOS,Apple M2,8,8589934592,Chipset Model: Apple M2,,,ppo,3DBall,512,2.1e-05,10240,0.002595,0.148,0.92,10.0,constant,True,256,1,simple,,,5,2000000,128,12000
20251123-164335,100.00001525878906,100.00001525878906,168.69862365722656,326.18658447265625,0.0344365435402567,0.1543711842741907,1.3294370203483394,1.2782506942749023,32.599998474121094,20.18617899824933,3784.0,3727.5365913205032,2536.0,2536.0,-1.0,-1.0,-1.0,-1.0,4.786391258239746,4.487377649400292,248.7687530517578,209.05343702362805,macOS,Apple M2,8,8589934592,Chipset Model: Apple M2,,,ppo,3DBall,512,0.00022,10240,0.002983,0.267,0.914,3.0,linear,False,64,3,simple,,,5,500000,128,12000
20251123-142603,100.00001525878906,100.00001525878906,221.7851104736328,1393.4422607421875,0.0240587554872035,0.0033023377648077,1.3361471733414982,1.3092124462127686,29.299999237060547,18.639357423207844,3826.0,3740.087350868317,2536.0,2536.0,-1.0,-1.0,-1.0,-1.0,5.161985874176025,4.685253918889058,427.78125,344.0928907279509,macOS,Apple M2,8,8589934592,Chipset Model: Apple M2,,,ppo,3DBall,1024,0.000134,40960,0.002484,0.26,0.933,3.0,linear,True,256,3,simple,,,5,2000000,256,12000
20251123-141223,1.1770398616790771,1.1868571043014526,56.94084167480469,65.20687103271484,,,1.4189382642507553,1.4189382791519165,19.76666641235352,18.174999713897705,3775.5,3756.854187011719,2536.0,2536.0,-1.0,-1.0,-1.0,-1.0,4.377413749694824,4.292154878377914,234.1968688964844,219.775131225586,macOS,Apple M2,8,8589934592,Chipset Model: Apple M2,,,ppo,3DBall,2048,8.4e-05,163840,0.006015,0.146,0.905,8.0,linear,False,64,3,simple,,,5,100000,2048,12000
20251123-165029,100.00001525878906,100.00001525878906,964.8992919921876,1408.6766357421875,0.0248452171217649,0.0408728684027057,1.2324543336787857,1.097082257270813,36.54999923706055,19.863755007824267,3740.666748046875,3673.584334407944,2536.0,2536.0,-1.0,-1.0,-1.0,-1.0,5.111876487731934,4.652334639825017,234.359375,193.7989318112293,macOS,Apple M2,8,8589934592,Chipset Model: Apple M2,,,ppo,3DBall,1024,0.000209,81920,0.000924,0.236,0.944,5.0,linear,False,64,1,simple,,,5,2000000,128,12000
20251123-155213,92.3307876586914,100.00001525878906,251.57118225097656,1287.5052490234375,0.0345639583755688,0.0112282848225271,1.3722612340766265,1.3526983261108398,22.450000762939453,18.18263053894043,3772.333251953125,3721.064256047628,2536.0,2536.0,-1.0,-1.0,-1.0,-1.0,5.182679653167725,4.784409133784743,469.890625,389.3359882400696,macOS,Apple M2,8,8589934592,Chipset Model: Apple M2,,,ppo,3DBall,512,7.9e-05,10240,0.007189,0.26,0.934,3.0,constant,True,32,3,simple,,,5,2000000,128,12000
20251123-130138,1.3400405645370483,1.3400405645370483,81.3046646118164,81.3046646118164,0.0351165588945149,0.0456284396350383,1.4209386706352234,1.4219417572021484,18.799999237060547,18.39583325386048,3777.666748046875,3759.291717529297,2536.0,2536.0,-1.0,-1.0,-1.0,-1.0,4.411088943481445,4.167729884386063,233.828125,219.46633911132807,macOS,Apple M2,8,8589934592,Chipset Model: Apple M2,,,ppo,3DBall,512,9e-05,40960,0.009152,0.223,0.947,10.0,linear,False,128,3,simple,,,5,100000,64,12000
20251123-171702,3.00274920463562,3.00274920463562,357.609375,357.609375,0.013153890458246,0.2115969037016233,1.4111350251407158,1.4062318801879885,27.66666603088379,19.513821066879643,3762.666748046875,3712.589432879192,2536.0,2536.0,-1.0,-1.0,-1.0,-1.0,4.52880334854126,4.261523706157033,223.1875,173.95146067549544,macOS,Apple M2,8,8589934592,Chipset Model: Apple M2,,,ppo,3DBall,4096,0.000182,81920,0.003072,0.204,0.927,3.0,constant,True,64,2,simple,,,5,500000,64,12000
20251123-161351,100.00001525878906,100.00001525878906,132.8844451904297,351.8645324707031,0.034855514521832,0.0085412290784955,1.3333727237654895,1.3022372722625732,20.350000381469727,17.840243828005907,3765.0,3747.5975609756097,2536.0,2536.0,-1.0,-1.0,-1.0,-1.0,5.262225151062012,4.717738075954158,360.21875,283.7835365853659,macOS,Apple M2,8,8589934592,Chipset Model: Apple M2,,,ppo,3DBall,512,0.000293,20480,0.005673,0.271,0.949,4.0,linear,True,128,2,simple,,,5,500000,1024,12000
20251123-192351,100.00001525878906,100.00001525878906,804.0987548828125,804.0987548828125,0.0218241851155956,0.0369818567608793,1.3634855014732086,1.2135050296783447,36.73333358764648,25.74759046715426,3860.5,3337.0662680016944,2536.0,2536.0,-1.0,-1.0,-1.0,-1.0,5.11171293258667,4.282567167856607,176.6692657470703,123.65724779611612,macOS,Apple M2,8,8589934592,Chipset Model: Apple M2,,,ppo,3DBall,2048,0.000183,163840,0.007161,0.224,0.9,8.0,constant,True,32,3,simple,,,5,1000000,256,12000
20251123-141107,1.1727272272109983,1.227519392967224,61.29320907592773,69.50292205810547,0.0248083285987377,0.2468539774417877,1.4181055426597595,1.413233995437622,19.200000762939453,18.29791688919068,3768.0,3754.25,2536.0,2536.0,-1.0,-1.0,-1.0,-1.0,4.369725704193115,4.21664109826088,234.15625,219.67955780029297,macOS,Apple M2,8,8589934592,Chipset Model: Apple M2,,,ppo,3DBall,1024,0.000151,81920,0.003588,0.232,0.92,3.0,constant,True,128,1,simple,,,5,100000,64,12000
20251123-125406,1.1728652715682983,1.1728652715682983,69.07868957519531,69.07868957519531,0.0265468545258045,0.2708188891410827,1.4186157435178757,1.4167457818984983,18.700000762939453,18.295833587646484,3784.0,3753.125,2536.0,2536.0,-1.0,-1.0,-1.0,-1.0,4.394749164581299,4.2339707016944885,233.796875,219.4027976989746,macOS,Apple M2,8,8589934592,Chipset Model: Apple M2,,,ppo,3DBall,1024,0.00023,81920,0.004823,0.157,0.913,3.0,constant,True,128,1,simple,,,5,100000,256,12000
20251123-131656,1.2340466976165771,1.2684417963027954,312.8714294433594,353.43145751953125,0.0121060367673635,0.1120335906744003,1.4192912229677526,1.4199949502944946,19.600000381469727,18.322764233845035,3773.0,3645.865847703887,2536.0,2536.0,-1.0,-1.0,-1.0,-1.0,4.606067657470703,4.359587105309091,305.78125,264.9846675221513,macOS,Apple M2,8,8589934592,Chipset Model: Apple M2,,,ppo,3DBall,4096,0.000179,327680,0.001972,0.177,0.936,3.0,linear,False,64,3,simple,,,5,500000,2048,12000
20251122-222059,100.00001525878906,100.00001525878906,1130.5615234375,2463.3544921875,0.0344718655865442,0.0029843522867801,1.2329228462943111,1.1676150560379028,48.5,19.581325324184924,3958.0,3652.513054169804,2536.0,2536.0,-1.0,-1.0,-1.0,-1.0,5.210282325744629,4.156886155167258,216.890625,166.8439625659621,macOS,Apple M2,8,8589934592,Chipset Model: Apple M2,,,ppo,3DBall,512,0.000279,20480,0.003939,0.186,0.931,3.0,constant,True,64,2,simple,,,5,2000000,1024,12000
20251122-233113,1.2082692384719849,1.267850041389465,187.7733459472656,408.8299865722656,0.0121420873329043,0.2839268743991852,1.4202313888363722,1.4228097200393677,33.5,18.386991779978683,3835.666748046875,3722.0081280964177,2536.0,2536.0,-1.0,-1.0,-1.0,-1.0,4.537099838256836,4.231204602776504,230.34375,187.33185968166444,macOS,Apple M2,8,8589934592,Chipset Model: Apple M2,,,ppo,3DBall,4096,0.000229,327680,0.008808,0.281,0.926,8.0,linear,True,512,1,simple,,,5,500000,256,12000
20251123-133841,1.2493150234222412,1.263385772705078,333.8618469238281,351.91864013671875,0.0240767676538476,0.3037204096714656,1.418236781911152,1.417521595954895,20.39999961853028,18.573577276090298,3830.333251953125,3790.1504144435976,2536.0,2536.0,-1.0,-1.0,-1.0,-1.0,4.493054866790772,4.229300307064522,357.640625,282.3360774342607,macOS,Apple M2,8,8589934592,Chipset Model: Apple M2,,,ppo,3DBall,1024,2.9e-05,20480,0.004513,0.132,0.905,3.0,linear,True,32,3,simple,,,5,500000,1024,12000
20251123-120031,85.76428985595703,100.00000762939452,631.0595092773438,1383.624267578125,0.0240514256136933,0.0137072143463847,1.243666748684573,1.1038851737976074,32.25,20.1202810816018,3880.0,3807.809236457549,2536.0,2536.0,-1.0,-1.0,-1.0,-1.0,5.028538227081299,4.479916945997491,718.484375,425.193027082696,macOS,Apple M2,8,8589934592,Chipset Model: Apple M2,,,ppo,3DBall,1024,9.3e-05,20480,0.001326,0.254,0.922,5.0,constant,False,256,1,simple,,,5,2000000,64,12000
20251123-193723,1.3723710775375366,1.3838173151016235,177.8821563720703,195.3178253173828,0.0355791516602038,0.0598825592547654,1.416655021905899,1.4141114950180054,24.5,18.90749998092652,3754.5,3622.6333129882814,2536.0,2536.0,-1.0,-1.0,-1.0,-1.0,4.587133884429932,4.088830769062042,181.8515625,151.8088279724121,macOS,Apple M2,8,8589934592,Chipset Model: Apple M2,,,ppo,3DBall,512,3.7e-05,40960,0.003885,0.251,0.939,5.0,linear,False,64,3,simple,,,5,250000,128,12000
20251123-164912,1.2509803771972656,1.287649393081665,52.51039505004883,69.916259765625,0.0241823103278875,0.1572995372116565,1.4069045186042786,1.3996886014938354,33.349998474121094,22.90208315849304,3737.0,3719.312530517578,2536.0,2536.0,-1.0,-1.0,-1.0,-1.0,4.358398914337158,4.134248286485672,237.96875,223.5171890258789,macOS,Apple M2,8,8589934592,Chipset Model: Apple M2,,,ppo,3DBall,1024,0.000278,20480,0.003389,0.188,0.906,5.0,linear,False,64,1,simple,,,5,100000,2048,12000
20251122-230218,1.1319701671600342,1.1676747798919678,17.220487594604492,66.22098541259766,,,1.418938234448433,1.4189382791519165,21.933332443237305,18.606249809265137,3740.666748046875,3706.791687011719,2536.0,2536.0,-1.0,-1.0,-1.0,-1.0,4.3532795906066895,4.232235461473465,230.7406311035156,219.47350311279297,macOS,Apple M2,8,8589934592,Chipset Model: Apple M2,,,ppo,3DBall,4096,5.9e-05,163840,0.006767,0.154,0.915,3.0,linear,True,256,1,simple,,,5,100000,256,12000
20251123-151634,97.21668243408205,100.00001525878906,1619.1016845703125,1691.9639892578125,0.0250795764538148,0.3118051343287031,1.368120928126645,1.2692278623580933,34.13333511352539,17.919779059398603,3779.333251953125,3708.923698701054,2536.0,2536.0,-1.0,-1.0,-1.0,-1.0,5.461409091949463,4.576704917183841,330.828125,254.2534764301346,macOS,Apple M2,8,8589934592,Chipset Model: Apple M2,,,ppo,3DBall,1024,2.5e-05,81920,0.005038,0.102,0.905,10.0,constant,False,64,2,simple,,,5,2000000,1024,12000
20251122-231737,2.661755323410034,2.7857143878936768,749.97998046875,807.5582885742188,0.0163713548487672,0.2957978894313176,1.4114295201129223,1.4062963724136353,54.95000076293945,18.29738952452878,3815.666748046875,3759.299198748117,2536.0,2536.0,-1.0,-1.0,-1.0,-1.0,4.612927913665772,4.065166631376887,245.203125,205.5523563982493,macOS,Apple M2,8,8589934592,Chipset Model: Apple M2,,,ppo,3DBall,2048,3.4e-05,81920,0.001771,0.255,0.949,3.0,linear,False,128,3,simple,,,5,1000000,128,12000
20251123-171407,1.1721590757369995,1.2527450323104858,154.74432373046875,162.929931640625,,,1.418938273191452,1.4189382791519165,32.5,21.289166831970213,3749.0,3708.6,2536.0,2536.0,-1.0,-1.0,-1.0,-1.0,4.9588494300842285,4.358211696147919,226.921875,191.07033996582032,macOS,Apple M2,8,8589934592,Chipset Model: Apple M2,,,ppo,3DBall,4096,0.000198,327680,0.008619,0.279,0.948,8.0,constant,False,256,3,simple,,,5,250000,1024,12000
20251123-113435,3.954237699508667,4.716505527496338,1223.479248046875,1543.66796875,0.0171490350039675,0.6477290907253822,1.3748398889978248,1.34509539604187,39.43333435058594,21.26977913638196,3912.5,3452.171685276261,2536.0,2536.0,-1.0,-1.0,-1.0,-1.0,4.8962907791137695,4.343885697514178,171.2312469482422,99.07745724413768,macOS,Apple M2,8,8589934592,Chipset Model: Apple M2,,,ppo,3DBall,2048,5.1e-05,40960,0.005822,0.253,0.921,8.0,linear,False,64,1,simple,,,5,2000000,1024,12000
20251122-233813,1.4606837034225464,1.509130358695984,422.2677917480469,479.4740295410156,0.013223159747819,0.1116988311211267,1.4131345051090891,1.4066410064697266,20.933332443237305,17.826422644824518,3749.0,3697.508134051067,2536.0,2536.0,-1.0,-1.0,-1.0,-1.0,4.373151779174805,4.044482719607469,241.609375,183.4290403040444,macOS,Apple M2,8,8589934592,Chipset Model: Apple M2,,,ppo,3DBall,4096,0.000223,163840,0.00446,0.139,0.941,5.0,linear,False,512,3,simple,,,5,500000,1024,12000
20251123-122345,45.65385437011719,45.65385437011719,167.018310546875,167.018310546875,0.0335313973948359,0.0667082950472831,1.3929395735263823,1.361655831336975,48.900001525878906,30.85500020980835,3878.5,3835.666650390625,2536.0,2536.0,-1.0,-1.0,-1.0,-1.0,5.315515041351318,4.503769361972809,273.0625,234.9011978149414,macOS,Apple M2,8,8589934592,Chipset Model: Apple M2,,,ppo,3DBall,512,0.000121,10240,0.008144,0.2,0.933,3.0,constant,False,128,3,simple,,,5,250000,2048,12000
20251123-190435,7.484893321990967,7.484893321990967,1147.8646240234375,1147.8646240234375,0.0125704633537679,0.4105959758162498,1.3764529357473534,1.314976453781128,35.400001525878906,21.92028109998588,3661.0,3486.0381535909264,2536.0,2536.0,-1.0,-1.0,-1.0,-1.0,4.645612239837647,3.451609202178128,251.109375,137.9858806564147,macOS,Apple M2,8,8589934592,Chipset Model: Apple M2,,,ppo,3DBall,4096,0.000173,81920,0.004534,0.18,0.937,10.0,constant,False,64,1,simple,,,5,1000000,256,12000
20251123-161953,100.00000762939452,100.00000762939452,624.737548828125,1173.1875,0.0248900761362164,0.0309081245750348,1.2805601961641426,1.1676452159881592,27.36666679382324,16.83172693597265,3830.0,3764.863448912839,2536.0,2536.0,-1.0,-1.0,-1.0,-1.0,4.7431182861328125,3.0931928732309,317.953125,215.77835046239647,macOS,Apple M2,8,8589934592,Chipset Model: Apple M2,,,ppo,3DBall,1024,0.000105,40960,0.007929,0.186,0.943,10.0,constant,False,64,2,simple,,,5,1000000,64,12000
20251122-231007,4.785784721374512,4.785784721374512,440.3202209472656,440.3202209472656,0.0174333356941739,0.1941960789263248,1.3925698036100806,1.3584990501403809,22.39999961853028,18.067479738375035,3824.333251953125,3760.930896293826,2536.0,2536.0,-1.0,-1.0,-1.0,-1.0,4.70832109451294,3.98570065963559,251.640625,221.1438129704173,macOS,Apple M2,8,8589934592,Chipset Model: Apple M2,,,ppo,3DBall,2048,0.000157,40960,0.000438,0.101,0.922,8.0,constant,False,64,2,simple,,,5,500000,512,12000
20251123-130306,1.762529730796814,1.762529730796814,823.2991943359375,823.2991943359375,0.0128620356942216,0.1376759807268778,1.4106032302580684,1.3968828916549685,27.96666717529297,18.253012082662927,3851.333251953125,3714.8192771084337,2536.0,2536.0,-1.0,-1.0,-1.0,-1.0,4.815164566040039,4.436366440301918,313.10626220703125,243.51253408409028,macOS,Apple M2,8,8589934592,Chipset Model: Apple M2,,,ppo,3DBall,4096,0.000248,327680,0.008192,0.116,0.921,8.0,constant,True,128,1,simple,,,5,1000000,512,12000
20251123-141336,29.694122314453125,29.694122314453125,740.285400390625,740.285400390625,0.0200596355522671,0.1475999367733796,1.3911974300821144,1.3091068267822266,43.0,19.31305223487946,3810.0,3696.614451948418,2536.0,2536.0,-1.0,-1.0,-1.0,-1.0,5.08405876159668,4.449957635029253,341.6812438964844,242.9382024558193,macOS,Apple M2,8,8589934592,Chipset Model: Apple M2,,,ppo,3DBall,2048,0.000298,163840,0.000314,0.238,0.907,4.0,constant,True,512,1,simple,,,5,1000000,512,12000
20251123-182301,100.00000762939452,100.00000762939452,691.288818359375,1380.7620849609375,0.0351396701298653,0.0180625089506065,1.3293346295873802,1.256672739982605,63.150001525878906,26.866064094635377,3525.5,3333.867475762425,2536.0,2536.0,-1.0,-1.0,-1.0,-1.0,4.006217002868652,2.5149142038391297,179.1374969482422,87.0924633899367,macOS,Apple M2,8,8589934592,Chipset Model: Apple M2,,,ppo,3DBall,512,8.7e-05,40960,0.003486,0.136,0.917,3.0,constant,False,256,3,simple,,,5,1000000,64,12000
20251123-194056,100.00000762939452,100.00000762939452,2005.436767578125,2700.765869140625,0.0182893257588147,0.1281227047244707,1.3504672782966889,1.287673830986023,41.09999847412109,21.04708827834532,4180.5,3748.9447756847694,2536.0,2536.0,-1.0,-1.0,-1.0,-1.0,5.102531909942627,3.734660293323448,180.84375,107.123970629221,macOS,Apple M2,8,8589934592,Chipset Model: Apple M2,,,ppo,3DBall,2048,3.1e-05,163840,0.003732,0.156,0.937,10.0,constant,False,512,3,simple,,,5,2000000,64,12000
20251123-165723,100.0000153,100.0000153,82.84290314,501.1065979,0.0347434714791666,0.0077857939791666,1.3066595045542169,1.268516302,13.55000019,5.465461811361447,16326.5,15964.52612,2267.3332520000004,2267.333252,20.0,8.568273087578312,2231.0,2076.5983916144583,0.940986097,0.6054785151084336,0.0,0.0,Windows 11,"AMD64 Family 25 Model 33 Stepping 2, AuthenticAMD",8,34265653248,NVIDIA GeForce RTX 5080,16303.0,,ppo,3DBall,512,0.000269,20480,0.009581,0.263,0.941,3.0,linear,True,128,3,simple,,,5,1000000,128,12000
20251123-171907,100.0000153,100.0000153,465.3199463,495.8141785,0.0133681227499999,0.05142007125,1.3847497227228915,1.319448352,15.75,5.144176698650603,16590.0,15828.32727807229,2267.3332520000004,2267.333252,23.5,5.652610448349398,1716.0,1679.3634562650604,0.925142527,0.6350993632409638,0.0,0.0,Windows 11,"AMD64 Family 25 Model 33 Stepping 2, AuthenticAMD",8,34265653248,NVIDIA GeForce RTX 5080,16303.0,,ppo,3DBall,4096,0.000188,81920,0.009046,0.243,0.928,3.0,constant,False,128,3,simple,,,5,1000000,128,12000
20251123-172736,99.12501526,100.0000153,148.6531677,354.0964661,0.0246801999130434,0.0580561589565217,1.363812557073171,1.312976599,12.39999962,6.593495904,15210.33301,14976.012171463415,2267.333252,2267.333252,26.5,10.90650403219512,1629.0,1604.719512195122,0.821601391,0.5628122567560976,0.0,0.0,Windows 11,"AMD64 Family 25 Model 33 Stepping 2, AuthenticAMD",8,34265653248,NVIDIA GeForce RTX 5080,16303.0,,ppo,3DBall,1024,9.3e-05,20480,0.001498,0.158,0.905,5.0,constant,True,512,3,simple,,,5,500000,512,12000
20251123-173350,100.0000153,100.0000153,842.0869141,1214.053101,0.0182939746666666,0.0072275535,1.3240345630120482,1.245497942,9.75,4.679317248849398,15791.0,15474.055222831324,2267.3332520000004,2267.333252,23.66666603,16.20682731595181,1624.0,1595.8072289156626,1.152134418,0.6235289803253012,0.0,0.0,Windows 11,"AMD64 Family 25 Model 33 Stepping 2, AuthenticAMD",8,34265653248,NVIDIA GeForce RTX 5080,16303.0,,ppo,3DBall,2048,0.000298,163840,0.004899,0.137,0.913,5.0,linear,True,64,3,simple,,,5,2000000,256,12000
20251123-175416,19.58135986,19.58135986,151.7539825,151.7539825,0.0203216274,0.1212259636,1.3930230737500002,1.352368951,8.850000381,4.393333351600001,15282.0,15241.9,2267.3332519999994,2267.333252,11.0,2.825,1598.0,1596.0,0.891069174,0.5801936834999999,0.0,0.0,Windows 11,"AMD64 Family 25 Model 33 Stepping 2, AuthenticAMD",8,34265653248,NVIDIA GeForce RTX 5080,16303.0,,ppo,3DBall,2048,0.000207,40960,0.000567,0.163,0.911,4.0,constant,True,512,3,simple,,,5,250000,512,12000
20251123-175710,1.885074615,1.885074615,99.87654114,99.87654114,0.0353282245,0.039993548,1.413911283,1.393480182,5.766666889,4.179166704375,15298.66699,15226.89587375,2267.333252,2267.333252,11.0,3.791666671625,1598.0,1595.75,0.82063055,0.629546985125,0.0,0.0,Windows 11,"AMD64 Family 25 Model 33 Stepping 2, AuthenticAMD",8,34265653248,NVIDIA GeForce RTX 5080,16303.0,,ppo,3DBall,512,9.1e-05,40960,0.003102,0.142,0.913,10.0,constant,True,512,3,simple,,,5,100000,64,12000
20251123-175901,3.285348177,3.359701633,225.1543732,233.7132721,0.0174811965,0.0581660620833333,1.4081159655365854,1.389507532,9.149999619,4.797560953487805,15294.66699,15233.077267317072,2267.333252,2267.333252,20.5,3.512195121829268,1606.666626,1601.869920682927,0.854263067,0.587088861902439,0.0,0.0,Windows 11,"AMD64 Family 25 Model 33 Stepping 2, AuthenticAMD",8,34265653248,NVIDIA GeForce RTX 5080,16303.0,,ppo,3DBall,2048,0.000105,40960,0.003241,0.237,0.935,3.0,constant,False,128,2,simple,,,5,500000,256,12000
20251123-180311,92.3230896,100.0000153,389.1697693,949.4004517,0.0169710023125,0.2136761422916666,1.241194897373494,1.125281453,9.333333015,4.668172698475903,15338.66699,15239.350415240962,2267.3332520000004,2267.333252,20.5,3.0843373501204816,1608.0,1599.248996228916,1.180897832,0.7014064291506024,0.0,0.0,Windows 11,"AMD64 Family 25 Model 33 Stepping 2, AuthenticAMD",8,34265653248,NVIDIA GeForce RTX 5080,16303.0,,ppo,3DBall,2048,0.000215,40960,0.002372,0.196,0.95,4.0,constant,False,64,2,simple,,,5,2000000,128,12000
20251123-181912,100.0000153,100.0000153,187.8423004,255.9380798,0.025237793090909,0.2373821461818182,1.3513141114390244,1.245857239,10.75,5.073170749243902,15294.5,15215.203291463416,2267.333252,2267.333252,14.0,3.028455283585366,1598.5,1598.0121951219512,1.082109332,0.6894943939268292,0.0,0.0,Windows 11,"AMD64 Family 25 Model 33 Stepping 2, AuthenticAMD",8,34265653248,NVIDIA GeForce RTX 5080,16303.0,,ppo,3DBall,1024,0.000262,40960,0.001744,0.213,0.938,5.0,constant,True,128,1,simple,,,5,500000,2048,12000
20251123-182347,100.0000153,100.0000153,78.75430298,225.7805176,0.0347460751219512,0.0220232954878048,1.280490689097561,1.167944789,8.850000381,5.55731709402439,15248.5,15208.971560487806,2267.333252,2267.333252,21.0,3.4471544754390244,1615.0,1605.1056890731709,1.014460683,0.6504180162682925,0.0,0.0,Windows 11,"AMD64 Family 25 Model 33 Stepping 2, AuthenticAMD",8,34265653248,NVIDIA GeForce RTX 5080,16303.0,,ppo,3DBall,512,0.000281,10240,0.009641,0.133,0.904,3.0,constant,True,32,3,simple,,,5,500000,2048,12000
20251123-182746,1.188571334,1.237816691,69.15470123,100.0181961,,,1.4189382551999998,1.41893816,7.866666794,4.02083331345,15732.0,15467.841699,2267.3332519999994,2267.333252,8.333333015,3.03333330745,1634.333374,1608.9333374000005,1.009571195,0.6302341298,0.0,0.0,Windows 11,"AMD64 Family 25 Model 33 Stepping 2, AuthenticAMD",8,34265653248,NVIDIA GeForce RTX 5080,16303.0,,ppo,3DBall,4096,0.000233,327680,0.003097,0.196,0.947,3.0,constant,True,128,3,simple,,,5,250000,2048,12000
20251123-182940,100.0000153,100.0000153,259.0763855,543.9095459,0.034900251,0.0147945925,1.3055369566506023,1.246564269,12.14999962,5.717469878975903,15688.5,15395.520072530122,2267.3332520000004,2267.333252,25.0,7.399598385915662,1630.5,1603.598394554217,1.088957071,0.6782774032530122,0.0,0.0,Windows 11,"AMD64 Family 25 Model 33 Stepping 2, AuthenticAMD",8,34265653248,NVIDIA GeForce RTX 5080,16303.0,,ppo,3DBall,512,0.00016,40960,0.000651,0.15,0.926,4.0,linear,False,256,3,simple,,,5,1000000,1024,12000
20251123-183854,100.0000153,100.0000153,215.8366699,295.0979919,0.0261633915454545,0.0163395022727272,1.362840870536585,1.2997334,15.35000038,7.636585386780488,15992.0,15663.44312097561,2267.333252,2267.333252,30.66666603,14.386178877195125,1648.0,1606.7073200487805,0.960439384,0.621482936390244,0.0,0.0,Windows 11,"AMD64 Family 25 Model 33 Stepping 2, AuthenticAMD",8,34265653248,NVIDIA GeForce RTX 5080,16303.0,,ppo,3DBall,1024,0.00016,40960,0.006629,0.219,0.938,5.0,constant,True,256,2,simple,,,5,500000,2048,12000
20251123-184411,1.255882263,1.257563829,17.57695389,87.47892761,0.012889663,0.064398192,1.419003561,1.41938436,6.866666794,5.000000059625,15220.5,14819.93737875,2267.333252,2267.333252,17.66666603,12.020833076,1614.0,1606.8125,0.676882207,0.4802952745,0.0,0.0,Windows 11,"AMD64 Family 25 Model 33 Stepping 2, AuthenticAMD",8,34265653248,NVIDIA GeForce RTX 5080,16303.0,,ppo,3DBall,4096,0.000262,81920,0.00762,0.256,0.93,10.0,linear,True,256,3,simple,,,5,100000,64,12000
20251123-184549,96.42501068,96.42501068,264.7298584,264.7298584,0.0347998731818181,0.1768255430909091,1.4096406996500002,1.392474413,9.0,4.755833375399999,14519.0,14394.4416505,2267.3332519999994,2267.333252,18.5,6.691666603,1631.0,1612.0916687,0.869514883,0.5807832928000001,0.0,0.0,Windows 11,"AMD64 Family 25 Model 33 Stepping 2, AuthenticAMD",8,34265653248,NVIDIA GeForce RTX 5080,16303.0,,ppo,3DBall,512,1.4e-05,20480,0.009752,0.119,0.923,10.0,constant,True,512,3,simple,,,5,250000,64,12000
20251123-185041,2.156910419,2.156910419,289.1225891,289.1225891,0.0248857008333333,0.02183649525,1.417502798682927,1.415551424,12.16666698,4.935365868609756,14589.5,14351.841510731709,2267.333252,2267.333252,23.33333397,14.024390296292683,1636.666626,1607.4471524878047,0.950153887,0.5553159821951219,0.0,0.0,Windows 11,"AMD64 Family 25 Model 33 Stepping 2, AuthenticAMD",8,34265653248,NVIDIA GeForce RTX 5080,16303.0,,ppo,3DBall,1024,2.2e-05,40960,0.009925,0.141,0.904,3.0,linear,False,256,3,simple,,,5,500000,128,12000
20251123-185542,100.0000153,100.0000153,258.8521118,1174.914917,0.0254135774583333,0.0497639284583333,1.1512649738012048,0.954336286,38.90000153,6.713654607927712,16704.0,15570.786150421687,2267.3332520000004,2267.333252,26.0,9.854417668831326,2179.5,1860.0642560481929,1.081614733,0.6396283810180722,0.0,0.0,Windows 11,"AMD64 Family 25 Model 33 Stepping 2, AuthenticAMD",8,34265653248,NVIDIA GeForce RTX 5080,16303.0,,ppo,3DBall,1024,0.000175,81920,0.002308,0.292,0.943,5.0,constant,True,32,3,simple,,,5,2000000,256,12000
20251123-191529,100.0000153,100.0000153,145.9619293,1654.572876,0.03436116440625,0.0034121719583333,0.940184049620482,0.730514348,19.14999962,7.358433727807229,16590.5,16015.11546379518,2267.3332520000004,2267.333252,21.0,7.565261046542169,2134.0,2066.4006024096384,1.121192336,0.6077243513554217,0.0,0.0,Windows 11,"AMD64 Family 25 Model 33 Stepping 2, AuthenticAMD",8,34265653248,NVIDIA GeForce RTX 5080,16303.0,,ppo,3DBall,512,0.000207,20480,0.004841,0.272,0.938,10.0,constant,False,128,2,simple,,,5,2000000,512,12000
20251123-194316,1.229902864,1.257843137,54.0397377,59.69313431,0.02447914125,0.156626396,1.419126689375,1.419239879,6.900000095,5.218749970375,15961.5,15904.41662625,2267.333252,2267.333252,13.5,9.31249999925,2106.333252,2073.020813,0.601987958,0.50344980875,0.0,0.0,Windows 11,"AMD64 Family 25 Model 33 Stepping 2, AuthenticAMD",8,34265653248,NVIDIA GeForce RTX 5080,16303.0,,ppo,3DBall,1024,3.8e-05,20480,0.000984,0.153,0.91,3.0,constant,True,128,3,simple,,,5,100000,512,12000
20251123-194427,10.14865017,10.15825367,1903.200073,1908.885742,0.013530519,0.26517613,1.3928857868132531,1.36227107,20.16666603,8.15562246660241,17821.0,16106.96186686747,2267.3332520000004,2267.333252,27.33333397,15.230923744548193,3554.0,3091.8222935662648,0.948445678,0.5133725419216868,0.0,0.0,Windows 11,"AMD64 Family 25 Model 33 Stepping 2, AuthenticAMD",8,34265653248,NVIDIA GeForce RTX 5080,16303.0,,ppo,3DBall,4096,8.5e-05,327680,0.004911,0.188,0.942,8.0,linear,True,64,3,simple,,,5,2000000,128,12000
20251123-201630,1.986375213,1.986375213,80.38036346,80.38036346,0.02560217975,0.15537602075,1.416580095875,1.410529494,8.149999619,6.556249976125001,16582.0,16485.479005,2267.333252,2267.333252,29.5,15.6041666275,3560.0,3522.8125,0.586489141,0.42563931075,0.0,0.0,Windows 11,"AMD64 Family 25 Model 33 Stepping 2, AuthenticAMD",8,34265653248,NVIDIA GeForce RTX 5080,16303.0,,ppo,3DBall,1024,0.000251,20480,0.001689,0.286,0.948,4.0,linear,False,512,2,simple,,,5,100000,2048,12000
20251123-201803,100.0000076,100.0000076,513.1182251,1745.734497,0.0339270132916666,0.0653608269583333,1.2350342158734942,1.140748858,17.10000038,7.823493970451806,17103.5,16149.245976144575,2267.3332520000004,2267.333252,26.0,15.116465875855424,3435.0,3121.866465373494,0.930714488,0.5522573084156627,0.0,0.0,Windows 11,"AMD64 Family 25 Model 33 Stepping 2, AuthenticAMD",8,34265653248,NVIDIA GeForce RTX 5080,16303.0,,ppo,3DBall,512,6.1e-05,40960,0.006602,0.23,0.913,8.0,constant,False,64,2,simple,,,5,2000000,64,12000
20251123-204722,1.115896463,1.139738798,35.67484283,74.0832901,0.018602619,0.396606743,1.418919652625,1.418811798,12.69999981,8.422916710374999,16945.0,16787.8332525,2267.333252,2267.333252,20.0,14.291666509374998,3285.0,3282.625,0.679438114,0.53149579075,0.0,0.0,Windows 11,"AMD64 Family 25 Model 33 Stepping 2, AuthenticAMD",8,34265653248,NVIDIA GeForce RTX 5080,16303.0,,ppo,3DBall,2048,0.000194,81920,0.007324,0.106,0.914,4.0,constant,True,128,1,simple,,,5,100000,64,12000
20251123-204849,1.234630346,1.234630346,71.95287323,71.95287323,0.035322603,0.1206377,1.417034611125,1.413064957,15.14999962,9.679166674625,16764.0,16613.729005,2267.333252,2267.333252,17.0,12.645833255625,3289.0,3282.041687,0.730341911,0.5877185425,0.0,0.0,Windows 11,"AMD64 Family 25 Model 33 Stepping 2, AuthenticAMD",8,34265653248,NVIDIA GeForce RTX 5080,16303.0,,ppo,3DBall,512,0.000261,40960,0.001197,0.132,0.9,3.0,constant,True,64,1,simple,,,5,100000,64,12000
20251123-205013,1.467880011,1.467880011,230.5111237,230.5111237,0.0176208835999999,0.3765100596,1.4024535596,1.392908216,13.16666698,8.0474999661,16649.33398,16587.825097,2267.3332519999994,2267.333252,19.33333397,12.1500000475,3321.0,3287.4916748000005,0.70216912,0.50850115405,0.0,0.0,Windows 11,"AMD64 Family 25 Model 33 Stepping 2, AuthenticAMD",8,34265653248,NVIDIA GeForce RTX 5080,16303.0,,ppo,3DBall,2048,9.8e-05,40960,0.001982,0.298,0.907,10.0,linear,False,128,1,simple,,,5,250000,256,12000
20251123-205439,5.634078979,7.392415047,1239.262573,1401.993164,0.0343668340722891,0.0599648763313253,1.3879223372650602,1.355297208,37.20000076,8.450702816626507,17000.5,16049.79419813253,2267.3332520000004,2267.333252,24.5,9.53212853420482,3314.0,2793.1064239879515,1.514629245,0.5141574208975903,0.0,0.0,Windows 11,"AMD64 Family 25 Model 33 Stepping 2, AuthenticAMD",8,34265653248,NVIDIA GeForce RTX 5080,16303.0,,ppo,3DBall,512,5.4e-05,10240,0.005604,0.198,0.91,5.0,linear,False,64,1,simple,,,5,2000000,256,12000
20251123-211819,2.41228056,2.537575722,361.3750916,395.2483826,0.0254540558333333,0.1548998953333333,1.419856934902439,1.416342735,18.20000076,9.126422789195123,16564.66602,16428.6503197561,2267.333252,2267.333252,26.0,12.369918683756095,3259.666748,3245.410573073171,0.741040707,0.5040195460487805,0.0,0.0,Windows 11,"AMD64 Family 25 Model 33 Stepping 2, AuthenticAMD",8,34265653248,NVIDIA GeForce RTX 5080,16303.0,,ppo,3DBall,1024,3.3e-05,81920,0.002216,0.158,0.905,5.0,constant,True,64,3,simple,,,5,500000,2048,12000
20251123-212511,100.0000153,100.0000153,283.4579773,339.2128296,0.0354014606363636,0.0145268354545454,1.3324748801219513,1.249898911,15.0,8.256910556878049,16557.0,16413.73980585366,2267.333252,2267.333252,24.0,12.195121928268293,3258.0,3246.410567121951,0.84059155,0.5524480015365855,0.0,0.0,Windows 11,"AMD64 Family 25 Model 33 Stepping 2, AuthenticAMD",8,34265653248,NVIDIA GeForce RTX 5080,16303.0,,ppo,3DBall,512,0.000295,40960,0.004845,0.241,0.924,4.0,linear,True,128,2,simple,,,5,500000,1024,12000
20251123-213112,100.0000153,100.0000153,629.5188599,1231.342163,0.0173907180416666,0.0098228686666666,1.3063066099397591,1.216792941,36.20000076,8.721987971289156,16918.0,16008.971891445784,2267.3332520000004,2267.333252,28.0,11.689759041891568,3441.5,3053.2851415421687,0.923021436,0.5680133235481928,0.0,0.0,Windows 11,"AMD64 Family 25 Model 33 Stepping 2, AuthenticAMD",8,34265653248,NVIDIA GeForce RTX 5080,16303.0,,ppo,3DBall,2048,0.000278,81920,0.00239,0.117,0.912,3.0,linear,True,64,3,simple,,,5,2000000,2048,12000
20251123-215159,1.0278368,1.0278368,70.55490875,70.55490875,0.017112765,0.660734475,1.418936192875,1.418924212,9.933333397,8.23749995225,16494.5,16371.0417475,2267.333252,2267.333252,16.66666603,13.02083325375,3383.0,3364.645813,0.728699386,0.541652418625,0.0,0.0,Windows 11,"AMD64 Family 25 Model 33 Stepping 2, AuthenticAMD",8,34265653248,NVIDIA GeForce RTX 5080,16303.0,,ppo,3DBall,2048,6e-05,81920,0.006519,0.121,0.909,4.0,linear,False,32,1,simple,,,5,100000,1024,12000
20251123-215322,100.0000153,100.0000153,549.1637573,1649.947021,0.017420472625,0.3409766333541666,1.2700117590180724,1.222469449,31.64999962,10.048493974253011,19111.5,16665.446783253014,2267.3332520000004,2267.333252,32.0,11.545180732927712,3414.0,3166.786150457832,1.574532509,0.5904283695783132,0.0,0.0,Windows 11,"AMD64 Family 25 Model 33 Stepping 2, AuthenticAMD",8,34265653248,NVIDIA GeForce RTX 5080,16303.0,,ppo,3DBall,2048,0.000167,40960,0.005559,0.216,0.947,8.0,linear,False,64,2,simple,,,5,2000000,512,12000
20251125-133528,1.219148874,1.22868216,37.64793396,64.33951569,0.0329959255,0.24062188325,1.4194610565,1.420099258,4.533333302,3.306249976125,13514.66699,13478.70837375,2267.333252,2267.333252,5.666666508,3.354166627,940.0,939.375,1.026972413,0.7004892715,0.0,0.0,Windows 11,"AMD64 Family 25 Model 33 Stepping 2, AuthenticAMD",8,34265653248,NVIDIA GeForce RTX 5080,16303.0,,ppo,3DBall,512,3.2e-05,20480,0.008328,0.211,0.939,8.0,linear,True,32,2,simple,,,5,100000,256,12000
20251125-133647,100.0000153,100.0000153,219.272934,240.1972046,0.0356719345454545,0.3646106679090909,1.385702182682927,1.307778597,6.133333206,3.661788623487805,13739.5,13666.069121463415,2267.333252,2267.333252,34.0,11.117886217682928,1093.0,1078.8739847317074,0.956350207,0.6338536455609756,0.0,0.0,Windows 11,"AMD64 Family 25 Model 33 Stepping 2, AuthenticAMD",8,34265653248,NVIDIA GeForce RTX 5080,16303.0,,ppo,3DBall,512,0.000144,40960,0.004578,0.157,0.948,3.0,constant,True,32,3,simple,,,5,500000,256,12000
20251125-134106,1.922921896,1.96291554,524.3525391,596.3441772,0.0125644495,0.0230486108333333,1.4129153605060245,1.406468153,6.266666889,3.623694796108434,14538.33301,14098.21485554217,2267.3332520000004,2267.333252,25.0,10.78514057446988,1034.0,1017.277108433735,0.83826828,0.5281096955662651,0.0,0.0,Windows 11,AMD Ryzen 7 5700X 8-Core Processor,8,34265653248,NVIDIA GeForce RTX 5080,16303.0,,ppo,3DBall,4096,6.2e-05,163840,0.000441,0.214,0.918,4.0,linear,False,256,3,simple,,,5,1000000,2048,12000
20251125-135114,1.28310132,1.306827307,282.8145752,319.9524841,0.013671115,0.0749234396666666,1.4051939363170731,1.382542491,4.699999809,2.6012195188536587,14961.0,14501.914610487807,2267.333252,2267.333252,25.0,17.390243972341466,1017.0,1016.25203202439,0.884116471,0.5970603961707316,0.0,0.0,Windows 11,AMD Ryzen 7 5700X 8-Core Processor,8,34265653248,NVIDIA GeForce RTX 5080,16303.0,,ppo,3DBall,4096,0.00027,163840,0.009338,0.284,0.941,5.0,constant,False,64,1,simple,,,5,500000,128,12000
20251125-135648,1.180075884,1.246183872,27.16246033,165.3557739,0.01218042,0.157540113,1.4171917855000002,1.413439989,5.849999905,3.5066666485,14037.66699,13940.9750485,2267.3332519999994,2267.333252,29.33333397,10.77500002395,1016.333313,1015.95,1.140790582,0.6318943828000001,0.0,0.0,Windows 11,AMD Ryzen 7 5700X 8-Core Processor,8,34265653248,NVIDIA GeForce RTX 5080,16303.0,,ppo,3DBall,4096,0.000116,163840,0.007948,0.213,0.915,10.0,constant,True,32,3,simple,,,5,250000,128,12000
20251125-135946,100.0000153,100.0000153,314.1838989,1267.098022,0.0174091299166666,0.1295747452916666,1.2854149233554215,1.201947689,20.29999924,5.426305233734939,15755.5,14818.841379096384,2267.3332520000004,2267.333252,28.66666603,10.662650602403614,1026.666626,1012.4467869036145,1.252630234,0.6767293765120481,0.0,0.0,Windows 11,AMD Ryzen 7 5700X 8-Core Processor,8,34265653248,NVIDIA GeForce RTX 5080,16303.0,,ppo,3DBall,2048,0.000196,40960,0.001918,0.208,0.907,8.0,linear,True,128,1,simple,,,5,2000000,1024,12000
20251125-142107,100.0000153,100.0000153,248.7312622,376.9090271,0.0348885156956521,0.1921260400434782,1.3240277941707317,1.250617385,9.600000381,4.7845528590731705,17161.0,16072.146341463416,2267.333252,2267.333252,22.5,9.577235756731708,1050.0,1037.2723582195124,0.899161458,0.6447409326097561,0.0,0.0,Windows 11,AMD Ryzen 7 5700X 8-Core Processor,8,34265653248,NVIDIA GeForce RTX 5080,16303.0,,ppo,3DBall,512,0.000154,20480,0.007982,0.123,0.923,10.0,linear,False,64,3,simple,,,5,500000,1024,12000
20251125-142746,100.0000153,100.0000153,684.4423828,970.3892822,0.025338049,0.0042839748333333,1.3301688746987952,1.261975288,7.949999809,3.475301206795181,16980.33398,15109.590373132529,2267.3332520000004,2267.333252,25.5,15.29919678913253,1101.0,1061.586344891566,1.134020805,0.6085908409036145,0.0,0.0,Windows 11,AMD Ryzen 7 5700X 8-Core Processor,8,34265653248,NVIDIA GeForce RTX 5080,16303.0,,ppo,3DBall,1024,0.000136,81920,0.008917,0.14,0.917,8.0,constant,True,512,3,simple,,,5,1000000,2048,12000
20251125-144409,1.222630501,1.222630501,71.92892456,71.92892456,0.017398073,0.305556685,1.41831246,1.417726278,6.766666889,4.964583337250001,14525.0,14486.2082525,2267.333252,2267.333252,19.66666603,16.958333135,1089.0,1089.0,0.672097027,0.4870126768749999,0.0,0.0,Windows 11,AMD Ryzen 7 5700X 8-Core Processor,8,34265653248,NVIDIA GeForce RTX 5080,16303.0,,ppo,3DBall,2048,2.9e-05,40960,0.00084,0.225,0.919,10.0,linear,True,32,2,simple,,,5,100000,256,12000
20251125-144533,100.0000076,100.0000076,240.7350769,1051.146484,0.01765989675,0.0091804157708333,1.1964066157951807,1.07972157,9.600000381,3.047891568680723,14795.5,13841.174687108434,2267.3332520000004,2267.333252,25.66666603,13.150602409698797,1095.0,1068.7319277108434,1.1203022,0.6576337326024095,0.0,0.0,Windows 11,AMD Ryzen 7 5700X 8-Core Processor,8,34265653248,NVIDIA GeForce RTX 5080,16303.0,,ppo,3DBall,2048,0.000259,40960,0.008583,0.249,0.928,4.0,constant,False,256,2,simple,,,5,2000000,64,12000
20251125-150317,1.191013336,1.268047333,119.8917847,129.3393402,0.017662534,0.368749559,1.4189755200500005,1.4190557,4.75,2.69083331825,13551.0,13384.141699,2267.3332519999994,2267.333252,1.0,1.0,1050.0,1050.0,1.16197443,0.65721054385,0.0,0.0,Windows 11,AMD Ryzen 7 5700X 8-Core Processor,8,34265653248,NVIDIA GeForce RTX 5080,16303.0,,ppo,3DBall,2048,1.6e-05,163840,0.001242,0.125,0.936,5.0,linear,True,256,2,simple,,,5,250000,2048,12000
20251125-150540,1.272475243,1.302999973,128.8765259,142.151413,0.0122498625,0.2047144175,1.40585313435,1.391714692,4.966666698,2.224999994,13337.33301,13275.275097,2267.3332519999994,2267.333252,2.333333254,1.05000000005,1051.0,1050.975,0.747200787,0.53475451465,0.0,0.0,Windows 11,AMD Ryzen 7 5700X 8-Core Processor,8,34265653248,NVIDIA GeForce RTX 5080,16303.0,,ppo,3DBall,4096,0.000276,81920,0.000921,0.12,0.907,8.0,constant,False,512,1,simple,,,5,250000,256,12000
20251125-150842,20.23906326,37.39697266,965.7098389,972.6618042,0.0354526264020618,0.9287813367525772,1.3072657412409638,1.240273476,8.149999619,3.5264056217228923,13568.0,13365.49099307229,2267.3332520000004,2267.333252,7.0,1.2500000032409635,1065.0,1056.3483938192771,1.225532651,0.6831024796566265,0.0,0.0,Windows 11,AMD Ryzen 7 5700X 8-Core Processor,8,34265653248,NVIDIA GeForce RTX 5080,16303.0,,ppo,3DBall,512,0.000105,20480,0.006129,0.128,0.944,4.0,linear,False,32,1,simple,,,5,2000000,64,12000
20251125-152506,1.517467141,1.517467141,72.91223145,72.91223145,0.0247155724999999,0.0886731595,1.418464615875,1.411340833,4.699999809,3.2208333013750003,13478.66699,13399.583495,2267.333252,2267.333252,3.5,1.333333335875,1057.0,1057.0,0.662405968,0.468078460625,0.0,0.0,Windows 11,AMD Ryzen 7 5700X 8-Core Processor,8,34265653248,NVIDIA GeForce RTX 5080,16303.0,,ppo,3DBall,1024,0.000122,40960,0.003488,0.133,0.938,10.0,constant,True,256,2,simple,,,5,100000,2048,12000
20251125-152630,100.0000153,100.0000153,123.7302551,1349.996704,0.0348115035729166,0.0009873845208333,1.2416011611746989,1.172440648,10.30000019,4.741064252614458,13649.5,13484.172681024096,2267.3332520000004,2267.333252,6.0,1.1516064269036146,1060.5,1050.2409638554218,1.091202259,0.6077113819397589,0.0,0.0,Windows 11,AMD Ryzen 7 5700X 8-Core Processor,8,34265653248,NVIDIA GeForce RTX 5080,16303.0,,ppo,3DBall,512,0.000205,20480,0.003381,0.183,0.95,5.0,constant,True,512,3,simple,,,5,2000000,256,12000
20251125-154920,100.0000153,100.0000153,798.9936523,1248.021118,0.0172390935,0.0253721993333333,1.296321318108434,1.167641878,10.94999981,3.991164662771084,16817.5,13839.357427771083,2267.3332520000004,2267.333252,17.5,2.8554216863915665,1138.0,1053.655624204819,1.405693293,0.6839703926807229,0.0,0.0,Windows 11,AMD Ryzen 7 5700X 8-Core Processor,8,34265653248,NVIDIA GeForce RTX 5080,16303.0,,ppo,3DBall,2048,0.000137,40960,0.004273,0.151,0.947,8.0,constant,False,32,2,simple,,,5,2000000,1024,12000
20251125-161020,1.124629617,1.212716699,295.2855835,318.1092224,0.0119468148333333,1.5189924836666666,1.4194476139268295,1.41938746,9.649999619,4.0898373998292685,19296.33398,17267.70331512195,2267.333252,2267.333252,20.66666603,9.56910565704878,1359.0,1265.052844536585,1.013733268,0.605670532804878,0.0,0.0,Windows 11,AMD Ryzen 7 5700X 8-Core Processor,8,34265653248,NVIDIA GeForce RTX 5080,16303.0,,ppo,3DBall,4096,4.9e-05,81920,0.00966,0.12,0.944,8.0,linear,False,64,1,simple,,,5,500000,2048,12000
20251125-161632,1.2581532,1.402713895,117.9265213,122.7203445,0.034982054,0.1990463866,1.4102910935,1.402578831,6.933333397,4.439166676999999,17150.66602,17009.433398,2267.3332519999994,2267.333252,21.5,10.449999928949998,1360.0,1359.05,0.832660675,0.59859814655,0.0,0.0,Windows 11,AMD Ryzen 7 5700X 8-Core Processor,8,34265653248,NVIDIA GeForce RTX 5080,16303.0,,ppo,3DBall,512,6.3e-05,40960,0.005097,0.195,0.915,3.0,constant,False,512,1,simple,,,5,250000,64,12000
20251125-161853,100.0000153,100.0000153,964.8166504,1245.551514,0.0134236160833333,0.0145799118333333,1.3654335881626507,1.297197223,14.44999981,5.340763053289157,20964.5,19992.798216144576,2267.3332520000004,2267.333252,33.0,13.053212864475904,2881.0,2382.73594353012,1.028469205,0.6004762678132529,0.0,0.0,Windows 11,AMD Ryzen 7 5700X 8-Core Processor,8,34265653248,NVIDIA GeForce RTX 5080,16303.0,,ppo,3DBall,4096,0.000138,163840,0.00797,0.158,0.91,3.0,constant,True,256,2,simple,,,5,2000000,256,12000
20251125-163953,100.0000153,100.0000153,305.4046631,337.0873108,0.0248987859090909,0.4073381571818182,1.407226911365854,1.391925931,15.30000019,6.646747949609757,20287.33398,19124.84151073171,2267.333252,2267.333252,21.66666603,14.272357754634148,2827.5,2319.756097560976,0.849215746,0.5472469664146341,0.0,0.0,Windows 11,AMD Ryzen 7 5700X 8-Core Processor,8,34265653248,NVIDIA GeForce RTX 5080,16303.0,,ppo,3DBall,1024,6.6e-05,40960,0.005609,0.194,0.933,5.0,linear,True,128,3,simple,,,5,500000,512,12000
20251125-164552,8.027820587,8.027820587,703.3555298,703.3555298,0.0188902168333333,0.29490189,1.3828737391204815,1.34625423,9.766666412,4.79136546260241,18149.33398,16975.102456385543,2267.3332520000004,2267.333252,15.33333302,2.471887539674699,1708.666626,1692.3052199036142,0.895680845,0.5450953291686748,0.0,0.0,Windows 11,AMD Ryzen 7 5700X 8-Core Processor,8,34265653248,NVIDIA GeForce RTX 5080,16303.0,,ppo,3DBall,2048,0.00024,163840,0.008713,0.254,0.936,8.0,linear,False,128,2,simple,,,5,1000000,1024,12000
20251125-165747,3.216187239,3.250000238,339.8985291,374.3063965,0.0188076755,0.1423529919999999,1.3936602516829268,1.363287926,10.39999962,3.114227611902439,16833.0,16641.556902682925,2267.333252,2267.333252,14.66666698,5.500000011292682,1712.0,1689.0325213170734,0.991646588,0.6044019641707318,0.0,0.0,Windows 11,AMD Ryzen 7 5700X 8-Core Processor,8,34265653248,NVIDIA GeForce RTX 5080,16303.0,,ppo,3DBall,2048,0.000283,81920,0.009334,0.233,0.913,8.0,linear,False,128,3,simple,,,5,500000,128,12000
20251125-170415,100.0000153,100.0000153,298.3145752,656.7028809,0.0178633374583333,0.0205813655,1.2595636040240965,1.154442549,9.333333015,3.697188747951807,16734.66602,16442.869493493974,2267.3332520000004,2267.333252,16.0,3.216867468445783,1725.666626,1717.4337334698796,1.207156658,0.6616493711325301,0.0,0.0,Windows 11,AMD Ryzen 7 5700X 8-Core Processor,8,34265653248,NVIDIA GeForce RTX 5080,16303.0,,ppo,3DBall,2048,0.000245,40960,0.006296,0.275,0.929,8.0,linear,False,64,3,simple,,,5,1000000,512,12000
20251125-171524,58.94286728,86.02309418,844.7756348,870.7800293,0.0246907230416666,0.0106927783333333,1.3914966180963857,1.374735951,10.30000019,5.36887554086747,16633.66602,16394.22492686747,2267.3332520000004,2267.333252,4.5,2.018072287722892,1722.0,1717.5361445783133,0.855369568,0.581127201253012,0.0,0.0,Windows 11,AMD Ryzen 7 5700X 8-Core Processor,8,34265653248,NVIDIA GeForce RTX 5080,16303.0,,ppo,3DBall,1024,1.8e-05,40960,0.008319,0.249,0.918,10.0,linear,False,256,3,simple,,,5,1000000,1024,12000
20251125-173007,2.229166508,2.351436615,156.2642975,172.3039856,0.0253287282727272,0.2238647829090909,1.41929597255,1.416174531,7.050000191,4.4441666365,16262.66699,16146.941699,2267.3332519999994,2267.333252,4.666666508,2.04166665675,1719.666626,1717.2,0.73348403,0.5299467489000002,0.0,0.0,Windows 11,AMD Ryzen 7 5700X 8-Core Processor,8,34265653248,NVIDIA GeForce RTX 5080,16303.0,,ppo,3DBall,1024,4e-05,20480,0.008364,0.293,0.906,8.0,linear,True,64,3,simple,,,5,250000,256,12000
20251125-173320,6.714838982,6.714838982,81.88695526,81.88695526,0.0352638755,0.08871349875,1.3940953164999998,1.345847845,5.099999905,2.6916666775,16254.0,16191.08337375,2267.333252,2267.333252,4.0,2.270833328375,1719.0,1717.25,0.684356749,0.505664412,0.0,0.0,Windows 11,AMD Ryzen 7 5700X 8-Core Processor,8,34265653248,NVIDIA GeForce RTX 5080,16303.0,,ppo,3DBall,512,0.000206,20480,0.004054,0.223,0.92,10.0,constant,False,256,3,simple,,,5,100000,64,12000
20251125-173453,100.0000153,100.0000153,188.8223419,1384.69165,0.0247639211875,0.0177754530208333,1.1558897143554216,1.074816823,7.75,3.089558232939759,16524.5,16325.992981626508,2267.3332520000004,2267.333252,5.333333492,2.0261044171927707,1722.0,1717.8263049759034,1.244619608,0.6751349800240963,0.0,0.0,Windows 11,AMD Ryzen 7 5700X 8-Core Processor,8,34265653248,NVIDIA GeForce RTX 5080,16303.0,,ppo,3DBall,1024,0.000147,40960,0.00827,0.209,0.916,8.0,linear,True,256,2,simple,,,5,2000000,256,12000
20251125-175811,100.0000153,100.0000153,427.8645325,1002.338196,0.0170056965416666,0.0408353229374999,1.3814845903855422,1.352386475,10.75,5.718072309542168,16724.0,16552.112469277108,2267.3332520000004,2267.333252,7.333333492,2.049196786192772,1722.0,1717.4477914096387,0.946106255,0.5917415523433736,0.0,0.0,Windows 11,AMD Ryzen 7 5700X 8-Core Processor,8,34265653248,NVIDIA GeForce RTX 5080,16303.0,,ppo,3DBall,2048,9.3e-05,40960,0.004927,0.299,0.916,4.0,linear,True,32,3,simple,,,5,2000000,2048,12000
20251125-181507,64.61177063,64.61177063,88.95635986,88.95635986,0.03769552075,0.1787382075,1.364379167625,1.283990741,3.633333445,2.622916653875,16636.5,16598.2292475,2267.333252,2267.333252,2.0,2.0,1717.0,1717.0,0.75663799,0.4836488104999999,0.0,0.0,Windows 11,AMD Ryzen 7 5700X 8-Core Processor,8,34265653248,NVIDIA GeForce RTX 5080,16303.0,,ppo,3DBall,512,0.000215,20480,0.003937,0.29,0.942,10.0,constant,True,512,2,simple,,,5,100000,64,12000
20251125-181647,100.0000153,100.0000153,164.9753265,1354.963135,0.0344162734315789,0.0049481632631578,1.0807822738373494,0.985194325,10.10000038,6.101807236704819,16782.5,16635.356433493973,2267.3332520000004,2267.333252,6.0,2.1285140550301205,1722.0,1713.85140586747,1.028441429,0.601698090873494,0.0,0.0,Windows 11,AMD Ryzen 7 5700X 8-Core Processor,8,34265653248,NVIDIA GeForce RTX 5080,16303.0,,ppo,3DBall,512,0.000195,20480,0.006642,0.256,0.936,8.0,linear,False,64,3,simple,,,5,2000000,2048,12000
20251125-183934,1.15958643,1.191778183,68.64817047,125.8976974,0.011562023,0.843448341,1.41903559565,1.41909194,5.900000095,3.995000004750001,16747.66602,16697.166505,2267.3332519999994,2267.333252,2.0,1.9333333254,1712.0,1707.4166687000002,0.713027418,0.51215477005,0.0,0.0,Windows 11,AMD Ryzen 7 5700X 8-Core Processor,8,34265653248,NVIDIA GeForce RTX 5080,16303.0,,ppo,3DBall,4096,6.9e-05,81920,0.00186,0.183,0.933,4.0,linear,True,256,1,simple,,,5,250000,1024,12000
20251125-184207,1.141121507,1.198664069,11.78468704,41.86452103,,,1.418938279,1.418938279,6.800000191,5.037500024,16829.66602,16739.104005,2267.333252,2267.333252,2.333333254,2.04166665675,1708.0,1708.0,0.622620344,0.4882816224999999,0.0,0.0,Windows 11,AMD Ryzen 7 5700X 8-Core Processor,8,34265653248,NVIDIA GeForce RTX 5080,16303.0,,ppo,3DBall,2048,0.000267,163840,0.003995,0.216,0.923,5.0,constant,True,64,2,simple,,,5,100000,64,12000
20251125-184300,1.134823084,1.256188512,11.44334984,72.01042938,0.024821027,0.437298372,1.416400939125,1.414608121,6.166666508,4.760416656875,16839.66602,16759.770995,2267.333252,2267.333252,2.0,1.958333328375,1713.0,1709.14582825,0.738475263,0.515538409375,0.0,0.0,Windows 11,AMD Ryzen 7 5700X 8-Core Processor,8,34265653248,NVIDIA GeForce RTX 5080,16303.0,,ppo,3DBall,1024,0.000248,40960,0.003932,0.172,0.912,10.0,linear,True,32,1,simple,,,5,100000,128,12000
20251125-184424,1.237036943,1.271739125,129.3413849,161.2773132,0.024415683,0.1242666289999999,1.4142967819,1.411400199,8.050000191,2.5941666841,16785.0,16725.45,2267.3332519999994,2267.333252,2.0,1.9666666627,1708.0,1708.0,0.823132634,0.59589840475,0.0,0.0,Windows 11,AMD Ryzen 7 5700X 8-Core Processor,8,34265653248,NVIDIA GeForce RTX 5080,16303.0,,ppo,3DBall,1024,8.8e-05,40960,0.001842,0.282,0.904,8.0,linear,False,32,2,simple,,,5,250000,512,12000
20251125-184732,6.40844202,6.758823872,659.6881104,693.1140137,0.0128311706666666,0.0590281650833333,1.396802303301205,1.371506333,6.599999905,4.609236938433734,17044.66602,16879.831348674696,2267.3332520000004,2267.333252,9.5,2.1024096328192767,1713.0,1708.3253012048192,0.894862592,0.5221729341686747,0.0,0.0,Windows 11,AMD Ryzen 7 5700X 8-Core Processor,8,34265653248,NVIDIA GeForce RTX 5080,16303.0,,ppo,3DBall,4096,0.000154,81920,0.008742,0.131,0.927,5.0,linear,False,512,2,simple,,,5,1000000,64,12000
20251125-185916,100.0000076,100.0000076,392.076355,1114.356445,0.0251101732083333,0.0032431262916666,1.2668553260481927,1.196950793,10.25,4.638253009451808,17048.5,16905.434758433734,2267.3332520000004,2267.333252,4.5,1.9849397583192767,1713.0,1708.1927710843374,1.053724647,0.6373295093433734,0.0,0.0,Windows 11,AMD Ryzen 7 5700X 8-Core Processor,8,34265653248,NVIDIA GeForce RTX 5080,16303.0,,ppo,3DBall,1024,0.000147,81920,0.00363,0.268,0.915,4.0,linear,False,256,3,simple,,,5,2000000,64,12000
20251125-191804,40.83333969,40.83333969,977.9669189,977.9669189,0.0122868312916666,0.3973014336666667,1.3967279870963851,1.354552507,6.099999905,3.310843365716868,17227.0,17059.692771084337,2267.3332520000004,2267.333252,7.333333492,2.083333330704819,1714.0,1707.3815256144578,0.995260954,0.6504898288493975,0.0,0.0,Windows 11,AMD Ryzen 7 5700X 8-Core Processor,8,34265653248,NVIDIA GeForce RTX 5080,16303.0,,ppo,3DBall,4096,7.9e-05,81920,0.00857,0.155,0.902,3.0,constant,False,64,3,simple,,,5,2000000,512,12000
20251125-193434,1.324493885,1.324493885,175.2489929,175.2489929,0.0346760575,0.2886793099999999,1.4154140591,1.41310966,7.066666603,4.969999957050001,17125.0,17008.4,2267.3332519999994,2267.333252,2.333333254,1.95833331945,1709.666626,1706.2333313,0.629567146,0.4921119094,0.0,0.0,Windows 11,AMD Ryzen 7 5700X 8-Core Processor,8,34265653248,NVIDIA GeForce RTX 5080,16303.0,,ppo,3DBall,512,1.7e-05,10240,0.001977,0.294,0.942,8.0,linear,False,32,2,simple,,,5,250000,128,12000
20251125-193747,1.122962952,1.185714245,31.38349152,65.61334991,0.011756476,0.425060242,1.419003203375,1.419380307,5.533333302,4.064583390999999,17243.33398,17164.0417475,2267.333252,2267.333252,2.333333254,1.9583333135,1705.0,1705.0,0.950178325,0.64553938425,0.0,0.0,Windows 11,AMD Ryzen 7 5700X 8-Core Processor,8,34265653248,NVIDIA GeForce RTX 5080,16303.0,,ppo,3DBall,4096,0.00011,81920,0.000207,0.292,0.913,8.0,linear,True,32,2,simple,,,5,100000,1024,12000
20251125-193904,1.294810295,1.294810295,76.59596252,76.59596252,0.017696323,0.034086592,1.4175456165,1.409515262,7.433333397,4.639583349375,17209.0,17139.7082525,2267.333252,2267.333252,2.0,1.958333328375,1705.0,1705.0,0.729209423,0.517626095625,0.0,0.0,Windows 11,AMD Ryzen 7 5700X 8-Core Processor,8,34265653248,NVIDIA GeForce RTX 5080,16303.0,,ppo,3DBall,2048,0.000255,81920,0.002203,0.246,0.906,10.0,constant,True,128,3,simple,,,5,100000,2048,12000
20251125-194032,92.33847809,100.0000153,418.8401794,1172.554443,0.0128289170833333,0.1069821649166666,1.36419091523494,1.342524886,7.699999809,3.4833333265662656,17487.0,17331.032155783134,2267.3332520000004,2267.333252,8.5,2.020080320807229,1709.0,1704.4397590361446,0.991004467,0.6369051421807229,0.0,0.0,Windows 11,AMD Ryzen 7 5700X 8-Core Processor,8,34265653248,NVIDIA GeForce RTX 5080,16303.0,,ppo,3DBall,4096,0.000127,81920,0.008001,0.28,0.92,3.0,constant,False,512,3,simple,,,5,2000000,512,12000
20251125-200018,4.777500629,4.788835526,125.7708206,130.0951385,0.0362191088,0.110409483,1.4007056594500005,1.367412806,9.5,5.53499996665,17224.0,17107.800194,2267.3332519999994,2267.333252,2.5,1.97499999405,1709.0,1704.4666687,0.628162324,0.4691632672,0.0,0.0,Windows 11,AMD Ryzen 7 5700X 8-Core Processor,8,34265653248,NVIDIA GeForce RTX 5080,16303.0,,ppo,3DBall,512,0.000179,40960,0.002002,0.299,0.941,4.0,constant,True,128,1,simple,,,5,250000,128,12000
20251125-200249,100.0000153,100.0000153,357.0259705,592.8565674,0.0191988126666666,0.0088197486666666,1.2956792317951809,1.155242801,9.449999809,4.612248977987952,17914.0,17506.56421807229,2267.3332520000004,2267.333252,25.5,8.397590355759036,1787.0,1757.9437755903612,0.928947806,0.6121688980843373,0.0,0.0,Windows 11,AMD Ryzen 7 5700X 8-Core Processor,8,34265653248,NVIDIA GeForce RTX 5080,16303.0,,ppo,3DBall,2048,0.000271,81920,0.006469,0.203,0.909,5.0,constant,True,64,3,simple,,,5,1000000,128,12000
20251125-201253,100.0000153,100.0000153,249.8826141,761.0895996,0.0244415465208333,0.0197033146875,1.1911877063493976,1.089995146,13.30000019,6.049999966686747,17694.0,17339.965879036143,2267.3332520000004,2267.333252,24.0,10.01606425893976,1794.0,1771.214859927711,0.803649724,0.5524484687108434,0.0,0.0,Windows 11,AMD Ryzen 7 5700X 8-Core Processor,8,34265653248,NVIDIA GeForce RTX 5080,16303.0,,ppo,3DBall,1024,0.000201,20480,0.004013,0.2,0.949,10.0,linear,False,64,2,simple,,,5,1000000,512,12000
20251125-202546,2.944932461,2.944932461,369.9819031,369.9819031,0.0131201998333333,0.0321537808333333,1.4022283612682929,1.371999979,7.900000095,3.907317080121952,17343.0,17086.483613658536,2267.333252,2267.333252,11.66666698,8.74796746402439,1770.0,1766.1951219512196,0.904973447,0.5841903103658537,0.0,0.0,Windows 11,AMD Ryzen 7 5700X 8-Core Processor,8,34265653248,NVIDIA GeForce RTX 5080,16303.0,,ppo,3DBall,4096,0.000171,81920,0.000605,0.143,0.92,8.0,constant,True,64,3,simple,,,5,500000,1024,12000
20251125-203209,1.138246298,1.227378607,31.84472847,52.85577774,0.026570851,0.262036741,1.418715372625,1.417417526,4.949999809,3.947916716375,16981.33398,16911.791989999998,2267.333252,2267.333252,10.66666698,9.12499999875,1766.0,1766.0,0.711784005,0.5797003916250001,0.0,0.0,Windows 11,AMD Ryzen 7 5700X 8-Core Processor,8,34265653248,NVIDIA GeForce RTX 5080,16303.0,,ppo,3DBall,1024,0.000166,81920,0.008622,0.177,0.909,3.0,linear,False,512,1,simple,,,5,100000,2048,12000
20251125-203314,1.192351818,1.229708672,16.85837746,68.78184509,0.024932155,0.251820266,1.41695739325,1.405415297,7.199999809,4.8333333432500005,17049.66602,16913.7707525,2267.333252,2267.333252,10.5,9.104166626875,1766.0,1766.0,0.627382874,0.530343201,0.0,0.0,Windows 11,AMD Ryzen 7 5700X 8-Core Processor,8,34265653248,NVIDIA GeForce RTX 5080,16303.0,,ppo,3DBall,1024,0.000216,81920,0.004348,0.238,0.943,8.0,constant,False,32,2,simple,,,5,100000,2048,12000
20251125-203435,98.29168701,100.0000153,199.6816101,1977.217529,0.0347574049374999,0.0500262778958333,0.8250911047409639,0.207240358,14.10000038,7.7787148607590355,18567.33398,17622.662662289156,2267.3332520000004,2267.333252,28.5,15.64056225861446,3293.0,2925.7489969638555,0.840520203,0.558902515692771,0.0,0.0,Windows 11,AMD Ryzen 7 5700X 8-Core Processor,8,34265653248,NVIDIA GeForce RTX 5080,16303.0,,ppo,3DBall,512,0.000281,40960,0.000439,0.226,0.903,10.0,constant,True,128,3,simple,,,5,2000000,256,12000
20251125-210746,1.148314595,1.197892666,19.05313683,127.3299103,,,1.4189382670999997,1.418938279,11.36666679,6.1691666958,18188.66602,17539.516602,2267.3332519999994,2267.333252,23.0,16.566666603,1908.666626,1870.6833313,0.69114691,0.4935131370999999,0.0,0.0,Windows 11,AMD Ryzen 7 5700X 8-Core Processor,8,34265653248,NVIDIA GeForce RTX 5080,16303.0,,ppo,3DBall,4096,0.000141,327680,0.007872,0.108,0.921,4.0,constant,True,512,1,simple,,,5,250000,256,12000
20251125-211008,1.463034153,1.463034153,66.68449402,66.68449402,0.0372284985,0.2385747505,1.42015196375,1.422773242,15.69999981,7.0437499287500005,17797.0,17690.7497575,2267.333252,2267.333252,18.0,12.645833433499998,1938.666626,1883.2916565,0.827496648,0.57491113625,0.0,0.0,Windows 11,AMD Ryzen 7 5700X 8-Core Processor,8,34265653248,NVIDIA GeForce RTX 5080,16303.0,,ppo,3DBall,512,5.1e-05,40960,0.00942,0.135,0.927,5.0,constant,True,256,1,simple,,,5,100000,256,12000
20251125-211127,1.542731166,1.558628201,673.5366211,717.6837158,0.0126986988333333,0.2694548914999999,1.4201338061084336,1.420347929,30.29999924,6.705622492024097,19767.0,19332.353374698792,2267.3332520000004,2267.333252,27.5,13.977911636108432,3072.0,2903.9718885301204,0.837290227,0.5329461474578313,0.0,0.0,Windows 11,AMD Ryzen 7 5700X 8-Core Processor,8,34265653248,NVIDIA GeForce RTX 5080,16303.0,,ppo,3DBall,4096,5.4e-05,163840,0.00579,0.288,0.913,4.0,linear,False,256,1,simple,,,5,1000000,256,12000
20251125-212338,95.60834503,100.0000153,240.5749207,583.7827148,0.034773102804878,0.0033566965121951,1.352573871585366,1.325009346,14.05000019,7.9528455150487805,19239.0,18751.58536585365,2267.333252,2267.333252,23.0,15.219512148780488,3208.0,2665.9024390243903,0.660629451,0.483133438902439,0.0,0.0,Windows 11,AMD Ryzen 7 5700X 8-Core Processor,8,34265653248,NVIDIA GeForce RTX 5080,16303.0,,ppo,3DBall,512,8.2e-05,10240,0.00994,0.252,0.945,8.0,constant,False,512,3,simple,,,5,500000,2048,12000
20251125-213345,92.10715485,100.0000153,408.556427,446.6395264,0.024102937347826,0.0819135099130434,1.4056061593170732,1.391284347,11.89999962,8.320731628243903,19413.5,19113.020388292683,2267.333252,2267.333252,22.0,15.22357726695122,3212.0,3166.09755502439,0.818050444,0.5493077214390244,0.0,0.0,Windows 11,AMD Ryzen 7 5700X 8-Core Processor,8,34265653248,NVIDIA GeForce RTX 5080,16303.0,,ppo,3DBall,1024,2.6e-05,20480,0.001499,0.29,0.919,8.0,constant,True,64,3,simple,,,5,500000,512,12000
20251125-214135,0.981629074,0.981629074,177.1212311,177.1212311,0.0181581855,0.2211703215,1.4086288391,1.396827936,14.03333378,8.839166665050001,19134.66602,18965.966602,2267.3332519999994,2267.333252,25.33333397,14.791666792750002,3144.0,3142.4916626,0.690047026,0.5486619428999999,0.0,0.0,Windows 11,AMD Ryzen 7 5700X 8-Core Processor,8,34265653248,NVIDIA GeForce RTX 5080,16303.0,,ppo,3DBall,2048,9.2e-05,81920,0.005066,0.265,0.947,5.0,constant,False,128,1,simple,,,5,250000,512,12000
20251125-214509,100.0000153,100.0000153,1040.735718,1207.405884,0.02059206,0.1768000956666666,1.336589660831325,1.200872302,15.75,7.970883561879519,19735.0,18832.28513277108,2267.3332520000004,2267.333252,26.66666603,15.020080313855422,3376.0,2888.642575180723,0.852063894,0.5560752577228915,0.0,0.0,Windows 11,AMD Ryzen 7 5700X 8-Core Processor,8,34265653248,NVIDIA GeForce RTX 5080,16303.0,,ppo,3DBall,2048,0.000152,163840,0.000357,0.245,0.935,10.0,constant,False,512,2,simple,,,5,1000000,512,12000
20251125-220618,2.519578218,2.519578218,173.9065094,173.9065094,0.0346743941499999,0.1083056765999999,1.42640515565,1.423682809,12.80000019,8.56833336345,19088.0,18997.9,2267.3332519999994,2267.333252,22.0,15.1833332535,3343.333252,3339.5916626,0.579856813,0.4813738047999999,0.0,0.0,Windows 11,AMD Ryzen 7 5700X 8-Core Processor,8,34265653248,NVIDIA GeForce RTX 5080,16303.0,,ppo,3DBall,512,0.000118,10240,0.009034,0.15,0.912,3.0,constant,False,128,1,simple,,,5,250000,64,12000
20251125-220930,100.0000153,100.0000153,203.3209534,1560.334961,0.0239943044166666,0.0074797607499999,0.9735403800361446,0.778644919,16.89999962,7.689457861777108,19053.0,17947.078313253012,2267.3332520000004,2267.333252,27.5,17.805220879638554,3377.0,2745.154620433735,0.875319898,0.5690264723132531,0.0,0.0,Windows 11,AMD Ryzen 7 5700X 8-Core Processor,8,34265653248,NVIDIA GeForce RTX 5080,16303.0,,ppo,3DBall,1024,0.000197,20480,0.005226,0.262,0.901,8.0,linear,True,32,2,simple,,,5,2000000,512,12000
20251125-223552,2.566768169,2.78928566,1345.709839,1471.987549,0.0121768844166666,0.4721889879999999,1.4158927266807229,1.411371231,9.100000381,4.989859456048193,17574.0,17172.3212773494,2267.3332520000004,2267.333252,24.0,20.40662651753012,2145.0,2145.0,0.955374956,0.5514113777469879,0.0,0.0,Windows 11,AMD Ryzen 7 5700X 8-Core Processor,8,34265653248,NVIDIA GeForce RTX 5080,16303.0,,ppo,3DBall,4096,5.3e-05,81920,0.007581,0.153,0.94,8.0,linear,False,128,1,simple,,,5,2000000,128,12000
20251125-230037,4.516981125,4.956923008,506.1986389,512.3544312,0.019414407,0.0264269406666666,1.4128846918536584,1.40307653,14.46666622,5.925609768902439,18846.5,17741.27238926829,2267.333252,2267.333252,27.0,16.808943097317076,3087.0,2027.3048810243904,0.780010164,0.4864623684878049,0.0,0.0,Windows 11,AMD Ryzen 7 5700X 8-Core Processor,8,34265653248,NVIDIA GeForce RTX 5080,16303.0,,ppo,3DBall,2048,1.6e-05,81920,0.005295,0.272,0.911,10.0,constant,True,512,2,simple,,,5,500000,64,12000
20251125-231017,1.231650472,1.231650472,105.8849487,105.8849487,0.018908832,0.046835881,1.41804476075,1.412863255,8.366666794,6.822916746125,18885.0,18678.229005,2267.333252,2267.333252,19.33333397,14.104166508125,3051.0,3048.6666565,0.631164074,0.461463976625,0.0,0.0,Windows 11,AMD Ryzen 7 5700X 8-Core Processor,8,34265653248,NVIDIA GeForce RTX 5080,16303.0,,ppo,3DBall,2048,0.000243,81920,0.007626,0.169,0.907,8.0,linear,True,512,2,simple,,,5,100000,64,12000
20251125-231217,2.511111021,2.52235651,323.2778931,371.9917908,0.0178731861666666,0.0554232576666666,1.404574836195122,1.385254383,10.94999981,7.925609739853657,19056.33398,18887.768150731707,2267.333252,2267.333252,21.0,13.922764244024393,3060.0,3040.79674995122,0.767490149,0.5191106585121952,0.0,0.0,Windows 11,AMD Ryzen 7 5700X 8-Core Processor,8,34265653248,NVIDIA GeForce RTX 5080,16303.0,,ppo,3DBall,2048,0.000286,81920,0.00857,0.285,0.903,4.0,linear,False,256,2,simple,,,5,500000,64,12000
20251125-231844,1.189694643,1.203262925,18.47394753,68.47032928,0.0253458755,0.608187385,1.418844908375,1.418735266,8.633333206,7.18125003575,18718.66602,18670.4372575,2267.333252,2267.333252,18.66666603,14.583333255,3038.0,3036.25,0.629677057,0.4917246735,0.0,0.0,Windows 11,AMD Ryzen 7 5700X 8-Core Processor,8,34265653248,NVIDIA GeForce RTX 5080,16303.0,,ppo,3DBall,1024,2.9e-05,20480,0.000902,0.261,0.941,4.0,constant,False,32,2,simple,,,5,100000,128,12000
20251125-232006,1.328542471,1.328542471,172.335907,172.335907,0.0167966357999999,0.1230629102,1.41790966985,1.419854879,9.300000191,7.52833340165,18939.0,18733.691699,2267.3332519999994,2267.333252,21.66666603,15.383333253999998,3036.333252,3033.8333252,0.650349855,0.4950305713000001,0.0,0.0,Windows 11,AMD Ryzen 7 5700X 8-Core Processor,8,34265653248,NVIDIA GeForce RTX 5080,16303.0,,ppo,3DBall,2048,0.000155,40960,0.008696,0.171,0.907,4.0,constant,False,32,3,simple,,,5,250000,64,12000
20251125-232322,100.0000153,100.0000153,163.5249939,173.5213623,0.0351535715454545,0.2661767656363636,1.4004329920499998,1.357233286,12.14999962,8.6316667796,18770.66602,18726.958301,2267.3332519999994,2267.333252,23.66666603,14.3500000475,3033.0,3032.0833374000003,0.867505431,0.51090153015,0.0,0.0,Windows 11,AMD Ryzen 7 5700X 8-Core Processor,8,34265653248,NVIDIA GeForce RTX 5080,16303.0,,ppo,3DBall,512,0.000106,20480,0.00955,0.16,0.928,4.0,constant,True,64,3,simple,,,5,250000,2048,12000
20251125-232636,100.0000153,100.0000153,274.5733032,1861.70813,0.0243599265368421,0.0469769006631578,1.2726196050783132,1.29114759,18.95000076,8.441064282963856,19100.0,18519.94679493976,2267.3332520000004,2267.333252,31.0,15.418674710331327,3317.0,2816.157630277108,0.818463385,0.5281495573674698,0.0,0.0,Windows 11,AMD Ryzen 7 5700X 8-Core Processor,8,34265653248,NVIDIA GeForce RTX 5080,16303.0,,ppo,3DBall,1024,0.000296,20480,0.008509,0.134,0.95,10.0,constant,True,512,1,simple,,,5,2000000,1024,12000
20251125-235753,1.258742571,1.32217741,161.0984039,174.2158356,0.0246281698,0.2567335873999999,1.4158763467000002,1.414512038,9.866666794,6.849166703250001,19056.33398,18963.375,2267.3332519999994,2267.333252,16.66666603,12.54999997615,3356.0,3303.4833252,0.654733717,0.4485840603,0.0,0.0,Windows 11,AMD Ryzen 7 5700X 8-Core Processor,8,34265653248,NVIDIA GeForce RTX 5080,16303.0,,ppo,3DBall,1024,4.6e-05,40960,0.004188,0.2,0.921,4.0,linear,False,512,1,simple,,,5,250000,256,12000
20251126-000112,1.187213659,1.239766002,50.21127319,58.2560463,,,1.41893824925,1.418938279,9.600000381,7.429166734124999,19566.66602,19301.208495,2267.333252,2267.333252,22.66666603,14.208333076,3286.0,3285.9583435,0.746124506,0.5445096975,0.0,0.0,Windows 11,AMD Ryzen 7 5700X 8-Core Processor,8,34265653248,NVIDIA GeForce RTX 5080,16303.0,,ppo,3DBall,4096,0.000252,163840,0.008532,0.14,0.905,5.0,linear,False,64,2,simple,,,5,100000,512,12000
20251126-000225,65.18889618,65.18889618,1037.694824,1037.694824,0.0153002299999999,0.1669397266666666,1.3557527367349396,1.262168765,12.89999962,7.08032126320482,19277.0,18555.38756578313,2267.3332520000004,2267.333252,26.0,13.692771095903613,3285.0,3007.7028132048194,0.948453009,0.5787973867228916,0.0,0.0,Windows 11,AMD Ryzen 7 5700X 8-Core Processor,8,34265653248,NVIDIA GeForce RTX 5080,16303.0,,ppo,3DBall,4096,0.000169,163840,0.000858,0.199,0.931,10.0,constant,False,256,2,simple,,,5,1000000,1024,12000
20251126-001959,100.0000153,100.0000153,258.3322449,967.0709839,0.0344925155,0.008266771875,1.1521995699156624,1.035220981,15.64999962,7.110240921975904,18590.0,17820.676699036143,2267.3332520000004,2267.333252,23.5,12.600401625542167,3293.0,2707.5140572048194,0.986529768,0.6111367456746988,0.0,0.0,Windows 11,AMD Ryzen 7 5700X 8-Core Processor,8,34265653248,NVIDIA GeForce RTX 5080,16303.0,,ppo,3DBall,512,0.000193,40960,0.000437,0.289,0.937,10.0,linear,False,256,2,simple,,,5,1000000,512,12000
20251126-003618,1.179886103,1.189122081,61.68823242,70.05926514,0.033923282,0.311709963,1.420529887125,1.421026468,10.19999981,8.522916794,18442.0,18378.104005,2267.333252,2267.333252,18.66666603,14.95833349125,3230.0,3230.0,0.683515966,0.549261916375,0.0,0.0,Windows 11,AMD Ryzen 7 5700X 8-Core Processor,8,34265653248,NVIDIA GeForce RTX 5080,16303.0,,ppo,3DBall,512,0.000168,10240,0.005545,0.118,0.946,4.0,linear,False,32,1,simple,,,5,100000,64,12000
20251126-003742,2.809446335,2.809446335,676.6858521,676.6858521,0.013055757,0.0237305141666666,1.3980500280361448,1.353482604,37.5,7.587349437879518,19606.66602,18514.016095421688,2267.3332520000004,2267.333252,22.66666603,13.863453853433734,3314.0,2721.686742578313,0.780837417,0.4732168575421687,0.0,0.0,Windows 11,AMD Ryzen 7 5700X 8-Core Processor,8,34265653248,NVIDIA GeForce RTX 5080,16303.0,,ppo,3DBall,4096,0.000162,163840,0.007467,0.184,0.946,3.0,constant,False,256,2,simple,,,5,1000000,1024,12000
20251126-004912,1.870296955,1.870296955,76.99359894,76.99359894,0.03238818925,0.2228362522499999,1.421102538625,1.421896219,9.850000381,6.145833432625,19143.66602,19113.02051,2267.333252,2267.333252,19.33333397,15.91666674625,3278.0,3274.6666565,0.537213266,0.440654065375,0.0,0.0,Windows 11,AMD Ryzen 7 5700X 8-Core Processor,8,34265653248,NVIDIA GeForce RTX 5080,16303.0,,ppo,3DBall,512,7.6e-05,10240,0.004626,0.132,0.933,4.0,linear,True,512,1,simple,,,5,100000,1024,12000
20251126-005042,1.100183487,1.233657598,15.23159695,335.9707947,0.012387195,0.946352661,1.4154535938780486,1.408508301,12.83333302,8.201219523756098,19643.33398,19250.743902439022,2267.333252,2267.333252,26.0,14.528455315853655,3209.0,3197.873987707317,0.741357446,0.5580973778292684,0.0,0.0,Windows 11,AMD Ryzen 7 5700X 8-Core Processor,8,34265653248,NVIDIA GeForce RTX 5080,16303.0,,ppo,3DBall,4096,0.000269,327680,0.003456,0.192,0.94,4.0,linear,False,64,1,simple,,,5,500000,2048,12000
20251126-005634,2.627639771,2.627639771,1152.150146,1152.150146,0.0134880053333333,0.0243852933333333,1.3970898847349398,1.367357135,19.03333282,7.374297147698796,19452.0,18579.425733975902,2267.3332520000004,2267.333252,29.0,14.43775098898795,3226.0,2808.925700361446,0.768734038,0.5443275480963856,0.0,0.0,Windows 11,AMD Ryzen 7 5700X 8-Core Processor,8,34265653248,NVIDIA GeForce RTX 5080,16303.0,,ppo,3DBall,4096,0.000268,327680,0.009941,0.23,0.921,10.0,linear,True,256,3,simple,,,5,1000000,128,12000
20251126-011600,92.58335114,100.0000153,347.0722656,701.5861816,0.0241813837708333,0.2427474829375,1.31826347186747,1.275532365,21.45000076,8.901405604433736,18564.66602,18351.46583228916,2267.3332520000004,2267.333252,28.0,16.01204816987952,3225.5,3195.516063277108,0.815492392,0.5375837798192771,0.0,0.0,Windows 11,AMD Ryzen 7 5700X 8-Core Processor,8,34265653248,NVIDIA GeForce RTX 5080,16303.0,,ppo,3DBall,1024,0.000217,20480,0.008558,0.247,0.934,4.0,linear,False,512,1,simple,,,5,1000000,512,12000
20251126-012754,100.0000153,100.0000153,746.6451416,746.6451416,0.0196786933333333,0.2022562126666666,1.3842819914819275,1.28770268,19.20000076,8.399799203144578,19164.0,17972.36750493976,2267.3332520000004,2267.333252,27.0,15.467871539397592,3190.0,2833.6224894698794,0.824389338,0.5381167268915663,0.0,0.0,Windows 11,AMD Ryzen 7 5700X 8-Core Processor,8,34265653248,NVIDIA GeForce RTX 5080,16303.0,,ppo,3DBall,2048,0.000134,163840,0.00136,0.26,0.921,5.0,constant,True,32,2,simple,,,5,1000000,1024,12000
20251126-014034,1.169886351,1.20961535,18.13646126,43.26273346,,,1.418938264125,1.418938279,6.25,3.449999988,15387.33301,15271.95837375,2267.333252,2267.333252,25.66666603,16.2708333725,1561.0,1561.0,0.750880361,0.613890264125,0.0,0.0,Windows 11,AMD Ryzen 7 5700X 8-Core Processor,8,34265653248,NVIDIA GeForce RTX 5080,16303.0,,ppo,3DBall,4096,0.000223,163840,0.008034,0.171,0.917,5.0,linear,True,128,1,simple,,,5,100000,512,12000
20251126-014128,1.227184415,1.227184415,47.47306442,47.47306442,,,1.41893824925,1.418938279,4.550000191,3.135416686625,15412.66699,15253.3542475,2267.333252,2267.333252,16.0,11.6041666275,1561.333374,1560.75,0.720853388,0.530338089875,0.0,0.0,Windows 11,AMD Ryzen 7 5700X 8-Core Processor,8,34265653248,NVIDIA GeForce RTX 5080,16303.0,,ppo,3DBall,4096,0.000148,327680,0.005102,0.225,0.907,3.0,constant,False,512,3,simple,,,5,100000,256,12000
20251126-014228,2.133692741,2.133692741,67.66648102,67.66648102,0.0332013439999999,0.2321346775,1.412943840125,1.402050138,5.466666698,4.422916620875,15033.33301,14975.1875,2267.333252,2267.333252,9.666666985,8.166666686625,1560.0,1555.5,0.670176327,0.519991815125,0.0,0.0,Windows 11,AMD Ryzen 7 5700X 8-Core Processor,8,34265653248,NVIDIA GeForce RTX 5080,16303.0,,ppo,3DBall,512,0.000269,10240,0.00704,0.176,0.928,8.0,linear,False,128,1,simple,,,5,100000,64,12000
20251126-014347,8.607318878,8.607318878,529.6415405,529.6415405,0.0169959822083333,0.2018503457083333,1.3707218701445782,1.311214566,8.699999809,3.8497991906867473,15951.0,15460.134542048194,2267.3332520000004,2267.333252,24.0,11.791164631,1524.0,1471.8172695662652,1.014865041,0.6405595016867469,0.0,0.0,Windows 11,AMD Ryzen 7 5700X 8-Core Processor,8,34265653248,NVIDIA GeForce RTX 5080,16303.0,,ppo,3DBall,2048,0.000287,40960,0.005344,0.198,0.901,4.0,constant,False,32,1,simple,,,5,1000000,1024,12000
20251126-015248,10.14859962,10.14859962,265.8943481,265.8943481,0.0351298082173913,0.2989821220434782,1.376083990390244,1.319648862,9.100000381,4.149593492804878,15561.0,15343.776391219511,2267.333252,2267.333252,26.33333397,13.723577232,1464.0,1462.9268292682927,1.116090775,0.664538847195122,0.0,0.0,Windows 11,AMD Ryzen 7 5700X 8-Core Processor,8,34265653248,NVIDIA GeForce RTX 5080,16303.0,,ppo,3DBall,512,0.000126,20480,0.006889,0.221,0.939,4.0,constant,False,128,1,simple,,,5,500000,1024,12000
20251126-015730,1.158192039,1.161581874,47.77471542,106.8068924,,,1.4189382670999997,1.418938279,13.0,5.202500021400001,16206.33301,15844.9333495,2267.3332519999994,2267.333252,27.33333397,16.15000000075,1463.0,1462.6166687,0.870894074,0.5218809544499999,0.0,0.0,Windows 11,AMD Ryzen 7 5700X 8-Core Processor,8,34265653248,NVIDIA GeForce RTX 5080,16303.0,,ppo,3DBall,4096,3.4e-05,327680,0.003249,0.135,0.949,5.0,constant,False,512,2,simple,,,5,250000,64,12000
20251126-015932,7.429497242,7.429497242,679.4991455,679.4991455,0.0129914368333333,0.0150766291666666,1.406062565554217,1.366150022,13.89999962,2.8746987883012047,17025.0,16691.030132168675,2267.3332520000004,2267.333252,28.0,16.74297185106024,1479.333374,1477.6244984819275,0.937106013,0.5540836858915663,0.0,0.0,Windows 11,AMD Ryzen 7 5700X 8-Core Processor,8,34265653248,NVIDIA GeForce RTX 5080,16303.0,,ppo,3DBall,4096,0.00023,163840,0.009776,0.131,0.92,3.0,constant,False,512,3,simple,,,5,1000000,128,12000
20251126-021105,1.613574624,1.613574624,855.5873413,855.5873413,0.0127539023333333,0.0304411343333333,1.4062852626506026,1.371016741,8.899999619,5.204819228361446,16700.0,16278.618434939755,2267.3332520000004,2267.333252,29.66666603,24.124497976626504,1477.0,1476.7590361445782,0.737514496,0.4953292479638554,0.0,0.0,Windows 11,AMD Ryzen 7 5700X 8-Core Processor,8,34265653248,NVIDIA GeForce RTX 5080,16303.0,,ppo,3DBall,4096,0.000222,327680,0.002613,0.176,0.917,8.0,constant,False,512,1,simple,,,5,1000000,512,12000
20251126-022532,100.0000076,100.0000076,716.7918091,1845.622314,0.0178095383333333,0.0088793999166666,1.254391733493976,1.167875171,8.5,3.182228908819277,16193.5,15488.581319457831,2267.3332520000004,2267.333252,27.0,8.34437753640964,1545.0,1502.8524096385545,1.124848723,0.6235524598915663,0.0,0.0,Windows 11,AMD Ryzen 7 5700X 8-Core Processor,8,34265653248,NVIDIA GeForce RTX 5080,16303.0,,ppo,3DBall,2048,9.7e-05,81920,0.006101,0.133,0.901,10.0,linear,True,512,2,simple,,,5,2000000,64,12000
20251126-025632,2.132344961,2.190958738,486.0621033,521.2142944,0.0188134941666666,0.0185722433333333,1.411832509240964,1.396123648,9.266666412,4.696586350385543,15972.33301,15780.504093975904,2267.3332520000004,2267.333252,15.33333302,7.841365450614458,1564.0,1531.0361445783133,0.9082039,0.5912990235903614,0.0,0.0,Windows 11,AMD Ryzen 7 5700X 8-Core Processor,8,34265653248,NVIDIA GeForce RTX 5080,16303.0,,ppo,3DBall,2048,0.000163,163840,0.003512,0.25,0.905,3.0,linear,False,256,2,simple,,,5,1000000,512,12000
20251126-030524,100.0000153,100.0000153,319.234436,725.2441406,0.0259539328333333,0.07423452225,1.2675700746746987,1.18899703,8.300000191,4.93132527479518,15798.0,15651.212843614456,2267.3332520000004,2267.333252,24.0,9.074297181096386,1551.0,1536.8212846506024,0.880006135,0.600086636566265,0.0,0.0,Windows 11,AMD Ryzen 7 5700X 8-Core Processor,8,34265653248,NVIDIA GeForce RTX 5080,16303.0,,ppo,3DBall,1024,0.000229,81920,0.009212,0.22,0.933,10.0,constant,True,64,2,simple,,,5,1000000,128,12000
20251126-031741,100.0000153,100.0000153,173.6224518,653.4814453,0.0346930854583333,0.0082446749583333,1.267579710614458,1.224853635,9.75,6.300803253445783,16714.5,16100.142554698792,2267.3332520000004,2267.333252,25.0,12.909638554216864,1562.0,1541.3132515421687,0.911469221,0.5878377524216867,0.0,0.0,Windows 11,AMD Ryzen 7 5700X 8-Core Processor,8,34265653248,NVIDIA GeForce RTX 5080,16303.0,,ppo,3DBall,512,0.000156,40960,0.002508,0.265,0.944,5.0,linear,True,512,2,simple,,,5,1000000,512,12000
20251126-032847,6.293168545,6.293168545,537.3334961,537.3334961,0.0173253169166666,0.1363641647083333,1.394891178759036,1.328548312,8.066666603,3.1120482065421684,16637.5,15628.917697951809,2267.3332520000004,2267.333252,27.5,15.823293157710845,1540.0,1539.5140557349396,0.964642763,0.6005349791204819,0.0,0.0,Windows 11,AMD Ryzen 7 5700X 8-Core Processor,8,34265653248,NVIDIA GeForce RTX 5080,16303.0,,ppo,3DBall,2048,0.000287,40960,0.005344,0.198,0.901,4.0,constant,False,32,1,simple,,,5,1000000,1024,12000
20251126-033756,1.424210429,1.424210429,264.7065735,264.7065735,0.0187841926666666,0.0602542213333333,1.411852874292683,1.403955817,5.666666508,3.0658536538292687,15783.66699,15217.939071707317,2267.333252,2267.333252,18.66666603,6.626016266219512,1568.0,1556.8617866341465,1.023146391,0.6612287629268293,0.0,0.0,Windows 11,AMD Ryzen 7 5700X 8-Core Processor,8,34265653248,NVIDIA GeForce RTX 5080,16303.0,,ppo,3DBall,2048,0.000256,163840,0.005612,0.256,0.936,4.0,constant,False,32,2,simple,,,5,500000,2048,12000
20251126-034236,1.529385924,1.599324226,971.0315552,1107.159058,0.0123216613333333,0.0458292078333333,1.4092661300722895,1.401920915,5.099999905,2.886044176253012,15475.0,15160.794174759034,2267.3332520000004,2267.333252,2.0,1.115461854686747,1568.0,1568.0,1.199766636,0.6506019837951807,0.0,0.0,Windows 11,AMD Ryzen 7 5700X 8-Core Processor,8,34265653248,NVIDIA GeForce RTX 5080,16303.0,,ppo,3DBall,4096,4.3e-05,327680,0.00299,0.281,0.923,5.0,linear,False,64,3,simple,,,5,2000000,1024,12000
20251126-040116,1.429746747,1.54162991,255.4373627,363.9085999,0.0183750216666666,0.0779998006666666,1.395973868195122,1.374884486,6.266666889,4.210975612048781,15229.0,15048.19107268293,2267.333252,2267.333252,2.0,1.219512200926829,1569.0,1568.2439024390244,0.881143272,0.5754660433414633,0.0,0.0,Windows 11,AMD Ryzen 7 5700X 8-Core Processor,8,34265653248,NVIDIA GeForce RTX 5080,16303.0,,ppo,3DBall,2048,0.000284,163840,0.001363,0.233,0.917,10.0,constant,False,256,1,simple,,,5,500000,512,12000
20251126-040732,100.0000153,100.0000153,194.129776,726.9116821,0.0347846765,0.0544764563333333,1.27787595626506,1.191286922,7.75,3.160441784879518,15016.5,14948.97590361446,2267.3332520000004,2267.333252,2.0,1.614457830614458,1569.0,1569.0,1.180222631,0.6685903580361444,0.0,0.0,Windows 11,AMD Ryzen 7 5700X 8-Core Processor,8,34265653248,NVIDIA GeForce RTX 5080,16303.0,,ppo,3DBall,512,5.7e-05,20480,0.000361,0.116,0.931,10.0,constant,True,64,3,simple,,,5,1000000,128,12000
20251126-041950,13.36419964,15.71714497,280.5432129,296.1431885,0.0195652725,0.0374614201666666,1.3905527998536586,1.353699803,5.266666889,2.963008147926829,15228.66699,15130.691025365852,2267.333252,2267.333252,2.0,1.23170731997561,1569.0,1569.0,0.720198214,0.5176256222195121,0.0,0.0,Windows 11,AMD Ryzen 7 5700X 8-Core Processor,8,34265653248,NVIDIA GeForce RTX 5080,16303.0,,ppo,3DBall,2048,0.000294,81920,0.009798,0.241,0.916,4.0,linear,True,512,3,simple,,,5,500000,2048,12000
20251126-042521,83.02858734,83.02858734,204.8636169,204.8636169,0.0255481156363636,0.3422755477272727,1.3893115044500002,1.363670111,5.300000191,3.7233333587500006,15041.5,14999.9333495,2267.3332519999994,2267.333252,2.0,1.4,1569.0,1569.0,1.199180841,0.6893196895499999,0.0,0.0,Windows 11,AMD Ryzen 7 5700X 8-Core Processor,8,34265653248,NVIDIA GeForce RTX 5080,16303.0,,ppo,3DBall,1024,8.9e-05,20480,0.001603,0.107,0.948,10.0,linear,True,512,2,simple,,,5,250000,2048,12000
20251126-042910,2.456212997,2.646562576,226.8810883,255.7536011,0.0182552219999999,0.1809390931666666,1.414289736195122,1.408392906,5.833333492,3.1321138289268298,15179.66699,15075.670755365854,2267.333252,2267.333252,2.0,1.1300813061707318,1569.0,1569.0,1.066515803,0.6654648148780488,0.0,0.0,Windows 11,AMD Ryzen 7 5700X 8-Core Processor,8,34265653248,NVIDIA GeForce RTX 5080,16303.0,,ppo,3DBall,2048,0.000159,81920,0.000826,0.169,0.906,4.0,constant,True,128,1,simple,,,5,500000,256,12000
20251126-043338,6.258896351,6.258896351,165.7554932,165.7554932,0.034540806,0.01676219085,1.3909202634000002,1.368607402,4.949999809,2.4283333122,15010.5,14981.2,2267.3332519999994,2267.333252,2.5,1.3416666686999998,1569.0,1569.0,0.732376754,0.5101116106,0.0,0.0,Windows 11,AMD Ryzen 7 5700X 8-Core Processor,8,34265653248,NVIDIA GeForce RTX 5080,16303.0,,ppo,3DBall,512,8e-05,10240,0.005223,0.107,0.924,8.0,linear,False,128,3,simple,,,5,250000,1024,12000
20251126-043640,100.0000153,100.0000153,139.7438354,519.4174805,0.0348971257234042,0.0970732040212765,1.2421542994457833,1.161702037,10.5,4.557028099710843,15161.0,15085.40160253012,2267.3332520000004,2267.333252,2.0,1.6004016076265062,1569.0,1569.0,1.300159216,0.7100666901325302,0.0,0.0,Windows 11,AMD Ryzen 7 5700X 8-Core Processor,8,34265653248,NVIDIA GeForce RTX 5080,16303.0,,ppo,3DBall,512,0.000161,20480,0.002508,0.123,0.944,5.0,constant,True,64,3,simple,,,5,1000000,2048,12000
20251126-044531,100.0000153,100.0000153,304.5413208,470.7763977,0.0246864776363636,0.2112226947272727,1.3667248777560974,1.33309865,6.300000191,3.82682926480488,15208.66699,15143.792659268294,2267.333252,2267.333252,2.0,1.451219515097561,1569.0,1569.0,1.224982381,0.7056923929756098,0.0,0.0,Windows 11,AMD Ryzen 7 5700X 8-Core Processor,8,34265653248,NVIDIA GeForce RTX 5080,16303.0,,ppo,3DBall,1024,4.9e-05,40960,0.009865,0.155,0.945,10.0,constant,True,512,3,simple,,,5,500000,1024,12000
20251126-045400,21.13269615,21.13269615,537.9839478,537.9839478,0.0348048877291666,0.088413161625,1.4054860479518072,1.371206522,6.300000191,3.75843375273494,15115.33301,15036.512024819278,2267.3332520000004,2267.333252,2.5,1.347389560518072,1569.0,1569.0,1.223513961,0.6479854899879518,0.0,0.0,Windows 11,AMD Ryzen 7 5700X 8-Core Processor,8,34265653248,NVIDIA GeForce RTX 5080,16303.0,,ppo,3DBall,512,3.1e-05,20480,0.009621,0.167,0.926,5.0,constant,False,32,3,simple,,,5,1000000,512,12000
20251126-050310,0.846353352,1.215636969,65.82121277,554.9736328,0.0121609429166666,0.8204905166666667,1.4179814465662652,1.418592453,6.5,2.7748995962891567,15418.5,15221.759024457831,2267.3332520000004,2267.333252,1.666666627,1.056224906325301,1569.0,1569.0,1.011586189,0.614345044566265,0.0,0.0,Windows 11,AMD Ryzen 7 5700X 8-Core Processor,8,34265653248,NVIDIA GeForce RTX 5080,16303.0,,ppo,3DBall,4096,7.6e-05,81920,0.002959,0.242,0.937,5.0,constant,True,32,1,simple,,,5,1000000,64,12000
20251126-051236,82.5214386,100.0000153,272.507782,313.6089172,0.0242557070434782,0.0940071564347826,1.403924180268293,1.388488054,7.949999809,3.817886157780488,15294.0,15193.60975609756,2267.333252,2267.333252,2.0,1.491869919195122,1569.0,1569.0,1.194341898,0.6626796991219511,0.0,0.0,Windows 11,AMD Ryzen 7 5700X 8-Core Processor,8,34265653248,NVIDIA GeForce RTX 5080,16303.0,,ppo,3DBall,1024,2.6e-05,20480,0.001499,0.29,0.919,8.0,constant,True,64,3,simple,,,5,500000,512,12000
20251126-051808,2.747284412,2.747284412,236.0636749,236.0636749,0.0250950913333333,0.0480059991666666,1.4199497263170733,1.416545749,6.733333111,3.99593493997561,15334.33301,15276.394269512191,2267.333252,2267.333252,2.0,1.166666672,1569.0,1569.0,0.932090163,0.5890084744146341,0.0,0.0,Windows 11,AMD Ryzen 7 5700X 8-Core Processor,8,34265653248,NVIDIA GeForce RTX 5080,16303.0,,ppo,3DBall,1024,9.1e-05,40960,0.008009,0.164,0.904,3.0,linear,True,64,3,simple,,,5,500000,2048,12000
20251126-052222,1.653210878,1.656781554,437.5719604,467.585968,0.0116608246666666,0.4347292718333333,1.418261039734939,1.416265488,4.833333492,2.2230923635060247,15405.0,15307.785179518074,2267.3332520000004,2267.333252,2.0,1.2791164725542168,1569.0,1569.0,0.868399501,0.5757440407590361,0.0,0.0,Windows 11,AMD Ryzen 7 5700X 8-Core Processor,8,34265653248,NVIDIA GeForce RTX 5080,16303.0,,ppo,3DBall,4096,5.1e-05,81920,0.002426,0.16,0.925,3.0,constant,False,128,1,simple,,,5,1000000,2048,12000
20251126-053020,1.543392062,1.563192844,244.9081268,272.8539734,0.0173282635,0.4687666121666667,1.4114867505609756,1.404668927,4.550000191,2.263821136707317,15499.0,15352.86182804878,2267.333252,2267.333252,1.666666627,1.158536597,1569.0,1569.0,0.828584552,0.5818854584878049,0.0,0.0,Windows 11,AMD Ryzen 7 5700X 8-Core Processor,8,34265653248,NVIDIA GeForce RTX 5080,16303.0,,ppo,3DBall,2048,3.7e-05,81920,0.002215,0.279,0.929,5.0,constant,False,256,1,simple,,,5,500000,512,12000
20251126-053506,85.75715637,100.0000153,62.61837769,1180.965454,0.0336360906626506,0.0106123197590361,1.1504118255783131,1.060054541,11.39999962,6.108232944855422,15399.5,15273.564258975905,2267.3332520000004,2267.333252,2.0,1.50200803236747,1569.0,1569.0,0.928983152,0.5964529189036145,0.0,0.0,Windows 11,AMD Ryzen 7 5700X 8-Core Processor,8,34265653248,NVIDIA GeForce RTX 5080,16303.0,,ppo,3DBall,512,0.000236,10240,0.007743,0.296,0.912,4.0,linear,False,512,3,simple,,,5,2000000,2048,12000
20251126-055503,100.0000153,100.0000153,140.6317139,1252.636108,0.0342391080104166,0.02449009546875,1.0732590653313254,0.932492495,9.899999619,3.363353411512047,15435.5,15273.52811439759,2267.3332520000004,2267.333252,3.0,1.735943774506024,1569.0,1569.0,1.317422152,0.6726340030542168,0.0,0.0,Windows 11,AMD Ryzen 7 5700X 8-Core Processor,8,34265653248,NVIDIA GeForce RTX 5080,16303.0,,ppo,3DBall,512,0.000257,20480,0.007168,0.17,0.935,8.0,constant,False,64,3,simple,,,5,2000000,128,12000
20251126-061614,23.41633034,25.75869942,321.4942322,328.9959106,0.0176538859999999,0.5396350739090909,1.3687724748292682,1.319873214,6.599999905,2.8813008011951218,15438.66699,15329.30487804878,2267.333252,2267.333252,2.0,1.439024394609756,1569.0,1569.0,1.041134238,0.6497687676341464,0.0,0.0,Windows 11,AMD Ryzen 7 5700X 8-Core Processor,8,34265653248,NVIDIA GeForce RTX 5080,16303.0,,ppo,3DBall,2048,0.000244,40960,0.008851,0.296,0.941,10.0,linear,False,32,3,simple,,,5,500000,1024,12000
20251126-062211,100.0000153,100.0000153,85.61862183,287.3328857,0.0248837716521739,0.0851284930869565,1.3504826441219513,1.279380083,7.0,3.304471536365853,15433.5,15324.50814585366,2267.333252,2267.333252,2.0,1.544715449585366,1569.0,1569.0,0.858411193,0.581961703707317,0.0,0.0,Windows 11,AMD Ryzen 7 5700X 8-Core Processor,8,34265653248,NVIDIA GeForce RTX 5080,16303.0,,ppo,3DBall,1024,0.00015,20480,0.008858,0.294,0.915,5.0,constant,True,512,2,simple,,,5,500000,512,12000
20251126-062716,6.820530891,7.457448006,501.6685791,509.3971558,0.0245477265208333,0.0336847029375,1.367424851421687,1.33670485,7.550000191,3.610642593289157,15455.5,15299.12254060241,2267.3332520000004,2267.333252,2.0,1.4879518101084337,1569.0,1569.0,1.146543622,0.6270567516024096,0.0,0.0,Windows 11,AMD Ryzen 7 5700X 8-Core Processor,8,34265653248,NVIDIA GeForce RTX 5080,16303.0,,ppo,3DBall,1024,0.00011,20480,0.003929,0.259,0.919,5.0,linear,False,128,1,simple,,,5,1000000,128,12000
20251126-063556,100.0000153,100.0000153,219.1251526,294.8756409,0.0249934187272727,0.2932017783636364,1.3581481853414634,1.303478003,6.449999809,3.50853658304878,15372.0,15294.081316585363,2267.333252,2267.333252,2.0,1.5609756083170732,1569.0,1569.0,1.247286558,0.7009550398292683,0.0,0.0,Windows 11,AMD Ryzen 7 5700X 8-Core Processor,8,34265653248,NVIDIA GeForce RTX 5080,16303.0,,ppo,3DBall,1024,0.000233,40960,0.001476,0.282,0.942,8.0,linear,True,128,1,simple,,,5,500000,512,12000
20251126-064116,100.0000153,100.0000153,550.1213989,977.048584,0.0178664726666666,0.23554439075,1.359265909060241,1.324793577,6.699999809,3.461847386487952,15619.0,15479.936764518074,2267.3332520000004,2267.333252,2.0,1.508032128753012,1569.0,1569.0,1.389391422,0.7516472529939758,0.0,0.0,Windows 11,AMD Ryzen 7 5700X 8-Core Processor,8,34265653248,NVIDIA GeForce RTX 5080,16303.0,,ppo,3DBall,2048,0.000105,81920,0.00208,0.159,0.938,3.0,linear,False,512,2,simple,,,5,2000000,256,12000
20251126-065746,100.0000076,100.0000076,175.0866852,1540.706787,0.0243499237708333,0.002829675625,1.067380045560241,1.066285133,7.849999905,3.2019076422710846,15519.5,15355.28615626506,2267.3332520000004,2267.333252,2.5,1.6827309239337351,1569.0,1569.0,1.393624187,0.7279378667048193,0.0,0.0,Windows 11,AMD Ryzen 7 5700X 8-Core Processor,8,34265653248,NVIDIA GeForce RTX 5080,16303.0,,ppo,3DBall,1024,0.000224,40960,0.005678,0.278,0.906,10.0,constant,False,256,3,simple,,,5,2000000,64,12000
20251126-072338,1.525601625,1.525601625,164.2729797,164.2729797,0.0244401034,0.0830796396,1.4131104886,1.408189893,5.966666698,2.3708333372,15324.33301,15282.4083495,2267.3332519999994,2267.333252,1.666666627,1.200000006,1569.0,1569.0,0.767095029,0.52780989265,0.0,0.0,Windows 11,AMD Ryzen 7 5700X 8-Core Processor,8,34265653248,NVIDIA GeForce RTX 5080,16303.0,,ppo,3DBall,1024,8.5e-05,40960,0.004868,0.191,0.937,10.0,linear,False,64,2,simple,,,5,250000,128,12000
20251126-072651,1.142055988,1.259645581,47.39022064,111.8030777,0.0162587885,0.359273568,1.4187036276500002,1.41854775,5.199999809,2.1066666424,15527.0,15387.558398,2267.3332519999994,2267.333252,1.5,1.0750000089499998,1569.0,1569.0,0.741749525,0.5314069702499999,0.0,0.0,Windows 11,AMD Ryzen 7 5700X 8-Core Processor,8,34265653248,NVIDIA GeForce RTX 5080,16303.0,,ppo,3DBall,2048,2e-05,81920,0.003879,0.284,0.939,3.0,linear,True,128,2,simple,,,5,250000,64,12000
20251126-072906,87.51428986,100.0000076,281.7012634,454.3105164,0.0339762588072289,0.4225240028433735,1.3913005374457834,1.371565461,8.550000191,3.2196787121566266,15380.0,15284.359457228917,2267.3332520000004,2267.333252,2.0,1.4658634547831324,1569.0,1569.0,0.883657038,0.522151221686747,0.0,0.0,Windows 11,AMD Ryzen 7 5700X 8-Core Processor,8,34265653248,NVIDIA GeForce RTX 5080,16303.0,,ppo,3DBall,512,6e-05,10240,0.006921,0.114,0.94,3.0,linear,True,32,3,simple,,,5,1000000,64,12000
20251126-073653,100.0000153,100.0000153,215.740509,607.1312256,0.0245024409583333,0.1459313277083333,1.1790435270843374,1.023927689,8.050000191,4.138353411036144,15456.5,15298.04416891566,2267.3332520000004,2267.333252,2.0,1.654618472939759,1569.0,1569.0,1.196795106,0.6467199910843374,0.0,0.0,Windows 11,AMD Ryzen 7 5700X 8-Core Processor,8,34265653248,NVIDIA GeForce RTX 5080,16303.0,,ppo,3DBall,1024,0.000169,20480,0.005444,0.231,0.947,8.0,constant,False,32,3,simple,,,5,1000000,512,12000
20251126-074711,1.464377642,1.464377642,159.8028564,159.8028564,0.0120273855,0.0686850845,1.4147543727,1.412281036,4.366666794,2.0325000196500005,15587.33301,15453.7083495,2267.3332519999994,2267.333252,1.666666627,1.05833333435,1569.0,1569.0,0.744007826,0.5246364743499999,0.0,0.0,Windows 11,AMD Ryzen 7 5700X 8-Core Processor,8,34265653248,NVIDIA GeForce RTX 5080,16303.0,,ppo,3DBall,4096,9.3e-05,81920,0.003723,0.147,0.95,10.0,linear,True,256,2,simple,,,5,250000,128,12000
20251126-075037,1.116081357,1.197126389,123.3542252,304.3171387,0.012758505,0.502563,1.4180032683414634,1.416140199,4.400000095,2.704471532926829,15986.0,15551.894411463416,2267.333252,2267.333252,1.666666627,1.040650409902439,1569.0,1569.0,1.077850819,0.5990190694634147,0.0,0.0,Windows 11,AMD Ryzen 7 5700X 8-Core Processor,8,34265653248,NVIDIA GeForce RTX 5080,16303.0,,ppo,3DBall,4096,3.7e-05,327680,0.003951,0.249,0.941,10.0,constant,True,32,1,simple,,,5,500000,64,12000
20251126-075554,100.0000153,100.0000153,221.462326,965.6523438,0.0248098348541666,0.1091483227083333,1.335691707698795,1.299113989,8.199999809,3.450903627512048,15523.5,15378.81626506024,2267.3332520000004,2267.333252,2.0,1.6134538162228915,1569.0,1569.0,1.449395299,0.7119224297228915,0.0,0.0,Windows 11,AMD Ryzen 7 5700X 8-Core Processor,8,34265653248,NVIDIA GeForce RTX 5080,16303.0,,ppo,3DBall,1024,8.2e-05,40960,0.000448,0.145,0.907,3.0,linear,True,512,2,simple,,,5,2000000,256,12000
20251126-081212,1.219498038,1.253137231,25.11805344,48.60361862,0.02315966325,0.2380341665,1.4162503777500002,1.41470921,3.700000048,2.04583334925,15435.0,15328.70837375,2267.333252,2267.333252,1.5,1.125000015,1569.0,1569.0,0.736496449,0.535471838,0.0,0.0,Windows 11,AMD Ryzen 7 5700X 8-Core Processor,8,34265653248,NVIDIA GeForce RTX 5080,16303.0,,ppo,3DBall,1024,0.000215,20480,0.007348,0.278,0.906,4.0,linear,False,32,2,simple,,,5,100000,1024,12000
20251126-081312,1.295219064,1.353278637,241.6651306,246.1468353,0.012094787,0.028068505,1.4152084616341465,1.407772064,4.066666603,1.9247967528780483,15928.0,15587.402415365856,2267.333252,2267.333252,1.5,1.0528455362195124,1569.0,1569.0,0.805904627,0.5537110312195122,0.0,0.0,Windows 11,AMD Ryzen 7 5700X 8-Core Processor,8,34265653248,NVIDIA GeForce RTX 5080,16303.0,,ppo,3DBall,4096,0.000287,327680,0.006137,0.121,0.925,4.0,constant,True,256,2,simple,,,5,500000,64,12000
20251126-081730,100.0000153,100.0000153,95.43043518,286.8980713,0.0253373907826086,0.1035861238695652,1.331273704,1.244254827,8.399999619,4.55162600197561,15512.33301,15356.955292439026,2267.333252,2267.333252,2.0,1.6056910578780488,1569.0,1569.0,1.210221887,0.6779148520243903,0.0,0.0,Windows 11,AMD Ryzen 7 5700X 8-Core Processor,8,34265653248,NVIDIA GeForce RTX 5080,16303.0,,ppo,3DBall,1024,0.00015,20480,0.008858,0.294,0.915,5.0,constant,True,512,2,simple,,,5,500000,512,12000
20251126-082236,100.0000153,100.0000153,57.3026619,390.861908,0.0341271984146341,0.0365415506097561,1.2683967787560977,1.202079654,9.5,3.744308925146341,15436.0,15364.548780487805,2267.333252,2267.333252,2.0,1.3211382118780488,1569.0,1569.0,0.90501672,0.549843965512195,0.0,0.0,Windows 11,AMD Ryzen 7 5700X 8-Core Processor,8,34265653248,NVIDIA GeForce RTX 5080,16303.0,,ppo,3DBall,512,0.000182,10240,0.002918,0.248,0.944,10.0,constant,True,256,3,simple,,,5,500000,512,12000
20251126-082924,2.268820047,2.268820047,65.99010468,65.99010468,0.02508787425,0.0208867602499999,1.4127082080000002,1.396619797,4.300000191,2.622916654,15470.66699,15402.7917475,2267.333252,2267.333252,2.5,1.47916665675,1569.0,1569.0,0.923626482,0.57542468975,0.0,0.0,Windows 11,AMD Ryzen 7 5700X 8-Core Processor,8,34265653248,NVIDIA GeForce RTX 5080,16303.0,,ppo,3DBall,1024,0.000141,20480,0.001991,0.216,0.938,5.0,constant,False,512,3,simple,,,5,100000,256,12000
20251126-083042,18.5317421,18.5317421,89.6497345,89.6497345,0.03401064125,0.173779508,1.418419107625,1.418415785,7.233333111,2.820833295625,15381.66699,15367.7292475,2267.333252,2267.333252,1.0,0.9375,1566.0,1566.0,1.231430292,0.535533322,0.0,0.0,Windows 11,AMD Ryzen 7 5700X 8-Core Processor,8,34265653248,NVIDIA GeForce RTX 5080,16303.0,,ppo,Crawler,512,1.5e-05,20480,0.008918,0.215,0.927,10.0,constant,False,128,3,simple,,,5,100000,128,12000
20251126-083229,115.8827667,173.3532867,1316.810547,1381.573242,0.0120274042916666,3.2650847858750005,1.3891965207771084,1.360552073,7.599999905,2.7021887611325304,15826.5,15640.133230180722,2267.3332520000004,2267.333252,1.0,0.8973895598975903,1567.0,1566.5823290722892,1.356690168,0.7411179951927711,0.0,0.0,Windows 11,AMD Ryzen 7 5700X 8-Core Processor,8,34265653248,NVIDIA GeForce RTX 5080,16303.0,,ppo,Crawler,4096,0.000196,81920,0.001354,0.252,0.932,4.0,constant,False,512,1,simple,,,5,2000000,128,12000
20251126-085546,5.443078995,13.61684895,249.8204803,265.7528992,0.0253797715,0.368472993,1.3969775318,1.368824124,4.599999905,3.6791666746500007,15633.0,15564.516602,2267.3332519999994,2267.333252,1.0,0.68750000295,1566.0,1566.0,1.355687499,0.6726225771000001,0.0,0.0,Windows 11,AMD Ryzen 7 5700X 8-Core Processor,8,34265653248,NVIDIA GeForce RTX 5080,16303.0,,ppo,Crawler,1024,0.000243,81920,0.005425,0.279,0.93,10.0,constant,True,512,3,simple,,,5,250000,1024,12000
20251126-090127,891.8917847,1342.690186,1637.772583,1694.077759,0.0242939227916666,48.48030487652084,1.4058625985542168,1.391344428,6.949999809,3.4843373456325293,15616.5,15468.29188620482,2267.3332520000004,2267.333252,2.0,0.9229919697108432,1567.0,1566.617469879518,1.543118596,0.6585252846807229,0.0,0.0,Windows 11,AMD Ryzen 7 5700X 8-Core Processor,8,34265653248,NVIDIA GeForce RTX 5080,16303.0,,ppo,Crawler,1024,0.00017,20480,0.005715,0.119,0.929,8.0,linear,False,256,1,simple,,,5,2000000,128,12000
20251126-093003,2.859647751,9.478027344,142.4744263,162.5471649,0.0247244584999999,0.262161508,1.4194285453000002,1.418574572,5.5,3.1879166484,15665.33301,15558.0874515,2267.3332519999994,2267.333252,1.0,0.8500000030499999,1566.0,1566.0,0.919048607,0.6629446267000001,0.0,0.0,Windows 11,AMD Ryzen 7 5700X 8-Core Processor,8,34265653248,NVIDIA GeForce RTX 5080,16303.0,,ppo,Crawler,1024,9.6e-05,81920,0.007134,0.232,0.914,3.0,constant,True,512,1,simple,,,5,250000,1024,12000
20251126-093315,274.8410645,470.1713867,887.2533569,897.1859131,0.01221754775,4.470187811583333,1.3945373310843374,1.356200576,7.0,3.902309235289157,15834.0,15668.454842650604,2267.3332520000004,2267.333252,1.0,0.8975903632771084,1566.0,1566.0,1.371946096,0.7884237925903615,0.0,0.0,Windows 11,AMD Ryzen 7 5700X 8-Core Processor,8,34265653248,NVIDIA GeForce RTX 5080,16303.0,,ppo,Crawler,4096,0.000266,81920,0.005421,0.272,0.901,10.0,constant,True,128,2,simple,,,5,1000000,1024,12000
20251126-094904,-0.239348933,-0.239348933,73.32434845,73.32434845,0.011229564,0.205541119,1.41894719,1.418998599,5.099999905,3.990624994125,15652.0,15516.95837375,2267.333252,2267.333252,0.666666687,0.4062500075,1566.0,1566.0,0.683087885,0.5394524709999999,0.0,0.0,Windows 11,AMD Ryzen 7 5700X 8-Core Processor,8,34265653248,NVIDIA GeForce RTX 5080,16303.0,,ppo,Crawler,4096,3.3e-05,81920,0.003383,0.284,0.916,3.0,constant,True,256,3,simple,,,5,100000,512,12000
20251126-095033,1.077843547,1.077843547,73.91413116,73.91413116,0.0228122975,0.275863111,1.417097121375,1.41326344,3.200000048,2.379166692375,15495.0,15451.61462375,2267.333252,2267.333252,1.0,0.885416667875,1566.0,1566.0,0.684178114,0.47939039775,0.0,0.0,Windows 11,AMD Ryzen 7 5700X 8-Core Processor,8,34265653248,NVIDIA GeForce RTX 5080,16303.0,,ppo,Crawler,1024,0.000232,40960,0.000598,0.137,0.934,5.0,constant,True,256,1,simple,,,5,100000,1024,12000
20251126-095203,15.25212002,33.51754761,322.0195618,357.5179749,0.0245804978333333,0.5393792641666667,1.419030776804878,1.419116855,5.349999905,3.021544712292683,15719.66699,15578.432950487806,2267.333252,2267.333252,1.0,0.7662601675121952,1566.0,1566.0,1.239014983,0.7453676546097561,0.0,0.0,Windows 11,AMD Ryzen 7 5700X 8-Core Processor,8,34265653248,NVIDIA GeForce RTX 5080,16303.0,,ppo,Crawler,1024,0.000108,81920,0.009467,0.197,0.909,5.0,linear,True,64,1,simple,,,5,500000,64,12000
20251126-095833,-0.856195152,-0.818755865,48.26346588,161.975647,,,1.4189382671,1.418938279,3.775000095,2.11541667585,16200.0,15816.1708495,2267.3332519999994,2267.333252,1.0,0.550000003,1566.0,1566.0,0.734842241,0.5766421379000001,0.0,0.0,Windows 11,AMD Ryzen 7 5700X 8-Core Processor,8,34265653248,NVIDIA GeForce RTX 5080,16303.0,,ppo,Crawler,4096,0.000214,327680,0.003711,0.137,0.91,10.0,linear,False,512,3,simple,,,5,250000,128,12000
20251126-100132,-0.539998293,-0.526432931,311.6908264,388.8197937,0.012197525,0.416746855,1.4183524439268294,1.41718483,4.449999809,3.090853641682928,16473.33398,15923.739853170731,2267.333252,2267.333252,1.0,0.5020325264390244,1566.0,1566.0,1.184394836,0.7183410606097561,0.0,0.0,Windows 11,AMD Ryzen 7 5700X 8-Core Processor,8,34265653248,NVIDIA GeForce RTX 5080,16303.0,,ppo,Crawler,4096,0.000214,327680,0.001863,0.17,0.939,5.0,linear,True,512,1,simple,,,5,500000,1024,12000
20251126-100816,18.69107437,33.62218094,849.0751953,1002.35498,0.0122150763333333,0.7060211500000001,1.4064786116626504,1.381914973,6.050000191,3.09628514493976,16557.5,16020.422675180724,2267.3332520000004,2267.333252,1.0,0.742971891433735,1566.0,1566.0,1.340247393,0.7687005086506025,0.0,0.0,Windows 11,AMD Ryzen 7 5700X 8-Core Processor,8,34265653248,NVIDIA GeForce RTX 5080,16303.0,,ppo,Crawler,4096,0.000241,327680,0.000879,0.271,0.945,10.0,constant,True,64,3,simple,,,5,1000000,1024,12000
20251126-102511,1.876046777,2.908479929,773.8432617,990.4573364,0.0123996816666666,0.639682859,1.4158601616867472,1.412954211,6.150000095,2.5666666590963856,16548.33398,16027.69579481928,2267.3332520000004,2267.333252,1.333333373,0.8343373519518072,1566.0,1566.0,1.260638118,0.7254303679156626,0.0,0.0,Windows 11,AMD Ryzen 7 5700X 8-Core Processor,8,34265653248,NVIDIA GeForce RTX 5080,16303.0,,ppo,Crawler,4096,0.000261,327680,0.003708,0.273,0.925,10.0,linear,True,64,1,simple,,,5,1000000,512,12000
20251126-104156,19.5471344,30.91849709,908.1405029,1011.783569,0.0177618278333333,0.1854989851666666,1.411219619939759,1.404250979,6.949999809,3.192670697180723,16030.66699,15821.491952289156,2267.3332520000004,2267.333252,1.0,0.8273092408674699,1566.0,1566.0,1.452213764,0.764925789939759,0.0,0.0,Windows 11,AMD Ryzen 7 5700X 8-Core Processor,8,34265653248,NVIDIA GeForce RTX 5080,16303.0,,ppo,Crawler,2048,0.000128,163840,0.000925,0.265,0.914,10.0,linear,False,256,2,simple,,,5,1000000,256,12000
20251126-105903,-0.237590462,0.062745132,23.66679764,51.5074501,,,1.41893830875,1.418938398,3.700000048,2.46041664475,15769.66699,15656.75,2267.333252,2267.333252,1.0,0.85416667175,1566.0,1566.0,0.880844355,0.6751675456249999,0.0,0.0,Windows 11,AMD Ryzen 7 5700X 8-Core Processor,8,34265653248,NVIDIA GeForce RTX 5080,16303.0,,ppo,Crawler,2048,0.000259,163840,0.008829,0.168,0.928,4.0,linear,False,32,2,simple,,,5,100000,64,12000
20251126-110010,-0.452752173,-0.452752173,79.71176147,79.71176147,0.012703677,0.260350019,1.41910241525,1.420049548,4.675000191,3.266666710375,15748.75,15611.15625,2267.333252,2267.333252,0.75,0.40625000375,1566.0,1566.0,1.049730301,0.5976520777500001,0.0,0.0,Windows 11,AMD Ryzen 7 5700X 8-Core Processor,8,34265653248,NVIDIA GeForce RTX 5080,16303.0,,ppo,Crawler,4096,0.000124,81920,0.001527,0.21,0.931,5.0,constant,True,128,2,simple,,,5,100000,128,12000
20251126-110145,7.090466499,12.79632092,153.176712,158.0020447,0.0184564598,0.723210156,1.4203268826500002,1.421074033,5.800000191,3.65166666515,15710.0,15630.991602,2267.3332519999994,2267.333252,1.0,0.8083333343,1566.0,1566.0,1.049251914,0.674688667,0.0,0.0,Windows 11,AMD Ryzen 7 5700X 8-Core Processor,8,34265653248,NVIDIA GeForce RTX 5080,16303.0,,ppo,Crawler,2048,0.000241,40960,0.003738,0.209,0.933,3.0,constant,False,32,1,simple,,,5,250000,512,12000
20251126-110444,507.7440491,527.6148682,1329.316772,1436.227295,0.0243739370416666,5.231529885072917,1.4036518874096384,1.39373076,7.099999905,3.2234437702710848,15684.5,15538.397084457834,2267.3332520000004,2267.333252,1.0,0.8930722920843372,1567.0,1566.6184736506025,1.489724994,0.6532472327289156,0.0,0.0,Windows 11,AMD Ryzen 7 5700X 8-Core Processor,8,34265653248,NVIDIA GeForce RTX 5080,16303.0,,ppo,Crawler,1024,0.0002,20480,0.002977,0.153,0.947,5.0,linear,True,64,2,simple,,,5,2000000,128,12000
20251126-112859,44.1625061,78.96321106,146.5424805,152.99617,0.0355024618999999,0.3311681057,1.41957074995,1.4249264,6.349999905,3.32708331945,15610.66699,15528.258301,2267.3332519999994,2267.333252,1.0,0.84166667325,1566.0,1566.0,0.82729727,0.5696289912000001,0.0,0.0,Windows 11,AMD Ryzen 7 5700X 8-Core Processor,8,34265653248,NVIDIA GeForce RTX 5080,16303.0,,ppo,Crawler,512,0.000178,10240,0.004018,0.118,0.938,3.0,constant,False,128,2,simple,,,5,250000,1024,12000
20251126-113153,0.445919961,1.653717399,285.8814392,317.0322876,0.012786444,0.535161495,1.418861918317073,1.418709517,5.150000095,2.526829266,16550.0,16051.386147317073,2267.333252,2267.333252,1.0,0.8211382185365854,1566.0,1566.0,1.186417222,0.7676423666585366,0.0,0.0,Windows 11,AMD Ryzen 7 5700X 8-Core Processor,8,34265653248,NVIDIA GeForce RTX 5080,16303.0,,ppo,Crawler,4096,0.000149,327680,0.006803,0.107,0.94,4.0,linear,False,64,3,simple,,,5,500000,128,12000
20251126-113725,162.1240997,170.760788,346.1706848,433.9183655,0.0172746551818181,0.3786029868181818,1.432538585,1.450555921,6.150000095,2.86869921197561,15923.66699,15726.772365609757,2267.333252,2267.333252,1.0,0.8963414656341463,1566.0,1566.0,1.308403611,0.6567680711951219,0.0,0.0,Windows 11,AMD Ryzen 7 5700X 8-Core Processor,8,34265653248,NVIDIA GeForce RTX 5080,16303.0,,ppo,Crawler,2048,0.000255,40960,0.007186,0.283,0.907,10.0,constant,False,32,2,simple,,,5,500000,128,12000
20251126-114511,-0.693754792,-0.693754792,91.11640167,91.11640167,0.024323957,0.293506652,1.41902810325,1.419542193,4.800000191,3.534375011875,15839.25,15714.3020025,2267.333252,2267.333252,1.0,0.60416667175,1566.0,1566.0,1.067101955,0.6645725685,0.0,0.0,Windows 11,AMD Ryzen 7 5700X 8-Core Processor,8,34265653248,NVIDIA GeForce RTX 5080,16303.0,,ppo,Crawler,1024,0.000278,81920,0.000895,0.148,0.921,10.0,linear,False,32,2,simple,,,5,100000,512,12000
20251126-114700,20.51568985,66.19797516,201.0406494,210.9805603,0.0249461774,0.6021941124,1.4017666876499997,1.383704305,5.650000095,3.941666686500001,15776.0,15693.1791505,2267.3332519999994,2267.333252,1.0,0.95,1566.0,1566.0,1.25912571,0.72302808095,0.0,0.0,Windows 11,AMD Ryzen 7 5700X 8-Core Processor,8,34265653248,NVIDIA GeForce RTX 5080,16303.0,,ppo,Crawler,1024,0.000225,40960,0.002832,0.247,0.914,10.0,constant,False,128,1,simple,,,5,250000,64,12000
20251126-115103,9.23886013,10.15390682,60.16527176,66.94322968,0.033680805125,0.4238504935,1.420186042625,1.422001004,6.833333492,4.1781250535000005,15679.0,15645.25,2267.333252,2267.333252,1.0,0.6562500075,1566.0,1566.0,0.611322343,0.48777619375,0.0,0.0,Windows 11,AMD Ryzen 7 5700X 8-Core Processor,8,34265653248,NVIDIA GeForce RTX 5080,16303.0,,ppo,Crawler,512,8.7e-05,10240,0.00619,0.108,0.949,4.0,constant,True,64,1,simple,,,5,100000,512,12000
20251126-115228,163.0016632,235.2078705,1219.331421,1435.2229,0.0173938598333333,0.8971359233333334,1.4224142360481928,1.424689651,6.175000191,3.098594370391566,16251.5,16000.151125843371,2267.3332520000004,2267.333252,1.333333373,0.8684738984337349,1567.0,1566.010039915663,1.359003305,0.7954902734819276,0.0,0.0,Windows 11,AMD Ryzen 7 5700X 8-Core Processor,8,34265653248,NVIDIA GeForce RTX 5080,16303.0,,ppo,Crawler,2048,0.000101,163840,0.009995,0.199,0.929,4.0,linear,True,256,2,simple,,,5,2000000,128,12000
20251126-121638,19.69289589,20.62031555,323.2342529,342.7303772,0.0122945403333333,0.8679203988333333,1.4208293833658538,1.423054457,5.133333206,2.6857723579268296,15899.66699,15808.524437560978,2267.333252,2267.333252,1.5,0.8577235821707317,1566.0,1566.0,1.578554988,0.7502845910487804,0.0,0.0,Windows 11,AMD Ryzen 7 5700X 8-Core Processor,8,34265653248,NVIDIA GeForce RTX 5080,16303.0,,ppo,Crawler,4096,3.7e-05,81920,0.009273,0.142,0.909,5.0,constant,False,64,1,simple,,,5,500000,128,12000
20251126-122253,34.54906464,102.9960861,345.6070557,381.4935303,0.034406178,0.3802637023636363,1.422615821731707,1.424704909,6.050000191,3.2542682915853653,15916.0,15786.432903170731,2267.333252,2267.333252,1.0,0.8678861820731708,1566.0,1566.0,1.320670009,0.6963801571951219,0.0,0.0,Windows 11,AMD Ryzen 7 5700X 8-Core Processor,8,34265653248,NVIDIA GeForce RTX 5080,16303.0,,ppo,Crawler,512,0.000223,40960,0.00937,0.116,0.949,3.0,constant,True,512,3,simple,,,5,500000,256,12000
20251126-122940,811.229187,1002.120605,1467.473511,1811.369751,0.0173506036875,49.85848536964584,1.418112202572289,1.413665771,10.0,4.591967880018072,16044.0,15858.44727746988,2267.3332520000004,2267.333252,1.0,0.8338353449698795,1567.0,1566.489960084337,1.457648993,0.7270345276144579,0.0,0.0,Windows 11,AMD Ryzen 7 5700X 8-Core Processor,8,34265653248,NVIDIA GeForce RTX 5080,16303.0,,ppo,Crawler,2048,0.00025,40960,0.008999,0.133,0.936,10.0,linear,True,128,1,simple,,,5,2000000,2048,12000
20251126-130025,60.04065704,221.2854614,671.9904175,730.8074951,0.0248370879999999,0.800036387,1.4259950224216869,1.429875612,7.199999809,4.11118475073494,15920.5,15758.994164216869,2267.3332520000004,2267.333252,1.0,0.8656626534578312,1567.0,1566.0722891566263,1.321767688,0.7766535090240964,0.0,0.0,Windows 11,AMD Ryzen 7 5700X 8-Core Processor,8,34265653248,NVIDIA GeForce RTX 5080,16303.0,,ppo,Crawler,1024,0.000198,40960,0.007561,0.119,0.919,5.0,linear,False,256,2,simple,,,5,1000000,2048,12000
20251126-131303,-0.945553184,-0.92308712,40.88398361,60.64950562,,,1.418938323625,1.418938279,3.75,2.831874966625,16098.75,15838.01245125,2267.333252,2267.333252,1.0,0.6104166693749999,1566.0,1566.0,0.944360614,0.693963210875,0.0,0.0,Windows 11,AMD Ryzen 7 5700X 8-Core Processor,8,34265653248,NVIDIA GeForce RTX 5080,16303.0,,ppo,Crawler,4096,0.000112,163840,0.008006,0.273,0.919,10.0,constant,False,32,3,simple,,,5,100000,256,12000
20251126-131421,-0.331676126,-0.331676126,176.7037811,176.7037811,0.012133182,0.329103202,1.4183780252500002,1.417175174,4.633333206,2.58416666395,16152.75,15932.1458495,2267.3332519999994,2267.333252,1.0,0.7041666732499999,1566.0,1566.0,1.08150804,0.59024536325,0.0,0.0,Windows 11,AMD Ryzen 7 5700X 8-Core Processor,8,34265653248,NVIDIA GeForce RTX 5080,16303.0,,ppo,Crawler,4096,0.000139,163840,0.004875,0.157,0.917,3.0,constant,True,256,2,simple,,,5,250000,256,12000
20251126-131733,20.2790699,90.97455597,1084.008789,1325.580322,0.0127212838333333,0.4408301463333333,1.42122961826506,1.421866059,6.949999809,3.755833339993976,16485.5,16135.391889698794,2267.3332520000004,2267.333252,1.333333373,0.932028115018072,1566.0,1566.0,1.493736386,0.8241153170361445,0.0,0.0,Windows 11,AMD Ryzen 7 5700X 8-Core Processor,8,34265653248,NVIDIA GeForce RTX 5080,16303.0,,ppo,Crawler,4096,8.1e-05,163840,0.007282,0.109,0.95,3.0,linear,False,512,1,simple,,,5,2000000,512,12000
20251126-133954,9.06562233,9.06562233,243.8100739,243.8100739,0.0169322788,0.484953463,1.41158273815,1.404687762,6.199999809,3.32749997975,15894.33301,15815.2249515,2267.3332519999994,2267.333252,1.0,0.77083334195,1566.0,1566.0,0.873689651,0.6095308817000001,0.0,0.0,Windows 11,AMD Ryzen 7 5700X 8-Core Processor,8,34265653248,NVIDIA GeForce RTX 5080,16303.0,,ppo,Crawler,2048,0.000286,40960,0.00722,0.109,0.942,10.0,linear,True,256,3,simple,,,5,250000,2048,12000
20251126-134435,245.6741333,294.3305664,906.6590576,975.9544067,0.0248948613749999,1.174898672875,1.367518272759036,1.331932306,6.800000191,3.2851405589156624,16211.5,15978.714878915664,2267.3332520000004,2267.333252,1.0,0.8895582359879518,1566.0,1566.0,1.387744427,0.7173315711807229,0.0,0.0,Windows 11,AMD Ryzen 7 5700X 8-Core Processor,8,34265653248,NVIDIA GeForce RTX 5080,16303.0,,ppo,Crawler,1024,0.000273,40960,0.00155,0.154,0.928,8.0,linear,False,512,2,simple,,,5,1000000,256,12000
20251126-140107,53.68899155,123.4779892,1717.28833,2015.482422,0.0123972879166666,0.7565043271666667,1.4087420092108436,1.399405122,6.650000095,3.4423694646385545,16575.5,16217.46084921687,2267.3332520000004,2267.333252,1.25,0.8885542194337348,1579.5,1571.9548192771083,1.396067739,0.7775339856807227,0.0,0.0,Windows 11,AMD Ryzen 7 5700X 8-Core Processor,8,34265653248,NVIDIA GeForce RTX 5080,16303.0,,ppo,Crawler,4096,0.000262,163840,0.003442,0.106,0.907,8.0,linear,False,512,2,simple,,,5,2000000,256,12000
20251126-143457,4.653404236,86.45629883,285.2843933,665.7160034,0.0246599516666666,0.327936902375,1.4191068827228916,1.419646978,7.0,4.043574313084337,16151.0,16029.42272192771,2267.3332520000004,2267.333252,1.0,0.919678716445783,1545.0,1543.1124502891566,1.361257315,0.7334658647228915,0.0,0.0,Windows 11,AMD Ryzen 7 5700X 8-Core Processor,8,34265653248,NVIDIA GeForce RTX 5080,16303.0,,ppo,Crawler,1024,6.1e-05,40960,0.002354,0.227,0.913,4.0,linear,False,64,2,simple,,,5,1000000,256,12000
20251126-144618,107.4265366,266.1225891,1303.25,1699.698242,0.017496449,1.6005276018333332,1.4287743073253012,1.444156766,6.650000095,3.887801199054216,16512.66602,16278.063747228916,2267.3332520000004,2267.333252,1.0,0.8398594408012049,1545.0,1543.4397590361446,1.271437526,0.7748705994156625,0.0,0.0,Windows 11,AMD Ryzen 7 5700X 8-Core Processor,8,34265653248,NVIDIA GeForce RTX 5080,16303.0,,ppo,Crawler,2048,9.2e-05,163840,0.005167,0.159,0.905,8.0,constant,True,32,1,simple,,,5,2000000,1024,12000
20251126-151455,55.10062408,55.10062408,171.2622986,171.2622986,0.0237962504545454,0.3041792578181818,1.4200576484999998,1.426246762,5.633333206,3.1908333062,15968.33301,15885.4,2267.3332519999994,2267.333252,1.0,0.93333333585,1544.0,1544.0,1.224405408,0.66135225595,0.0,0.0,Windows 11,AMD Ryzen 7 5700X 8-Core Processor,8,34265653248,NVIDIA GeForce RTX 5080,16303.0,,ppo,Crawler,1024,0.000159,20480,0.004866,0.166,0.903,5.0,constant,False,32,2,simple,,,5,250000,256,12000
20251126-151806,0.644440413,0.644440413,99.13051605,99.13051605,0.018645795,0.4005182085,1.4116881935,1.39808774,6.233333111,4.1302082836250005,16043.66699,15961.5729975,2267.333252,2267.333252,1.0,0.677083343375,1544.0,1544.0,1.064029574,0.596071783375,0.0,0.0,Windows 11,AMD Ryzen 7 5700X 8-Core Processor,8,34265653248,NVIDIA GeForce RTX 5080,16303.0,,ppo,Crawler,2048,0.000299,40960,0.003234,0.185,0.94,10.0,constant,True,256,3,simple,,,5,100000,1024,12000
20251126-152001,2.435492277,2.435492277,87.00289917,87.00289917,0.03451697225,0.281585857,1.4183847605,1.416238904,4.724999905,3.520833343125,15917.66699,15891.22912625,2267.333252,2267.333252,1.0,0.802083335875,1544.0,1544.0,0.889735043,0.4899047091249999,0.0,0.0,Windows 11,AMD Ryzen 7 5700X 8-Core Processor,8,34265653248,NVIDIA GeForce RTX 5080,16303.0,,ppo,Crawler,512,0.000224,20480,0.006342,0.133,0.911,10.0,linear,False,32,1,simple,,,5,100000,128,12000
20251126-152143,653.7579346,801.1445313,1673.369385,1683.461792,0.0172377495416666,38.00287977716667,1.4714578167108434,1.524458885,10.23333359,4.629066272686747,17920.5,16772.462320180723,2267.3332520000004,2267.333252,22.66666603,4.394578309090361,1607.5,1562.046184493976,1.403414726,0.7163572700542169,0.0,0.0,Windows 11,AMD Ryzen 7 5700X 8-Core Processor,8,34265653248,NVIDIA GeForce RTX 5080,16303.0,,ppo,Crawler,2048,9e-05,40960,0.008949,0.225,0.94,8.0,constant,True,64,1,simple,,,5,2000000,2048,12000
20251126-155019,0.189637765,0.777279019,311.2976074,397.4334717,0.013006274,0.278782606,1.4184335439512197,1.417427659,10.17500019,5.108943101804878,18043.5,17226.215415609757,2267.333252,2267.333252,22.66666603,10.168699175731708,1584.0,1582.369917707317,0.917390108,0.6246678979756097,0.0,0.0,Windows 11,AMD Ryzen 7 5700X 8-Core Processor,8,34265653248,NVIDIA GeForce RTX 5080,16303.0,,ppo,Crawler,4096,0.000108,327680,0.002488,0.278,0.918,4.0,constant,True,512,1,simple,,,5,500000,2048,12000
20251126-155712,0.275895089,2.090671539,405.018219,432.137085,0.017182351,0.1774099543333333,1.421874473707317,1.421983361,6.724999905,4.247682891243902,18591.0,17193.595583658538,2267.333252,2267.333252,11.60000038,3.997967481634147,1582.0,1582.0,1.256433487,0.6285884447560977,0.0,0.0,Windows 11,AMD Ryzen 7 5700X 8-Core Processor,8,34265653248,NVIDIA GeForce RTX 5080,16303.0,,ppo,Crawler,2048,6.6e-05,163840,0.009468,0.255,0.922,8.0,constant,False,512,1,simple,,,5,500000,512,12000
20251126-160545,494.4856873,518.5150757,376.2520142,383.9043274,0.0352942116341463,4.513046310292683,1.4090384565609757,1.403352261,9.399999619,5.838211379463415,17953.0,17381.13009707317,2267.333252,2267.333252,17.66666603,7.806910549682927,1583.0,1582.0813018048782,0.759475589,0.4980779922439024,0.0,0.0,Windows 11,AMD Ryzen 7 5700X 8-Core Processor,8,34265653248,NVIDIA GeForce RTX 5080,16303.0,,ppo,Crawler,512,0.000259,10240,0.007681,0.131,0.942,4.0,linear,True,256,2,simple,,,5,500000,64,12000
20251126-161227,751.718811,1150.137695,1567.588257,1786.718994,0.0245383829791666,50.306171381604166,1.3835141084036144,1.359994173,36.29999924,6.777208822445783,17917.66602,17348.10243301205,2267.3332520000004,2267.333252,22.5,7.801204816409639,1582.0,1572.4839359879518,3.62104845,0.7843481138373493,0.0,0.0,Windows 11,AMD Ryzen 7 5700X 8-Core Processor,8,34265653248,NVIDIA GeForce RTX 5080,16303.0,,ppo,Crawler,1024,0.000229,40960,0.002388,0.184,0.925,8.0,linear,True,32,2,simple,,,5,2000000,2048,12000
20251126-164232,3.460619688,3.829868555,328.7159729,355.9963379,0.0183144253333333,0.456040144,1.417795405,1.416472435,8.25,5.782113842804878,17170.0,16950.941025365853,2267.333252,2267.333252,9.0,6.892276380097561,1573.0,1573.0,0.912776291,0.5377563180243903,0.0,0.0,Windows 11,AMD Ryzen 7 5700X 8-Core Processor,8,34265653248,NVIDIA GeForce RTX 5080,16303.0,,ppo,Crawler,2048,0.000188,163840,0.008571,0.286,0.906,3.0,linear,True,256,2,simple,,,5,500000,2048,12000
20251126-164918,0.733151495,0.733151495,84.80007935,84.80007935,0.0182644765,0.479608551,1.41900263725,1.418264627,7.5,5.34583342075,16653.33398,16581.145995,2267.333252,2267.333252,9.0,7.5000000595,1573.0,1573.0,0.788996756,0.5370296109999999,0.0,0.0,Windows 11,AMD Ryzen 7 5700X 8-Core Processor,8,34265653248,NVIDIA GeForce RTX 5080,16303.0,,ppo,Crawler,2048,0.000283,40960,0.006136,0.12,0.934,8.0,constant,False,256,2,simple,,,5,100000,512,12000
20251126-165059,-0.862066269,-0.798751056,59.19122696,66.35437775,,,1.4189383385,1.418938398,5.75,4.746874928375,16791.75,16635.0,2267.333252,2267.333252,9.0,7.125,1573.0,1573.0,0.686473131,0.5857617482499999,0.0,0.0,Windows 11,AMD Ryzen 7 5700X 8-Core Processor,8,34265653248,NVIDIA GeForce RTX 5080,16303.0,,ppo,Crawler,4096,0.000286,163840,0.000859,0.217,0.922,10.0,constant,True,256,3,simple,,,5,100000,512,12000
20251126-165223,-0.658120513,-0.490864605,426.1982117,482.7391052,0.012209306,0.202938363,1.418917251780488,1.418875337,8.5,5.284146402,17532.66602,16938.109850731707,2267.333252,2267.333252,9.0,7.050813023682927,1573.0,1573.0,0.793789268,0.4768319948780488,0.0,0.0,Windows 11,AMD Ryzen 7 5700X 8-Core Processor,8,34265653248,NVIDIA GeForce RTX 5080,16303.0,,ppo,Crawler,4096,5.9e-05,327680,0.003671,0.274,0.901,10.0,linear,True,32,3,simple,,,5,500000,1024,12000
20251126-170043,1141.058594,1240.207764,1622.832397,1852.433716,0.025057074,3.216041671041667,1.2811871063493976,1.132557034,9.399999619,5.879066267626507,17009.33398,16832.944265421684,2267.3332520000004,2267.333252,10.66666698,6.421184740132531,1588.333374,1573.35140586747,1.114322066,0.6846393065481927,0.0,0.0,Windows 11,AMD Ryzen 7 5700X 8-Core Processor,8,34265653248,NVIDIA GeForce RTX 5080,16303.0,,ppo,Crawler,1024,0.000173,81920,0.000907,0.238,0.909,8.0,constant,True,512,1,simple,,,5,2000000,1024,12000
20251126-173153,106.7355804,121.1436386,458.7270203,464.0280151,0.0170433537272727,0.2708718877272727,1.4089051950243905,1.406855941,6.5,3.555284546731708,17335.25,17117.380144390245,2267.333252,2267.333252,7.333333492,2.477642274487805,1670.0,1669.8577225853655,1.233201265,0.7416918699756098,0.0,0.0,Windows 11,AMD Ryzen 7 5700X 8-Core Processor,8,34265653248,NVIDIA GeForce RTX 5080,16303.0,,ppo,Crawler,2048,0.000104,40960,0.001626,0.255,0.904,10.0,linear,True,64,2,simple,,,5,500000,64,12000
20251126-174010,1.125279307,1.125279307,268.1945801,268.1945801,0.024494526,0.2022774295,1.4185657918999997,1.417643905,6.074999809,3.855416667450001,17414.0,17112.575,2267.3332519999994,2267.333252,10.75,6.57916667465,1671.75,1669.1208313,1.112010002,0.6225640530999998,0.0,0.0,Windows 11,AMD Ryzen 7 5700X 8-Core Processor,8,34265653248,NVIDIA GeForce RTX 5080,16303.0,,ppo,Crawler,1024,6e-05,81920,0.009835,0.156,0.933,8.0,linear,True,512,3,simple,,,5,250000,128,12000
20251126-174545,-0.745343924,-0.745343924,64.74758911,64.74758911,,,1.418938264125,1.418938279,5.5,4.306250005875,17082.25,16984.2082525,2267.333252,2267.333252,9.666666985,7.520833373125,1670.0,1670.0,0.6051687,0.4899140335,0.0,0.0,Windows 11,AMD Ryzen 7 5700X 8-Core Processor,8,34265653248,NVIDIA GeForce RTX 5080,16303.0,,ppo,Crawler,2048,0.000177,163840,0.002522,0.241,0.946,10.0,constant,True,512,1,simple,,,5,100000,1024,12000
20251126-174708,0.07704144,0.07704144,88.87822723,88.87822723,0.0181941305,0.663523495,1.420194685375,1.421297669,7.5,5.342708349124999,17059.66602,16945.9375,2267.333252,2267.333252,8.0,6.5625,1670.0,1670.0,0.676612496,0.401913724625,0.0,0.0,Windows 11,AMD Ryzen 7 5700X 8-Core Processor,8,34265653248,NVIDIA GeForce RTX 5080,16303.0,,ppo,Crawler,2048,0.000162,40960,0.005826,0.142,0.945,8.0,constant,True,32,2,simple,,,5,100000,2048,12000
20251126-174852,94.77088165,135.306427,1109.270264,1383.208374,0.02451366440625,0.90029019028125,1.4448206905843373,1.473724961,7.550000191,3.720833339596385,17020.5,16785.075277831325,2267.3332520000004,2267.333252,15.0,5.983433719530121,1670.0,1670.0,1.222586751,0.6985684791686746,0.0,0.0,Windows 11,AMD Ryzen 7 5700X 8-Core Processor,8,34265653248,NVIDIA GeForce RTX 5080,16303.0,,ppo,Crawler,1024,7e-05,20480,0.004079,0.172,0.948,4.0,constant,False,32,3,simple,,,5,2000000,128,12000
20251126-181215,388.5428772,388.5428772,732.3320313,732.3320313,0.0350719169583333,3.289891459083333,1.4124114886626506,1.409070611,8.649999619,6.016526078590362,16790.0,16546.19317108434,2267.3332520000004,2267.333252,14.5,7.887550244831326,1670.0,1662.5843373493976,0.980232656,0.6043206123253012,0.0,0.0,Windows 11,AMD Ryzen 7 5700X 8-Core Processor,8,34265653248,NVIDIA GeForce RTX 5080,16303.0,,ppo,Crawler,512,0.000195,40960,0.006199,0.232,0.909,3.0,linear,False,512,2,simple,,,5,1000000,512,12000
20251126-182452,143.0953827,268.699646,416.9248962,458.6076965,0.035346117,3.62607433473913,1.4013110806585365,1.391308427,6.5,3.779674797560976,16440.0,16238.75607390244,2267.333252,2267.333252,12.66666698,4.542682919487805,1648.333374,1632.3048780487804,1.129332542,0.6416859677560977,0.0,0.0,Windows 11,AMD Ryzen 7 5700X 8-Core Processor,8,34265653248,NVIDIA GeForce RTX 5080,16303.0,,ppo,Crawler,512,0.000125,20480,0.004411,0.117,0.937,8.0,linear,True,128,3,simple,,,5,500000,128,12000
20251126-183254,-0.653973401,-0.653973401,86.6808548,86.6808548,0.024090769,0.429089814,1.418862655625,1.418431044,3.849999905,1.994791656875,16377.0,16267.625,2267.333252,2267.333252,1.0,0.625000007625,1633.333374,1629.91667175,0.647365749,0.47327124325,0.0,0.0,Windows 11,AMD Ryzen 7 5700X 8-Core Processor,8,34265653248,NVIDIA GeForce RTX 5080,16303.0,,ppo,Crawler,1024,0.000214,81920,0.000962,0.23,0.905,8.0,linear,True,32,1,simple,,,5,100000,256,12000
20251126-183436,22.67070198,42.51618958,445.8561401,450.7896423,0.0120930972,0.4471271516,1.4162171118536584,1.414182782,6.666666508,3.10914634207317,17354.5,16773.71339097561,2267.333252,2267.333252,24.0,6.465447153170731,1832.5,1782.2642256585366,1.27647078,0.7611457433658537,0.0,0.0,Windows 11,AMD Ryzen 7 5700X 8-Core Processor,8,34265653248,NVIDIA GeForce RTX 5080,16303.0,,ppo,Crawler,4096,0.000101,81920,0.003472,0.26,0.906,10.0,linear,True,32,3,simple,,,5,500000,256,12000
20251126-184257,157.4503479,274.7511597,749.7113647,795.7436523,0.0167911745,3.998999965791667,1.4199235755060242,1.42202425,15.30000019,5.257228897265059,19662.33398,18120.924675421687,2267.3332520000004,2267.333252,20.0,4.785140560036145,2049.333252,1900.077310216868,1.130442262,0.7250171522771084,0.0,0.0,Windows 11,AMD Ryzen 7 5700X 8-Core Processor,8,34265653248,NVIDIA GeForce RTX 5080,16303.0,,ppo,Crawler,2048,0.000202,40960,0.007493,0.124,0.945,5.0,linear,True,128,1,simple,,,5,1000000,64,12000
20251126-185629,319.8477173,319.8477173,1398.424316,1398.424316,0.024880845625,0.9020095729166666,1.4171881215240965,1.416599512,7.099999905,3.900602408945784,18535.33398,18307.62402325301,2267.3332520000004,2267.333252,6.5,4.893574296710844,1977.0,1972.2419676265056,1.260427713,0.7114006376144577,0.0,0.0,Windows 11,AMD Ryzen 7 5700X 8-Core Processor,8,34265653248,NVIDIA GeForce RTX 5080,16303.0,,ppo,Crawler,1024,0.0001,81920,0.003255,0.198,0.93,3.0,constant,False,512,1,simple,,,5,2000000,64,12000
20251126-192003,-0.72283268,-0.686925113,499.3357239,548.9847412,0.0121201231666666,0.2098335846666666,1.4200458002195122,1.418738723,8.024999619,5.647804853439025,18588.25,18459.14143487805,2267.333252,2267.333252,5.599999905,4.736585384512194,1976.0,1972.7243890731704,0.670105398,0.4744406640731708,0.0,0.0,Windows 11,AMD Ryzen 7 5700X 8-Core Processor,8,34265653248,NVIDIA GeForce RTX 5080,16303.0,,ppo,Crawler,4096,0.000197,81920,0.006418,0.172,0.904,10.0,linear,False,128,1,simple,,,5,500000,256,12000
20251126-193006,101.290329,134.6071777,504.8902283,605.1346436,0.0346683834347826,1.777200368478261,1.4116133828048782,1.408861279,9.199999809,5.791666647219511,18582.33398,18470.392292195123,2267.333252,2267.333252,9.666666985,5.209349597390244,1975.0,1971.418701170732,0.899156868,0.4519876917560976,0.0,0.0,Windows 11,AMD Ryzen 7 5700X 8-Core Processor,8,34265653248,NVIDIA GeForce RTX 5080,16303.0,,ppo,Crawler,512,3.8e-05,20480,0.003475,0.112,0.942,10.0,constant,False,512,2,simple,,,5,500000,2048,12000
20251126-194028,25.45054817,79.77465057,801.0180054,943.2592163,0.0121413198333333,0.3895061665,1.4148121569397591,1.415228486,5.933333397,4.600803243096385,18924.66602,18508.73694,2267.3332520000004,2267.333252,16.0,4.990963843951807,1976.666626,1972.4578298554216,0.901504815,0.6455691294216868,0.0,0.0,Windows 11,AMD Ryzen 7 5700X 8-Core Processor,8,34265653248,NVIDIA GeForce RTX 5080,16303.0,,ppo,Crawler,4096,0.000271,163840,0.003709,0.282,0.933,8.0,linear,True,32,3,simple,,,5,1000000,256,12000
20251126-195628,203.6213837,450.8039246,951.0098267,1033.802368,0.0176460465833333,0.62578210975,1.3470417950722893,1.251185894,8.300000191,5.486646577506024,18410.5,18240.985928192767,2267.3332520000004,2267.333252,8.333333015,4.8554216752650605,1976.5,1971.668674698796,1.045184255,0.6526076395060241,0.0,0.0,Windows 11,AMD Ryzen 7 5700X 8-Core Processor,8,34265653248,NVIDIA GeForce RTX 5080,16303.0,,ppo,Crawler,2048,0.000297,81920,0.000595,0.296,0.945,10.0,constant,False,128,3,simple,,,5,1000000,1024,12000
20251126-201354,0.901230097,2.044364929,204.3608551,227.0279999,0.0183118514999999,0.268278837,1.41606763015,1.413294315,5.349999905,2.3579166651,18435.33398,18263.875194,2267.3332519999994,2267.333252,7.666666508,4.9666666865,1973.666626,1971.2,0.865487516,0.5931039553499999,0.0,0.0,Windows 11,AMD Ryzen 7 5700X 8-Core Processor,8,34265653248,NVIDIA GeForce RTX 5080,16303.0,,ppo,Crawler,2048,0.000104,81920,0.004928,0.175,0.913,10.0,constant,True,64,1,simple,,,5,250000,128,12000
20251126-201834,33.99854279,60.31503677,176.7992554,223.1763458,0.03418673975,0.95809920725,1.4204606890999998,1.421056151,7.966666698,5.66083331115,18277.0,18179.575,2267.3332519999994,2267.333252,7.333333492,4.8416666627,1971.0,1971.0,0.547497928,0.3766301422499999,0.0,0.0,Windows 11,AMD Ryzen 7 5700X 8-Core Processor,8,34265653248,NVIDIA GeForce RTX 5080,16303.0,,ppo,Crawler,512,2.6e-05,10240,0.004528,0.209,0.944,8.0,linear,False,32,2,simple,,,5,250000,128,12000
20251126-202237,14.33020782,14.33020782,818.3665771,818.3665771,0.012431435,0.531510512,1.4176626722771082,1.420637131,5.366666794,3.332931725349397,19192.33398,18712.15655638554,2267.3332520000004,2267.333252,7.333333492,4.868473906096385,1977.666626,1971.5461822891564,0.954206765,0.6483073347951808,0.0,0.0,Windows 11,AMD Ryzen 7 5700X 8-Core Processor,8,34265653248,NVIDIA GeForce RTX 5080,16303.0,,ppo,Crawler,4096,0.00014,327680,0.004772,0.204,0.93,4.0,constant,False,128,3,simple,,,5,1000000,2048,12000
20251126-203628,-0.882197797,-0.882197797,304.9612122,304.9612122,0.012307612,0.105323151,1.4186881658999997,1.418150067,5.360000134,4.162250017999999,18705.0,18424.7799805,2267.3332519999994,2267.333252,8.600000381,5.110000014300001,1974.5,1971.31500245,0.666249931,0.5301860139000001,0.0,0.0,Windows 11,AMD Ryzen 7 5700X 8-Core Processor,8,34265653248,NVIDIA GeForce RTX 5080,16303.0,,ppo,Crawler,4096,0.000238,163840,0.003506,0.166,0.917,10.0,constant,False,512,2,simple,,,5,250000,256,12000
20251126-204151,85.96123505,133.3916016,284.2904358,351.1267395,0.0349596551304347,1.3526405349130437,1.4161368695609753,1.416183352,7.75,5.692276419634147,18273.0,18231.211366341464,2267.333252,2267.333252,10.5,5.146341463414634,1976.0,1972.073170731708,1.004492879,0.617147684804878,0.0,0.0,Windows 11,AMD Ryzen 7 5700X 8-Core Processor,8,34265653248,NVIDIA GeForce RTX 5080,16303.0,,ppo,Crawler,512,0.000172,20480,0.003264,0.164,0.926,4.0,linear,False,32,1,simple,,,5,500000,1024,12000
20251126-204800,28.77932358,58.23933411,199.4243622,388.5387878,0.034060450707317,1.3784235192926828,1.3789644707317072,1.348974228,5.933333397,3.422926835926829,18320.33398,18248.19836146341,2267.333252,2267.333252,8.666666985,4.878861793658537,1975.333374,1972.3780517560967,0.768261135,0.5983325664390244,0.0,0.0,Windows 11,AMD Ryzen 7 5700X 8-Core Processor,8,34265653248,NVIDIA GeForce RTX 5080,16303.0,,ppo,Crawler,512,0.000226,10240,0.003329,0.28,0.917,5.0,constant,False,64,1,simple,,,5,500000,64,12000
20251126-205447,19.61582756,67.76539612,230.5228729,356.9023132,0.0176109773636363,0.5668722554545454,1.420623924780488,1.421297312,7.699999809,5.138617899317073,18421.66602,18363.148342439024,2267.333252,2267.333252,8.333333015,5.016260170317073,1976.666626,1972.60162502439,1.036873221,0.6727512108048781,0.0,0.0,Windows 11,AMD Ryzen 7 5700X 8-Core Processor,8,34265653248,NVIDIA GeForce RTX 5080,16303.0,,ppo,Crawler,2048,0.00021,40960,0.004825,0.206,0.93,4.0,linear,False,256,1,simple,,,5,500000,2048,12000
20251126-210109,33.61859894,126.172554,1407.482178,1769.098389,0.0175166852083333,3.3187812020000003,1.417766825240964,1.420123935,6.550000191,2.6555722973614464,18640.66602,18475.404120361447,2267.3332520000004,2267.333252,12.0,5.061244968951807,1976.5,1972.7279111566268,1.257328033,0.7084870668012049,0.0,0.0,Windows 11,AMD Ryzen 7 5700X 8-Core Processor,8,34265653248,NVIDIA GeForce RTX 5080,16303.0,,ppo,Crawler,2048,2.6e-05,81920,0.0013,0.13,0.944,8.0,constant,False,32,1,simple,,,5,2000000,256,12000
20251126-213054,147.0863342,147.0863342,310.2908325,310.2908325,0.03423409255,1.30979680715,1.41657233245,1.415723205,5.199999809,2.5274999797000004,18404.5,18322.841796,2267.3332519999994,2267.333252,6.0,4.7833333254,1972.0,1972.0,0.49831897,0.3324519612,0.0,0.0,Windows 11,AMD Ryzen 7 5700X 8-Core Processor,8,34265653248,NVIDIA GeForce RTX 5080,16303.0,,ppo,Crawler,512,3.1e-05,10240,0.003314,0.116,0.932,8.0,linear,True,512,3,simple,,,5,250000,64,12000
20251126-213628,618.6182861,738.9033813,1745.464355,1824.035156,0.0351069868125,15.904565222562498,1.412847604433735,1.404592395,5.699999809,3.011495975813253,18728.5,18543.57931337349,2267.3332520000004,2267.333252,20.5,3.361947797138554,2000.666626,1977.9804224216864,1.315566421,0.6837171500240964,0.0,0.0,Windows 11,AMD Ryzen 7 5700X 8-Core Processor,8,34265653248,NVIDIA GeForce RTX 5080,16303.0,,ppo,Crawler,512,0.000158,40960,0.003751,0.134,0.938,8.0,constant,False,32,2,simple,,,5,2000000,64,12000
20251126-220708,1238.019775,1238.019775,964.9006958,964.9006958,0.0352207591666666,14.314508799958332,1.3297130803493975,1.229187369,6.199999809,3.877409624746988,18694.5,18596.51407180724,2267.3332520000004,2267.333252,13.0,2.595381518457831,1983.0,1980.1345376626505,1.286293387,0.7011701936867469,0.0,0.0,Windows 11,AMD Ryzen 7 5700X 8-Core Processor,8,34265653248,NVIDIA GeForce RTX 5080,16303.0,,ppo,Crawler,512,0.000127,40960,0.004985,0.242,0.909,8.0,constant,True,256,2,simple,,,5,1000000,512,12000
20251126-222329,112.4019775,139.5855103,1579.09375,1678.914551,0.01223305575,0.9956534530833334,1.4177796380843375,1.417732835,6.333333492,2.541566262072289,19133.0,18936.21386710844,2267.3332520000004,2267.333252,4.5,2.395582324060241,1986.0,1980.355924674699,1.216004729,0.7086365557228915,0.0,0.0,Windows 11,AMD Ryzen 7 5700X 8-Core Processor,8,34265653248,NVIDIA GeForce RTX 5080,16303.0,,ppo,Crawler,4096,2.4e-05,163840,0.001837,0.212,0.917,5.0,linear,True,256,3,simple,,,5,2000000,512,12000
20251126-225144,170.0584869,170.0584869,770.1529541,770.1529541,0.0354366760833333,2.0369663492916668,1.4088492407710844,1.406572223,11.86666679,4.818975885168674,18944.5,18714.416674457832,2267.3332520000004,2267.333252,4.333333492,2.3544176716385543,1985.0,1980.2369473012047,0.908307791,0.5110064365783132,0.0,0.0,Windows 11,AMD Ryzen 7 5700X 8-Core Processor,8,34265653248,NVIDIA GeForce RTX 5080,16303.0,,ppo,Crawler,512,5.9e-05,40960,0.000611,0.152,0.901,4.0,linear,False,256,2,simple,,,5,1000000,128,12000
20251126-230449,6.280501366,7.165015697,192.4252319,218.6443634,0.0249080325,0.5002124609999999,1.41516862495,1.412969708,4.650000095,1.9666666805500004,18931.0,18831.912597,2267.3332519999994,2267.333252,4.666666508,2.3291666507999995,1985.0,1981.3666687,1.141650438,0.6349268101,0.0,0.0,Windows 11,AMD Ryzen 7 5700X 8-Core Processor,8,34265653248,NVIDIA GeForce RTX 5080,16303.0,,ppo,Crawler,1024,8.3e-05,81920,0.006268,0.249,0.937,10.0,constant,False,64,3,simple,,,5,250000,256,12000
20251126-230922,14.94350338,73.64900208,351.5965881,389.0922546,0.02471873,0.3421277160909091,1.410560424707317,1.404911637,5.800000191,2.9623983691463414,18949.5,18848.01019414634,2267.333252,2267.333252,7.0,2.597560964,1985.0,1981.2743902439024,1.153438687,0.6761894901707317,0.0,0.0,Windows 11,AMD Ryzen 7 5700X 8-Core Processor,8,34265653248,NVIDIA GeForce RTX 5080,16303.0,,ppo,Crawler,1024,0.000243,40960,0.000657,0.127,0.935,3.0,constant,False,512,3,simple,,,5,500000,128,12000
20251126-231616,543.1484375,645.1662598,1614.789673,1799.131714,0.0247463459583333,2.9476007325,1.432755294301205,1.446970582,8.949999809,5.097991966367469,19159.66602,18994.977397951807,2267.3332520000004,2267.333252,7.0,2.3985943772710847,1986.0,1981.217871240964,1.086867332,0.6687638865963855,0.0,0.0,Windows 11,AMD Ryzen 7 5700X 8-Core Processor,8,34265653248,NVIDIA GeForce RTX 5080,16303.0,,ppo,Crawler,1024,0.00015,81920,0.006505,0.12,0.923,8.0,constant,True,64,1,simple,,,5,2000000,1024,12000
20251126-234633,-0.544526637,-0.052399117,184.3468781,196.8031158,0.025265389,0.1945333705,1.4187921345,1.418640256,5.833333492,4.55583331575,19042.66602,18912.429102,2267.3332519999994,2267.333252,5.666666508,2.5124999762000004,1985.75,1981.5875,0.661188126,0.4832855218499999,0.0,0.0,Windows 11,AMD Ryzen 7 5700X 8-Core Processor,8,34265653248,NVIDIA GeForce RTX 5080,16303.0,,ppo,Crawler,1024,2.4e-05,81920,0.007014,0.106,0.913,3.0,linear,True,512,2,simple,,,5,250000,2048,12000
20251126-235022,56.48789978,98.60314941,235.6551971,246.6480713,0.0358699714,0.2972712756,1.4021648465500005,1.377260923,6.0,3.16833331585,18943.0,18832.687403,2267.3332519999994,2267.333252,3.5,2.5416666746000005,1981.0,1981.0,0.997915685,0.6282545989999999,0.0,0.0,Windows 11,AMD Ryzen 7 5700X 8-Core Processor,8,34265653248,NVIDIA GeForce RTX 5080,16303.0,,ppo,Crawler,512,0.000136,40960,0.003121,0.256,0.917,10.0,constant,True,512,1,simple,,,5,250000,64,12000
20251126-235506,11.88013077,107.123703,575.8169556,1727.998047,0.012024967625,0.7296616583333333,1.400953176493976,1.393416643,6.633333206,2.864809235180723,19116.0,18962.21286698796,2267.3332520000004,2267.333252,13.66666698,2.508032120126506,1986.0,1981.7931724457828,1.208869576,0.7143731219156627,0.0,0.0,Windows 11,AMD Ryzen 7 5700X 8-Core Processor,8,34265653248,NVIDIA GeForce RTX 5080,16303.0,,ppo,Crawler,4096,0.000112,81920,0.001438,0.273,0.915,8.0,constant,False,32,1,simple,,,5,2000000,2048,12000
20251127-002410,766.453186,961.5151367,1958.870361,2056.814697,0.0250636199583333,38.98311806158333,1.4532442164698798,1.465792298,16.79999924,5.424899589638554,20962.5,19389.307228915663,2267.3332520000004,2267.333252,29.5,7.2921686617831325,2018.666626,1991.951807228916,1.041885495,0.6773837100120482,0.0,0.0,Windows 11,AMD Ryzen 7 5700X 8-Core Processor,8,34265653248,NVIDIA GeForce RTX 5080,16303.0,,ppo,Crawler,1024,0.000141,81920,0.007173,0.275,0.944,10.0,constant,False,64,2,simple,,,5,2000000,128,12000
20251127-005843,-0.745527446,-0.745527446,82.26298523,82.26298523,0.02043787,0.928634286,1.4189479351249998,1.41900456,9.100000381,5.890624999875,19798.5,19653.25,2267.333252,2267.333252,22.75,12.4583333725,2019.0,2016.375,0.676553965,0.4752824157499999,0.0,0.0,Windows 11,AMD Ryzen 7 5700X 8-Core Processor,8,34265653248,NVIDIA GeForce RTX 5080,16303.0,,ppo,Crawler,2048,0.000197,81920,0.006128,0.177,0.947,3.0,linear,True,32,1,simple,,,5,100000,2048,12000
20251127-010024,1.920022964,1.920022964,1234.315796,1234.315796,0.0124857113333333,0.989714156,1.420765229,1.424293518,12.5,6.396184754650602,21226.5,20209.38151831325,2267.3332520000004,2267.333252,28.33333397,17.05421689048193,2016.5,2014.563253012048,0.70345974,0.5186281821807229,0.0,0.0,Windows 11,AMD Ryzen 7 5700X 8-Core Processor,8,34265653248,NVIDIA GeForce RTX 5080,16303.0,,ppo,Crawler,4096,4.3e-05,327680,0.007706,0.253,0.944,10.0,constant,False,128,1,simple,,,5,1000000,256,12000
20251127-012116,2194.377441,2720.700684,1629.893921,1850.287231,0.0341337963915662,150.70584338916868,1.3430079745542167,1.275293231,14.05000019,6.19317269323494,19948.5,18367.0030120482,2267.3332520000004,2267.333252,23.0,14.978915679698796,2018.0,2011.582329072289,0.725162029,0.4692816992831325,0.0,0.0,Windows 11,AMD Ryzen 7 5700X 8-Core Processor,8,34265653248,NVIDIA GeForce RTX 5080,16303.0,,ppo,Crawler,512,0.000176,10240,0.007759,0.268,0.901,5.0,constant,False,256,2,simple,,,5,2000000,64,12000
20251127-015229,3.426465034,3.426465034,75.15956879,75.15956879,0.024842037,0.5055853575,1.41814289975,1.417531252,4.566666603,3.647916645,18599.33398,18543.25,2267.333252,2267.333252,12.5,11.3958333725,2010.0,2010.0,0.848802984,0.530205626125,0.0,0.0,Windows 11,AMD Ryzen 7 5700X 8-Core Processor,8,34265653248,NVIDIA GeForce RTX 5080,16303.0,,ppo,Crawler,1024,0.000225,20480,0.005088,0.229,0.903,3.0,linear,False,128,2,simple,,,5,100000,256,12000
20251127-015401,167.8108368,211.5036011,1525.177368,1549.017334,0.0168804171041666,6.266819509250001,1.4288760639216869,1.435745955,7.233333111,5.270883535771084,18716.25,17335.821306566264,2267.3332520000004,2267.333252,13.5,7.3830321422048195,2011.0,1932.8333335783127,1.02793169,0.612528081686747,0.0,0.0,Windows 11,AMD Ryzen 7 5700X 8-Core Processor,8,34265653248,NVIDIA GeForce RTX 5080,16303.0,,ppo,Crawler,2048,0.000172,40960,0.004574,0.115,0.922,5.0,linear,False,64,1,simple,,,5,2000000,128,12000
20251127-022006,0.726667047,0.938236296,687.8195801,776.9247437,0.012682681,0.3864646256666667,1.4188220256265065,1.417762876,6.466666698,4.982128536771084,18383.33398,16586.020072530122,2267.3332520000004,2267.333252,11.0,3.544176713542168,2005.333374,1827.0311249879524,0.92562747,0.6013300684096387,0.0,0.0,Windows 11,AMD Ryzen 7 5700X 8-Core Processor,8,34265653248,NVIDIA GeForce RTX 5080,16303.0,,ppo,Crawler,4096,0.000167,327680,0.00593,0.178,0.905,3.0,linear,True,128,3,simple,,,5,1000000,1024,12000
20251127-023319,1452.005859,1658.499023,1040.859985,1095.085327,0.0246694784042553,39.53672071351064,1.318600842686747,1.211334229,11.0,6.95522089466265,19526.66602,18638.10942216868,2267.3332520000004,2267.333252,20.5,10.106425679036144,3283.0,2544.33735086747,0.963063955,0.4777234439036145,0.0,0.0,Windows 11,AMD Ryzen 7 5700X 8-Core Processor,8,34265653248,NVIDIA GeForce RTX 5080,16303.0,,ppo,Crawler,1024,0.000248,20480,0.006014,0.276,0.912,10.0,constant,True,64,3,simple,,,5,1000000,1024,12000
20251127-025206,-0.620003104,-0.341839641,191.8089142,222.4111176,0.0166456905,0.259679474,1.41711623665,1.416107893,8.333333015,4.803749954600001,19206.0,19095.070801,2267.3332519999994,2267.333252,19.0,14.18749995225,3201.666748,3182.0791748,0.79103601,0.61642508575,0.0,0.0,Windows 11,AMD Ryzen 7 5700X 8-Core Processor,8,34265653248,NVIDIA GeForce RTX 5080,16303.0,,ppo,Crawler,2048,0.000235,81920,0.005097,0.154,0.909,4.0,linear,False,128,2,simple,,,5,250000,64,12000
20251127-025625,4.179735661,7.891689301,519.4682617,526.4824829,0.0178083133333333,1.29445911175,1.4129290347317072,1.409666896,8.666666985,5.689878033390244,19319.5,19067.68449902439,2267.333252,2267.333252,19.39999962,12.721951275365852,3185.75,3174.260980390244,0.845511854,0.5402218634146341,0.0,0.0,Windows 11,AMD Ryzen 7 5700X 8-Core Processor,8,34265653248,NVIDIA GeForce RTX 5080,16303.0,,ppo,Crawler,2048,0.000154,40960,0.002497,0.153,0.949,5.0,linear,False,512,1,simple,,,5,500000,64,12000
20251127-030541,44.85370636,53.31298065,436.3583984,442.0166931,0.0168805375,0.5811746605833333,1.4232240013170734,1.424106836,11.26666641,7.175609786292684,18955.25,18024.93092585366,2267.333252,2267.333252,20.5,9.621951237073173,3177.0,2622.2418748780487,0.857792616,0.5423094009268292,0.0,0.0,Windows 11,AMD Ryzen 7 5700X 8-Core Processor,8,34265653248,NVIDIA GeForce RTX 5080,16303.0,,ppo,Crawler,2048,0.000266,40960,0.008169,0.138,0.906,5.0,linear,False,128,1,simple,,,5,500000,64,12000
20251127-031328,53.68275833,89.2868042,791.6986084,902.5361328,0.017440379,0.5675593736666666,1.4187067618674698,1.420289874,10.0666666,3.9208835363012047,19272.0,18595.38156506024,2267.3332520000004,2267.333252,30.33333397,11.092369516084338,3418.0,2955.7389607228915,1.223876119,0.7094597926385543,0.0,0.0,Windows 11,AMD Ryzen 7 5700X 8-Core Processor,8,34265653248,NVIDIA GeForce RTX 5080,16303.0,,ppo,Crawler,2048,0.000145,163840,0.006345,0.198,0.903,4.0,constant,True,256,2,simple,,,5,1000000,256,12000
20251127-032848,516.685791,791.0326538,983.0309448,1067.494385,0.0244521737446808,9.246325211212763,1.3789650847590362,1.35962379,10.0,7.176606408084337,18730.5,18521.11652819277,2267.3332520000004,2267.333252,24.5,13.375501988975904,3347.0,3304.758027228915,0.889397025,0.5154132439036144,0.0,0.0,Windows 11,AMD Ryzen 7 5700X 8-Core Processor,8,34265653248,NVIDIA GeForce RTX 5080,16303.0,,ppo,Crawler,1024,0.000293,20480,0.006941,0.183,0.907,8.0,linear,True,128,1,simple,,,5,1000000,1024,12000
20251127-034648,246.3977203,485.7190552,1100.238892,1336.709961,0.0241356488297872,4.989159091638298,1.421486435192771,1.422924399,13.60000038,6.892369477120483,20627.0,18603.482962891565,2267.3332520000004,2267.333252,25.5,10.275100394831323,3467.5,2681.100406506024,0.97868669,0.4846668147951807,0.0,0.0,Windows 11,AMD Ryzen 7 5700X 8-Core Processor,8,34265653248,NVIDIA GeForce RTX 5080,16303.0,,ppo,Crawler,1024,2.5e-05,20480,0.008524,0.267,0.932,8.0,linear,True,512,3,simple,,,5,1000000,2048,12000
20251127-040917,1.295061469,6.960170746,481.2180786,503.0000305,0.0177089046666666,0.29859371,1.411586339804878,1.403608918,9.399999619,6.3599186758292685,19902.0,19471.583651463417,2267.333252,2267.333252,19.0,11.87967476309756,3295.0,3137.3605718780486,0.947277427,0.6132161317560977,0.0,0.0,Windows 11,AMD Ryzen 7 5700X 8-Core Processor,8,34265653248,NVIDIA GeForce RTX 5080,16303.0,,ppo,Crawler,2048,0.000139,163840,0.000406,0.228,0.904,8.0,constant,False,64,3,simple,,,5,500000,256,12000
20251127-041857,9.85559845,9.85559845,76.25706482,76.25706482,0.03602701425,0.7251377666250001,1.4175995885,1.417109609,6.466666698,5.727083384875001,18237.33398,18145.5832525,2267.333252,2267.333252,14.33333302,4.895833269375,2262.333252,2208.6250305,0.636507273,0.478897135625,0.0,0.0,Windows 11,AMD Ryzen 7 5700X 8-Core Processor,8,34265653248,NVIDIA GeForce RTX 5080,16303.0,,ppo,Crawler,512,6.3e-05,10240,0.002171,0.121,0.915,5.0,linear,True,128,2,simple,,,5,100000,256,12000
20251127-042033,694.0014648,1068.691895,1541.688599,1600.214722,0.0248786798333333,4.507865052541667,1.4317140054578312,1.429916263,15.25,4.714658628072289,19883.5,19252.50653,2267.3332520000004,2267.333252,28.5,10.03865461964458,3696.0,3136.385539228916,1.174645185,0.6897764026566263,0.0,0.0,Windows 11,AMD Ryzen 7 5700X 8-Core Processor,8,34265653248,NVIDIA GeForce RTX 5080,16303.0,,ppo,Crawler,1024,0.00028,81920,0.008991,0.169,0.925,3.0,constant,True,256,2,simple,,,5,2000000,1024,12000
20251127-044734,41.40443039,63.51197815,109.7564163,123.5755768,0.034360457875,0.6266284476249999,1.4100534321250002,1.40586412,7.650000095,6.364583373,19244.33398,19160.8542475,2267.333252,2267.333252,14.66666698,12.125,3577.0,3552.25,0.530603588,0.4104885944999999,0.0,0.0,Windows 11,AMD Ryzen 7 5700X 8-Core Processor,8,34265653248,NVIDIA GeForce RTX 5080,16303.0,,ppo,Crawler,512,0.0002,10240,0.004434,0.3,0.903,10.0,linear,True,64,3,simple,,,5,100000,2048,12000
20251127-044957,-0.031869072,0.982383788,547.4491577,645.3165283,0.0117215253333333,0.2712141373333333,1.418835081707317,1.418306828,9.5,6.874390241560976,19595.75,19264.071075121952,2267.333252,2267.333252,20.66666603,14.534552876341465,3555.0,3548.485774341464,0.788328528,0.5805336054390243,0.0,0.0,Windows 11,AMD Ryzen 7 5700X 8-Core Processor,8,34265653248,NVIDIA GeForce RTX 5080,16303.0,,ppo,Crawler,4096,4.5e-05,163840,0.001554,0.134,0.913,10.0,linear,False,512,2,simple,,,5,500000,512,12000
20251127-050305,155.5874329,271.680481,1955.167847,2245.319824,0.0124926433333333,0.8954874835833334,1.4184385938975903,1.418572187,10.5,6.777259053903613,20292.33398,19633.73436307229,2267.3332520000004,2267.333252,23.79999924,10.529518071415662,3665.0,3145.3051184216865,1.066789865,0.5788915863554217,0.0,0.0,Windows 11,AMD Ryzen 7 5700X 8-Core Processor,8,34265653248,NVIDIA GeForce RTX 5080,16303.0,,ppo,Crawler,4096,0.000133,163840,0.007431,0.268,0.944,5.0,linear,False,512,3,simple,,,5,2000000,256,12000
20251127-054047,21.84713936,36.53674698,377.8030701,439.9363708,0.0171536219090909,0.2778929924545454,1.4199851634634146,1.419605374,14.5666666,6.72256102204878,19850.66602,18358.89029121951,2267.333252,2267.333252,24.0,5.199186958902438,3554.0,2411.747963512195,1.0315727,0.621163494707317,0.0,0.0,Windows 11,AMD Ryzen 7 5700X 8-Core Processor,8,34265653248,NVIDIA GeForce RTX 5080,16303.0,,ppo,Crawler,2048,9.3e-05,40960,0.002674,0.104,0.917,8.0,constant,False,128,1,simple,,,5,500000,2048,12000
20251127-054848,25.06182098,113.8848648,408.0438232,445.0946045,0.0342967006956521,0.7533186220869565,1.421955044707317,1.425969481,18.5,8.047967503853659,20080.0,19921.68697609756,2267.333252,2267.333252,33.66666794,16.601626070365853,3560.0,3544.0569085853654,1.184734821,0.6685969415365853,0.0,0.0,Windows 11,AMD Ryzen 7 5700X 8-Core Processor,8,34265653248,NVIDIA GeForce RTX 5080,16303.0,,ppo,Crawler,512,3e-05,20480,0.006853,0.151,0.917,3.0,constant,False,64,3,simple,,,5,500000,256,12000
20251127-055635,1308.041138,1308.041138,1880.751587,1880.751587,0.0122550367499999,5.163771177208333,1.4077432478554217,1.381824255,13.39999962,5.160240965415662,20290.5,19850.074795301207,2267.3332520000004,2267.333252,31.0,12.766566257867469,3616.0,3350.1947786265064,1.088385344,0.6690316103253012,0.0,0.0,Windows 11,AMD Ryzen 7 5700X 8-Core Processor,8,34265653248,NVIDIA GeForce RTX 5080,16303.0,,ppo,Crawler,4096,0.000196,81920,0.006235,0.277,0.913,5.0,constant,True,512,1,simple,,,5,2000000,2048,12000
20251127-062813,115.7240448,309.646637,882.1262817,1043.60791,0.0251374663333333,2.2509764496666667,1.380841559566265,1.333182096,16.45000076,6.511144583469879,20031.0,19304.795180722893,2267.3332520000004,2267.333252,33.0,10.220883556120482,3726.0,3233.3724850602407,1.367454052,0.6135246274698795,0.0,0.0,Windows 11,AMD Ryzen 7 5700X 8-Core Processor,8,34265653248,NVIDIA GeForce RTX 5080,16303.0,,ppo,Crawler,1024,0.000132,81920,0.000568,0.245,0.914,8.0,constant,True,128,1,simple,,,5,1000000,128,12000
20251127-064553,710.3356323,710.3356323,2117.265381,2117.265381,0.0125330173333333,4.991093086666667,1.3423986298192772,1.223499298,5.900000095,3.37515059292771,19046.33398,18765.429205180724,2267.3332520000004,2267.333252,6.0,1.318775099445783,2356.0,2353.6576295421683,1.302391052,0.7301061383192771,0.0,0.0,Windows 11,AMD Ryzen 7 5700X 8-Core Processor,8,34265653248,NVIDIA GeForce RTX 5080,16303.0,,ppo,Crawler,4096,0.000256,163840,0.006591,0.291,0.91,8.0,constant,True,512,2,simple,,,5,2000000,256,12000
20251127-072126,2.229543447,2.229543447,66.97917938,66.97917938,0.03493492025,0.51903513825,1.420113682625,1.421340942,7.349999905,5.298958361125,18450.0,18394.572755,2267.333252,2267.333252,2.666666746,1.375000014875,2356.0,2356.0,0.721872747,0.501975281125,0.0,0.0,Windows 11,AMD Ryzen 7 5700X 8-Core Processor,8,34265653248,NVIDIA GeForce RTX 5080,16303.0,,ppo,Crawler,512,5.2e-05,20480,0.009436,0.157,0.917,3.0,constant,True,128,1,simple,,,5,100000,256,12000
20251127-072249,-0.506523907,-0.506523907,302.9178467,302.9178467,0.012392925,0.353142709,1.417522329,1.414477587,6.199999809,5.077916693600001,18869.75,18685.866602,2267.3332519999994,2267.333252,1.333333373,1.04166666865,2360.0,2358.4875,0.677422285,0.53921675975,0.0,0.0,Windows 11,AMD Ryzen 7 5700X 8-Core Processor,8,34265653248,NVIDIA GeForce RTX 5080,16303.0,,ppo,Crawler,4096,0.000128,163840,0.000234,0.225,0.942,10.0,linear,True,512,3,simple,,,5,250000,512,12000
20251127-072809,314.7255554,314.7255554,1093.458984,1093.458984,0.0174125443333333,0.8223222157916666,1.3853849890481928,1.35738802,8.300000191,4.817570287084338,20315.5,19608.64549662651,2267.3332520000004,2267.333252,22.0,9.641566282156626,3644.0,3158.1726868433734,1.091172338,0.633026450120482,0.0,0.0,Windows 11,AMD Ryzen 7 5700X 8-Core Processor,8,34265653248,NVIDIA GeForce RTX 5080,16303.0,,ppo,Crawler,2048,0.000227,40960,0.001139,0.122,0.905,10.0,constant,True,32,1,simple,,,5,1000000,2048,12000
20251127-074636,-0.947559595,-0.902788043,28.9679203,81.183815,,,1.418938279,1.418938279,6.5,4.733125001125,20253.25,20152.71875,2267.333252,2267.333252,14.5,11.868749976375,3592.0,3587.8812255000003,0.747810245,0.53889632975,0.0,0.0,Windows 11,AMD Ryzen 7 5700X 8-Core Processor,8,34265653248,NVIDIA GeForce RTX 5080,16303.0,,ppo,Crawler,4096,9.5e-05,163840,0.009868,0.161,0.921,10.0,constant,False,64,2,simple,,,5,100000,2048,12000
20251127-074817,159.5157166,228.6731262,768.0594482,858.7540283,0.0168407042916666,2.9149034916666667,1.4264100646506024,1.431581855,11.60000038,4.467670702036145,20236.0,19804.885542168675,2267.3332520000004,2267.333252,21.5,10.9166666943494,3614.333252,3288.5963855421687,1.191189528,0.6878253026265061,0.0,0.0,Windows 11,AMD Ryzen 7 5700X 8-Core Processor,8,34265653248,NVIDIA GeForce RTX 5080,16303.0,,ppo,Crawler,2048,0.000268,40960,0.006336,0.203,0.905,5.0,linear,False,64,1,simple,,,5,1000000,1024,12000
20251127-080248,1.495755792,1.495755792,85.03270721,85.03270721,0.033993708,0.443723008,1.419487684875,1.419197202,6.266666889,5.362500011875,18977.66602,18772.9167475,2267.333252,2267.333252,12.0,5.958333328375001,2509.0,2422.083313,0.784940243,0.51734158775,0.0,0.0,Windows 11,AMD Ryzen 7 5700X 8-Core Processor,8,34265653248,NVIDIA GeForce RTX 5080,16303.0,,ppo,Crawler,512,0.000123,40960,0.004521,0.147,0.946,8.0,constant,False,32,1,simple,,,5,100000,64,12000
20251127-080429,105.7241974,195.2029877,758.2028809,854.3890991,0.01750752125,3.3287592181666668,1.4128228712650603,1.408898234,8.449999809,4.340261048542169,20138.5,19774.38158843373,2267.3332520000004,2267.333252,32.5,12.6285140629759,3686.0,3477.336337542168,1.359177232,0.6641685278433734,0.0,0.0,Windows 11,AMD Ryzen 7 5700X 8-Core Processor,8,34265653248,NVIDIA GeForce RTX 5080,16303.0,,ppo,Crawler,2048,0.000291,81920,0.005906,0.294,0.935,4.0,linear,True,128,1,simple,,,5,1000000,512,12000
20251127-081901,70.96342468,70.96342468,211.5022736,211.5022736,0.0350369857272727,0.2578588847272727,1.41816396715,1.417806745,7.25,4.5312499881,19828.0,19672.1625,2267.3332519999994,2267.333252,19.0,12.54166672185,3605.0,3598.95,0.971708059,0.6093988268499999,0.0,0.0,Windows 11,AMD Ryzen 7 5700X 8-Core Processor,8,34265653248,NVIDIA GeForce RTX 5080,16303.0,,ppo,Crawler,512,0.000209,20480,0.008852,0.134,0.911,3.0,linear,True,256,3,simple,,,5,250000,1024,12000
20251127-082253,-0.707831919,-0.707831919,116.3389206,116.3389206,0.016390227,0.596474648,1.419280365,1.421259165,7.933333397,6.256249964125,19900.5,19795.125,2267.333252,2267.333252,18.0,14.33333343225,3611.0,3602.09375,0.704967856,0.482347180125,0.0,0.0,Windows 11,AMD Ryzen 7 5700X 8-Core Processor,8,34265653248,NVIDIA GeForce RTX 5080,16303.0,,ppo,Crawler,2048,2.4e-05,81920,0.006942,0.113,0.909,10.0,constant,False,64,3,simple,,,5,100000,64,12000
20251127-082507,36.334198,43.26497269,1351.474854,1786.575195,0.0124614468333333,0.4318617385,1.4175464296445783,1.416919947,11.75,6.602861454668676,20604.5,19986.66766873494,2267.3332520000004,2267.333252,30.33333397,12.931224902096384,3593.333252,3295.8689729638554,1.124258876,0.7379752319216868,0.0,0.0,Windows 11,AMD Ryzen 7 5700X 8-Core Processor,8,34265653248,NVIDIA GeForce RTX 5080,16303.0,,ppo,Crawler,4096,2.4e-05,327680,0.00195,0.233,0.902,4.0,linear,False,256,2,simple,,,5,2000000,2048,12000
20251127-085512,72.00807953,72.00807953,243.4945221,243.4945221,0.0169209378,0.3077480376,1.4130488336,1.408089399,7.0,5.910416698499999,16072.0,16012.9541505,2267.3332519999994,2267.333252,20.75,5.0208333373,1928.0,1896.6249878,0.827728987,0.47641193645,0.0,0.0,Windows 11,AMD Ryzen 7 5700X 8-Core Processor,8,34265653248,NVIDIA GeForce RTX 5080,16303.0,,ppo,Crawler,2048,5.4e-05,40960,0.000127,0.241,0.94,8.0,constant,False,512,2,simple,,,5,250000,64,12000
20251127-085951,410.4420471,709.9708252,1281.577881,1412.494995,0.0348960144638554,4.945478791656627,1.4103169879578314,1.393247008,7.833333492,3.113554218819277,16576.0,15043.984933915664,2267.3332520000004,2267.333252,16.0,2.191767071427712,1925.0,1635.2299201686749,0.818174541,0.535282864813253,0.0,0.0,Windows 11,AMD Ryzen 7 5700X 8-Core Processor,8,34265653248,NVIDIA GeForce RTX 5080,16303.0,,ppo,Crawler,512,0.000261,10240,0.003659,0.179,0.907,4.0,linear,True,32,2,simple,,,5,2000000,64,12000
20251127-092340,649.3206787,1027.500854,1366.503906,1404.903687,0.0172929121041666,3.173848780083334,1.3815923426686747,1.342595339,6.849999905,4.100753017222892,14820.5,14673.224921024095,2267.3332520000004,2267.333252,2.0,0.7816265094939758,1544.0,1543.0803215301205,1.410558343,0.741389016692771,0.0,0.0,Windows 11,AMD Ryzen 7 5700X 8-Core Processor,8,34265653248,NVIDIA GeForce RTX 5080,16303.0,,ppo,Crawler,2048,0.000221,40960,0.000452,0.101,0.905,5.0,constant,True,128,1,simple,,,5,2000000,2048,12000
20251127-094731,143.0989075,277.1627197,1155.833374,1419.026123,0.0172761042499999,2.7251033937083338,1.4378454527289155,1.463771582,5.900000095,2.633433739096385,15100.0,14835.104427409638,2267.3332520000004,2267.333252,2.333333254,0.8679718892710842,1544.0,1543.2489962289158,1.345675111,0.8123389011445783,0.0,0.0,Windows 11,AMD Ryzen 7 5700X 8-Core Processor,8,34265653248,NVIDIA GeForce RTX 5080,16303.0,,ppo,Crawler,2048,0.000148,81920,0.005682,0.124,0.927,5.0,constant,False,64,2,simple,,,5,2000000,256,12000
20251127-101125,3.41967845,3.41967845,752.4498291,752.4498291,0.0129193836666666,0.1611481806666666,1.4165280497228914,1.411991,5.099999905,2.258534126951807,15777.0,15248.328913493971,2267.3332520000004,2267.333252,1.0,0.4909638594216867,1550.0,1544.854618674699,1.279783487,0.729438327626506,0.0,0.0,Windows 11,AMD Ryzen 7 5700X 8-Core Processor,8,34265653248,NVIDIA GeForce RTX 5080,16303.0,,ppo,Crawler,4096,6.6e-05,327680,0.003479,0.232,0.906,4.0,constant,False,32,3,simple,,,5,1000000,512,12000
20251127-102413,101.7271042,167.8434448,1088.546021,1242.188599,0.0120854445416666,0.5998410433333333,1.4177642262590362,1.418540955,6.099999905,3.4956827271204824,15254.5,14949.117993313252,2267.3332520000004,2267.333252,1.5,0.8072289189518072,1551.0,1550.835341120482,1.464292526,0.9285167386506024,0.0,0.0,Windows 11,AMD Ryzen 7 5700X 8-Core Processor,8,34265653248,NVIDIA GeForce RTX 5080,16303.0,,ppo,Crawler,4096,0.000268,81920,0.00553,0.233,0.937,3.0,linear,False,256,1,simple,,,5,2000000,2048,12000
20251127-104512,1.421052575,1.75,419.8857117,500.2430115,0.0347708565714285,0.0025645057142857,2.1167044281500003,2.111932278,17.25,13.953846270769231,15827.0,15340.53846153846,2267.333252,2267.333252,2.0,0.2692307692307692,1555.0,1553.4615384615386,3.111553907,2.75337220425,0.0,0.0,Windows 11,AMD Ryzen 7 5700X 8-Core Processor,8,34265653248,NVIDIA GeForce RTX 5080,16303.0,,ppo,GridFoodCollector,512,0.000176,20480,0.00804,0.113,0.901,4.0,constant,True,256,2,simple,,,5,250000,512,12000
20251127-105422,0.105263159,2.0,142.2993469,486.5977783,0.0230916647999999,0.0016091229999999,2.1183522105000003,2.121910334,17.70000076,13.8400001045,16187.0,15550.525,2267.3332519999994,2267.333252,0.5,0.025,1556.0,1555.25,3.120661497,2.83135851615,0.0,0.0,Windows 11,AMD Ryzen 7 5700X 8-Core Processor,8,34265653248,NVIDIA GeForce RTX 5080,16303.0,,ppo,GridFoodCollector,1024,0.000205,40960,0.007034,0.236,0.901,4.0,linear,False,64,1,simple,,,5,250000,128,12000
20251127-110303,0.684210539,2.0,289.2123413,507.891449,0.0250025686,0.0016290014,2.1078665495,2.096095324,15.60000038,13.2625000475,16280.0,15567.025,2267.3332519999994,2267.333252,0.0,0.0,1559.0,1557.05,3.208699465,2.84528788325,0.0,0.0,Windows 11,AMD Ryzen 7 5700X 8-Core Processor,8,34265653248,NVIDIA GeForce RTX 5080,16303.0,,ppo,GridFoodCollector,1024,0.000294,40960,0.000531,0.132,0.941,5.0,linear,False,32,1,simple,,,5,250000,128,12000
20251127-111206,52.58333206,62.16666794,,4309.637207,0.03504655161,0.19109140667,1.5321493927722774,,18.89999962,14.480693005346533,15251.0,15032.440594059406,2267.333252,2267.333252,3.0,0.3613861386138614,1575.0,1569.638613861386,3.015507936,2.828067515158416,0.0,0.0,Windows 11,AMD Ryzen 7 5700X 8-Core Processor,8,34265653248,NVIDIA GeForce RTX 5080,16303.0,,ppo,GridFoodCollector,512,8.4e-05,10240,0.000563,0.183,0.919,4.0,constant,False,32,3,simple,,,5,2000000,2048,12000
20251127-122414,-0.117647059,0.666666687,30.31333351,1033.89563,0.0120893343999999,0.0030722948,2.1165968178809527,2.118774891,16.5,13.6937499940625,19082.0,17332.578125,2267.3332519999994,2267.333252,0.5,0.078125,1575.0,1575.0,3.142821789,2.9306023632380955,0.0,0.0,Windows 11,AMD Ryzen 7 5700X 8-Core Processor,8,34265653248,NVIDIA GeForce RTX 5080,16303.0,,ppo,GridFoodCollector,4096,0.000191,81920,0.004961,0.129,0.939,3.0,linear,True,256,3,simple,,,5,500000,512,12000
20251127-124144,1.0,4.0,515.2946777,978.0392456,0.0253051196,0.0022137862,2.1226609450487803,2.107565403,18.79999924,13.626829194121951,17486.0,16200.536585365851,2267.333252,2267.333252,0.5,0.0121951219512195,1575.0,1575.0,3.42710042,3.131612757390244,0.0,0.0,Windows 11,AMD Ryzen 7 5700X 8-Core Processor,8,34265653248,NVIDIA GeForce RTX 5080,16303.0,,ppo,GridFoodCollector,1024,0.000262,81920,0.0086,0.236,0.902,3.0,constant,True,256,2,simple,,,5,500000,64,12000
20251127-125853,0.842105269,1.0,492.4485168,606.8754883,0.0241123892,0.0031808761999999,2.10639533985,2.092732906,19.79999924,13.7324999335,16110.0,15469.65,2267.3332519999994,2267.333252,0.0,0.0,1576.0,1576.0,3.16403389,2.8190137864,0.0,0.0,Windows 11,AMD Ryzen 7 5700X 8-Core Processor,8,34265653248,NVIDIA GeForce RTX 5080,16303.0,,ppo,GridFoodCollector,1024,0.000292,40960,0.003091,0.154,0.943,10.0,linear,False,32,1,simple,,,5,250000,128,12000
20251127-130934,28.0,28.0,1102.67749,1102.67749,0.0346674166923077,0.0446740797692307,1.9806264290243905,1.830451369,15.39999962,13.28292690804878,15338.0,15047.80487804878,2267.333252,2267.333252,3.0,0.1097560975609756,1577.0,1576.7317073170732,3.168308735,2.583275178560976,0.0,0.0,Windows 11,AMD Ryzen 7 5700X 8-Core Processor,8,34265653248,NVIDIA GeForce RTX 5080,16303.0,,ppo,GridFoodCollector,512,0.000216,10240,0.009675,0.278,0.933,4.0,linear,False,512,2,simple,,,5,500000,128,12000
20251127-132832,39.0,43.0,4524.072266,5000.201172,0.0173883301875,0.110337689625,1.7121691114819275,1.469872952,24.39999962,13.628915666084335,18101.5,16661.15361445783,2267.3332520000004,2267.333252,18.0,2.7439759036144578,1750.0,1621.620481927711,3.260619164,2.70184460539759,0.0,0.0,Windows 11,AMD Ryzen 7 5700X 8-Core Processor,8,34265653248,NVIDIA GeForce RTX 5080,16303.0,,ppo,GridFoodCollector,2048,0.000132,40960,0.001222,0.271,0.947,5.0,linear,True,512,3,simple,,,5,2000000,64,12000
20251127-145219,0.5,0.5,,201.822998,,,2.112085342,,13.5,12.950000126666668,18730.0,17173.916666666668,2267.333252,2267.333252,0.5,0.0833333333333333,1610.0,1602.8333333333333,2.996513844,2.8859403133333337,0.0,0.0,Windows 11,AMD Ryzen 7 5700X 8-Core Processor,8,34265653248,NVIDIA GeForce RTX 5080,16303.0,,ppo,GridFoodCollector,2048,0.000149,163840,0.007745,0.204,0.926,3.0,linear,False,64,2,simple,,,5,100000,2048,12000
20251127-145558,0.176470593,0.636363626,259.1713257,1372.190186,0.0247886182,0.0017727018,2.11274147597619,2.109516621,16.0,12.58793094275862,18777.5,17267.224137931036,2267.333252,2267.333252,10.5,3.362068965517241,1938.0,1797.0689655172414,3.101872206,2.7003254350238093,0.0,0.0,Windows 11,AMD Ryzen 7 5700X 8-Core Processor,8,34265653248,NVIDIA GeForce RTX 5080,16303.0,,ppo,GridFoodCollector,1024,5.1e-05,81920,0.002883,0.287,0.912,10.0,linear,False,64,2,simple,,,5,500000,512,12000
20251127-151905,,2.0,2266.481689,2903.153076,0.0126599496666666,0.0009954963333333,2.1125052665301207,2.08836031,19.20000076,13.284337308180724,27373.0,21524.51807228916,2267.3332520000004,2267.333252,21.0,7.132530120481928,1925.0,1903.367469879518,3.146437883,2.707483445277109,0.0,0.0,Windows 11,AMD Ryzen 7 5700X 8-Core Processor,8,34265653248,NVIDIA GeForce RTX 5080,16303.0,,ppo,GridFoodCollector,4096,0.000115,327680,0.004907,0.206,0.923,10.0,constant,True,128,1,simple,,,5,1000000,64,12000
20251127-160759,0.166666672,0.416666657,232.9254913,565.1590576,0.02506042875,0.00430671125,2.112354406769231,2.112592697,18.04999924,14.169230681538462,16402.0,15577.384615384615,2267.333252,2267.333252,2.5,0.1923076923076923,1651.0,1647.076923076923,3.04729414,2.834358985538461,0.0,0.0,Windows 11,AMD Ryzen 7 5700X 8-Core Processor,8,34265653248,NVIDIA GeForce RTX 5080,16303.0,,ppo,GridFoodCollector,1024,1e-05,40960,0.006716,0.175,0.932,5.0,linear,True,128,3,simple,,,5,250000,1024,12000
20251127-161742,27.39999962,41.0,5566.393066,5591.402832,0.0245531609545454,0.052028375340909,1.834194630952096,1.490505815,19.60000038,12.849687559693752,20824.0,16500.634375,2267.3332520000004,2267.333252,22.0,1.853125,3515.0,1861.871875,3.221152544,2.55324100288024,0.0,0.0,Windows 11,AMD Ryzen 7 5700X 8-Core Processor,8,34265653248,NVIDIA GeForce RTX 5080,16303.0,,ppo,GridFoodCollector,1024,3.6e-05,40960,0.004071,0.255,0.911,10.0,linear,False,32,2,simple,,,5,2000000,256,12000
20251127-175106,5.5,17.0,2599.833008,3033.803711,0.035693425025641,0.0073106703076923,1.802155708722892,1.547423124,19.0,10.24637680468116,20045.5,18277.60869565217,2267.3332520000004,2267.333252,27.5,10.681159420289855,3608.0,3058.2753623188405,2.820563555,1.4759078571204822,0.0,0.0,Windows 11,AMD Ryzen 7 5700X 8-Core Processor,8,34265653248,NVIDIA GeForce RTX 5080,16303.0,,ppo,GridFoodCollector,512,0.000251,20480,0.00549,0.152,0.912,10.0,linear,True,64,3,simple,,,5,1000000,256,12000
20251127-184235,10.94117641,11.0,1324.316528,1424.139282,0.0356435922,0.01222982988,1.8998512625476192,1.611682177,20.25,11.767307685076922,19057.0,17982.21153846154,2267.3332519999994,2267.333252,26.5,12.865384615384617,3331.5,2612.230769230769,2.597001791,1.809192805119048,0.0,0.0,Windows 11,AMD Ryzen 7 5700X 8-Core Processor,8,34265653248,NVIDIA GeForce RTX 5080,16303.0,,ppo,GridFoodCollector,512,0.000261,10240,0.00871,0.272,0.905,8.0,constant,False,32,2,simple,,,5,500000,512,12000
20251127-190634,,0.5,152.5168152,303.2475586,0.03477274625,0.00308888375,2.092657536125,2.068683386,12.30000019,10.4250000715,18459.0,18218.125,2267.333252,2267.333252,26.0,18.625,2235.0,2212.5625,2.201747417,1.82612548775,0.0,0.0,Windows 11,AMD Ryzen 7 5700X 8-Core Processor,8,34265653248,NVIDIA GeForce RTX 5080,16303.0,,ppo,GridFoodCollector,512,0.00025,20480,0.003728,0.197,0.947,10.0,constant,True,32,1,simple,,,5,100000,128,12000
20251127-191203,1.052631617,2.25,413.1121826,721.9517822,0.0180658559999999,0.00434690725,2.0828223228,2.044877768,18.39999962,11.366666714333332,19801.5,18917.916666666668,2267.333252,2267.333252,21.5,14.916666666666666,2225.5,2208.583333333333,2.723251343,2.09116151925,0.0,0.0,Windows 11,AMD Ryzen 7 5700X 8-Core Processor,8,34265653248,NVIDIA GeForce RTX 5080,16303.0,,ppo,GridFoodCollector,2048,0.000281,40960,0.002324,0.24,0.917,10.0,linear,True,256,3,simple,,,5,250000,512,12000
20251127-192441,,0.550000012,45.68068695,230.9693909,0.012105308,0.002098538,2.112061738625,2.11192894,16.60000038,13.51250016625,19523.0,18271.3125,2267.333252,2267.333252,7.0,2.1875,2350.0,2217.6875,2.879209757,2.604449585125,0.0,0.0,Windows 11,AMD Ryzen 7 5700X 8-Core Processor,8,34265653248,NVIDIA GeForce RTX 5080,16303.0,,ppo,GridFoodCollector,4096,4.1e-05,81920,0.004819,0.233,0.916,5.0,linear,False,128,2,simple,,,5,100000,64,12000
20251127-192854,-0.157894731,1.0,76.16396332,581.1613159,0.024704887,0.0028739825,2.11667729595,2.119190216,14.30000019,6.296875,21093.0,19750.0,2267.3332519999994,2267.333252,19.0,11.65625,3729.0,3697.71875,2.261826992,0.99486209455,0.0,0.0,Windows 11,AMD Ryzen 7 5700X 8-Core Processor,8,34265653248,NVIDIA GeForce RTX 5080,16303.0,,ppo,GridFoodCollector,1024,0.000132,81920,0.006471,0.136,0.91,4.0,linear,True,128,1,simple,,,5,250000,256,12000
20251127-193916,0.0,1.166666627,2209.408691,2975.859131,0.0124698741666666,0.001738937,2.097114841578313,2.053015232,19.39999962,13.067808164479452,23718.0,20760.69178082192,2267.3332520000004,2267.333252,25.0,7.5479452054794525,3753.0,2672.2671232876714,3.101565838,2.301582291216868,0.0,0.0,Windows 11,AMD Ryzen 7 5700X 8-Core Processor,8,34265653248,NVIDIA GeForce RTX 5080,16303.0,,ppo,GridFoodCollector,4096,0.000172,163840,0.002368,0.116,0.933,10.0,constant,True,128,1,simple,,,5,1000000,256,12000
20251127-202919,,2.0,130.0783844,172.8787689,,,2.11208415025,2.112083912,15.10000038,12.72500002375,19492.0,18066.75,2267.333252,2267.333252,18.0,3.375,1936.0,1909.5625,2.971806049,2.8402041495,0.0,0.0,Windows 11,AMD Ryzen 7 5700X 8-Core Processor,8,34265653248,NVIDIA GeForce RTX 5080,16303.0,,ppo,GridFoodCollector,4096,0.000172,163840,0.009069,0.285,0.936,10.0,linear,False,64,1,simple,,,5,100000,64,12000
20251127-203232,50.20000076,59.0,3118.387695,4715.999023,0.035321734924812,0.022957035293233,1.6699897529161676,1.229653835,20.10000038,13.533333307530864,18422.0,16346.296296296296,2267.3332520000004,2267.333252,29.0,2.515432098765432,2124.0,2001.358024691358,3.123620987,2.510327797443113,0.0,0.0,Windows 11,AMD Ryzen 7 5700X 8-Core Processor,8,34265653248,NVIDIA GeForce RTX 5080,16303.0,,ppo,GridFoodCollector,512,0.000204,10240,0.003728,0.156,0.947,5.0,linear,True,512,1,simple,,,5,2000000,256,12000
20251127-215120,30.89999962,46.0,3441.91626,4091.171143,0.0354342499625,0.1084305912875,1.6465686880778443,1.212199807,19.0,13.823926404840492,15518.0,15140.53680981595,2267.3332520000004,2267.333252,2.5,0.0828220858895705,1819.0,1818.9754601227,3.488282919,2.856081214532934,0.0,0.0,Windows 11,AMD Ryzen 7 5700X 8-Core Processor,8,34265653248,NVIDIA GeForce RTX 5080,16303.0,,ppo,GridFoodCollector,512,0.000296,20480,0.003505,0.167,0.944,3.0,constant,True,256,2,simple,,,5,2000000,256,12000
20251127-225943,,0.25,185.3562469,217.936676,0.02430463875,0.00176693325,2.1107408105,2.109268427,14.89999962,12.974999905,15329.0,15128.875,2267.333252,2267.333252,0.5,0.0625,1819.0,1819.0,2.978369951,2.592394888375,0.0,0.0,Windows 11,AMD Ryzen 7 5700X 8-Core Processor,8,34265653248,NVIDIA GeForce RTX 5080,16303.0,,ppo,GridFoodCollector,1024,0.000114,20480,0.002267,0.149,0.908,5.0,constant,False,512,1,simple,,,5,100000,64,12000
20251127-230340,10.5,16.29999924,2390.248535,2410.754395,0.0348779836666666,0.0076599204615384,1.9313788873734945,1.631816745,17.0,13.803164542531649,15783.0,15270.037974683544,2267.3332520000004,2267.333252,3.0,0.120253164556962,1819.0,1819.0,3.173456192,2.6523272775301208,0.0,0.0,Windows 11,AMD Ryzen 7 5700X 8-Core Processor,8,34265653248,NVIDIA GeForce RTX 5080,16303.0,,ppo,GridFoodCollector,512,5.2e-05,20480,0.004812,0.242,0.9,5.0,linear,False,512,3,simple,,,5,1000000,256,12000
20251127-234433,0.0,0.555555582,231.3012848,493.0266724,0.0174693315,0.0033145095,2.11252471215,2.112247705,17.25,13.843333371333332,18263.0,16804.933333333334,2267.3332519999994,2267.333252,0.5,0.0333333333333333,1819.0,1819.0,3.198295593,2.94223268025,0.0,0.0,Windows 11,AMD Ryzen 7 5700X 8-Core Processor,8,34265653248,NVIDIA GeForce RTX 5080,16303.0,,ppo,GridFoodCollector,2048,0.00016,81920,0.001029,0.264,0.928,5.0,constant,False,64,1,simple,,,5,250000,512,12000
20251127-235321,1.058823586,3.5,1096.059937,1116.333862,0.0250522676875,0.003932975375,2.067457636166667,1.998834372,17.29999924,13.92580641483871,15961.0,15535.758064516129,2267.3332519999994,2267.333252,1.5,0.0967741935483871,1819.0,1819.0,3.137551308,2.7491039945476192,0.0,0.0,Windows 11,AMD Ryzen 7 5700X 8-Core Processor,8,34265653248,NVIDIA GeForce RTX 5080,16303.0,,ppo,GridFoodCollector,1024,0.00026,20480,0.004416,0.13,0.928,4.0,linear,True,512,2,simple,,,5,500000,512,12000
20251128-001211,3.0,6.166666508,,2693.552979,0.03489791984,0.0016689140599999,1.8809032392941176,,15.94999981,13.897058767647058,15172.0,15060.176470588236,2267.333252,2267.333252,2.0,0.3823529411764705,1820.0,1819.970588235294,2.811826468,2.6825969452745104,0.0,0.0,Windows 11,AMD Ryzen 7 5700X 8-Core Processor,8,34265653248,NVIDIA GeForce RTX 5080,16303.0,,ppo,GridFoodCollector,512,0.000225,10240,0.002072,0.122,0.909,10.0,linear,False,256,1,simple,,,5,1000000,1024,12000
20251128-005722,5.416666508,8.416666985,,2179.512695,0.024444082875,0.0040856345,2.017874605509804,,17.60000038,13.67450981509804,16519.0,15808.058823529413,2267.333252,2267.333252,2.0,0.2647058823529412,1820.0,1820.0,3.220416307,2.961665106745099,0.0,0.0,Windows 11,AMD Ryzen 7 5700X 8-Core Processor,8,34265653248,NVIDIA GeForce RTX 5080,16303.0,,ppo,GridFoodCollector,1024,0.000116,40960,0.009234,0.249,0.943,5.0,linear,True,128,1,simple,,,5,1000000,1024,12000
20251128-013358,0.25,0.25,189.7382965,258.732666,0.033696521,0.004136576,2.1142686603333334,,17.45000076,14.133333365,16375.0,15638.75,2267.333252,2267.333252,1.0,0.25,1820.0,1820.0,3.106579542,2.891471624333333,0.0,0.0,Windows 11,AMD Ryzen 7 5700X 8-Core Processor,8,34265653248,NVIDIA GeForce RTX 5080,16303.0,,ppo,GridFoodCollector,512,0.000164,40960,0.006878,0.126,0.945,10.0,linear,False,128,1,simple,,,5,100000,2048,12000
20251128-013835,0.333333343,0.583333313,,1076.177856,0.0175426182,0.0023141678,2.113389629692308,,16.95000076,13.92692309153846,18549.5,17008.134615384617,2267.3332519999994,2267.333252,2.0,0.2884615384615384,1820.0,1820.0,3.079321861,2.9108589429615384,0.0,0.0,Windows 11,AMD Ryzen 7 5700X 8-Core Processor,8,34265653248,NVIDIA GeForce RTX 5080,16303.0,,ppo,GridFoodCollector,2048,0.000201,81920,0.005947,0.218,0.915,3.0,linear,False,512,1,simple,,,5,500000,2048,12000
20251128-015651,0.416666657,1.083333373,,672.8481445,0.0249093749999999,0.0031081675,2.103766789615385,2.077946186,17.20000076,13.876923266923075,16342.0,15616.576923076924,2267.333252,2267.333252,2.0,0.2307692307692307,1820.0,1820.0,3.143874645,2.871386803,0.0,0.0,Windows 11,AMD Ryzen 7 5700X 8-Core Processor,8,34265653248,NVIDIA GeForce RTX 5080,16303.0,,ppo,GridFoodCollector,1024,0.000231,40960,0.005788,0.123,0.946,10.0,constant,True,64,3,simple,,,5,250000,1024,12000
20251128-020821,0.75,0.916666687,551.7190552,655.817627,0.017433979,0.001359701,2.112371242769231,2.112635136,16.45000076,14.78076920153846,20161.0,17385.115384615383,2267.333252,2267.333252,2.0,0.5384615384615384,1820.0,1820.0,3.330750942,3.0831581079230768,0.0,0.0,Windows 11,AMD Ryzen 7 5700X 8-Core Processor,8,34265653248,NVIDIA GeForce RTX 5080,16303.0,,ppo,GridFoodCollector,2048,0.000124,163840,0.003202,0.264,0.922,10.0,constant,False,512,1,simple,,,5,250000,1024,12000
20251128-021935,1.647058845,6.25,1180.802368,1236.894897,0.0182985721,0.001867886,2.02370175854762,1.901281714,17.25,13.881481453333334,17410.0,16509.444444444445,2267.3332519999994,2267.333252,9.0,0.5555555555555556,1821.0,1821.0,3.224759817,2.807227279404762,0.0,0.0,Windows 11,AMD Ryzen 7 5700X 8-Core Processor,8,34265653248,NVIDIA GeForce RTX 5080,16303.0,,ppo,GridFoodCollector,2048,0.000273,40960,0.001674,0.277,0.908,5.0,constant,True,512,3,simple,,,5,500000,512,12000
20251128-024026,0.0,0.5,65.12483978,207.4321594,0.016361227,0.004753833,2.112370609875,2.114367485,14.80000019,13.10000002375,17302.0,16140.9375,2267.333252,2267.333252,0.0,0.0,1821.0,1821.0,3.051207304,2.761034816625,0.0,0.0,Windows 11,AMD Ryzen 7 5700X 8-Core Processor,8,34265653248,NVIDIA GeForce RTX 5080,16303.0,,ppo,GridFoodCollector,2048,0.0001,81920,0.004169,0.29,0.934,4.0,constant,False,256,3,simple,,,5,100000,256,12000
20251128-024419,0.210526317,0.454545468,271.2160034,410.1812744,,,2.112085342,2.112085342,15.69999981,13.346666717333331,22151.5,18374.966666666667,2267.3332519999994,2267.333252,1.0,0.1,1821.0,1821.0,3.130937815,3.0195961714,0.0,0.0,Windows 11,AMD Ryzen 7 5700X 8-Core Processor,8,34265653248,NVIDIA GeForce RTX 5080,16303.0,,ppo,GridFoodCollector,4096,0.000203,327680,0.004501,0.264,0.938,3.0,linear,True,128,2,simple,,,5,250000,512,12000
20251128-025145,0.083333336,0.75,,1575.438721,0.0240449555,0.0011509045833333,2.1217142985384614,,16.54999924,14.301923128076924,15789.5,15436.96153846154,2267.3332519999994,2267.333252,1.5,0.2307692307692307,1821.0,1821.0,3.049597263,2.7591627011153843,0.0,0.0,Windows 11,AMD Ryzen 7 5700X 8-Core Processor,8,34265653248,NVIDIA GeForce RTX 5080,16303.0,,ppo,GridFoodCollector,1024,2.1e-05,20480,0.009933,0.161,0.9,10.0,constant,False,512,3,simple,,,5,500000,2048,12000
20251128-031819,0.400000006,1.5,920.883667,1014.915833,0.0246486491818181,0.0014488023636363,2.116920357738095,2.108811617,16.29999924,13.82261893904762,16412.0,15659.130952380952,2267.333252,2267.333252,0.5,0.0476190476190476,1821.0,1821.0,3.121823311,2.8544272525238097,0.0,0.0,Windows 11,AMD Ryzen 7 5700X 8-Core Processor,8,34265653248,NVIDIA GeForce RTX 5080,16303.0,,ppo,GridFoodCollector,1024,0.000117,40960,0.003978,0.107,0.9,3.0,constant,True,128,1,simple,,,5,500000,256,12000
20251128-033525,2.666666746,4.916666508,4086.441895,4227.400879,0.0124573432727272,0.0017535566363636,2.093684980108911,,19.10000038,13.569306930693068,21565.0,18792.5099009901,2267.333252,2267.333252,2.5,0.3811881188118812,1822.0,1822.0,3.368902445,3.041414593782178,0.0,0.0,Windows 11,AMD Ryzen 7 5700X 8-Core Processor,8,34265653248,NVIDIA GeForce RTX 5080,16303.0,,ppo,GridFoodCollector,4096,8.9e-05,163840,0.00283,0.225,0.907,4.0,constant,True,64,3,simple,,,5,2000000,1024,12000
20251128-044610,37.08333206,42.16666794,,4310.679688,0.03529999606,0.02800458086,1.7764281695643565,,18.70000076,14.626732646930694,15783.0,15410.88613861386,2267.333252,2267.333252,2.5,0.3019801980198019,1822.0,1822.0,3.355779886,2.9528281287326736,0.0,0.0,Windows 11,AMD Ryzen 7 5700X 8-Core Processor,8,34265653248,NVIDIA GeForce RTX 5080,16303.0,,ppo,GridFoodCollector,512,0.000164,20480,0.00767,0.279,0.904,4.0,linear,False,256,2,simple,,,5,2000000,2048,12000
20251128-055821,0.0,1.0,272.1787415,1051.402466,0.0173360302,0.0013265434,2.1213166016097564,2.125231028,20.0,13.686585333414635,18369.0,16944.414634146342,2267.333252,2267.333252,0.0,0.0,1822.0,1822.0,3.127804279,2.885730868390244,0.0,0.0,Windows 11,AMD Ryzen 7 5700X 8-Core Processor,8,34265653248,NVIDIA GeForce RTX 5080,16303.0,,ppo,GridFoodCollector,2048,0.00017,81920,0.006595,0.293,0.92,5.0,linear,False,32,2,simple,,,5,500000,64,12000
20251128-061658,0.083333336,0.416666657,269.8769531,4007.521484,0.0170842407878787,0.0024463505454545,2.1154688443168315,,17.70000076,13.90742575762376,17313.5,16617.054455445545,2267.333252,2267.333252,4.0,0.4108910891089108,1822.0,1822.0,3.145972967,2.92760776529703,0.0,0.0,Windows 11,AMD Ryzen 7 5700X 8-Core Processor,8,34265653248,NVIDIA GeForce RTX 5080,16303.0,,ppo,GridFoodCollector,2048,2.9e-05,40960,0.003527,0.139,0.941,3.0,linear,True,32,1,simple,,,5,2000000,2048,12000
20251128-072403,,4.0,1880.870728,2208.650146,0.0124100798333333,0.001908714,2.1135040478313254,2.10279274,18.10000038,13.64638557192771,21589.0,18768.921686746988,2267.3332520000004,2267.333252,0.0,0.0,1822.0,1822.0,3.18569231,2.9507166132650604,0.0,0.0,Windows 11,AMD Ryzen 7 5700X 8-Core Processor,8,34265653248,NVIDIA GeForce RTX 5080,16303.0,,ppo,GridFoodCollector,4096,0.000107,163840,0.005707,0.133,0.949,4.0,constant,False,512,1,simple,,,5,1000000,64,12000
20251128-080110,0.083333336,0.5,97.64713287,527.1946411,0.018648785,0.001906848,2.1130411071538457,2.115191936,16.79999924,13.284615370000004,20167.0,17388.115384615383,2267.333252,2267.333252,1.0,0.2307692307692307,1823.0,1822.8076923076924,3.14914012,3.007520217076923,0.0,0.0,Windows 11,AMD Ryzen 7 5700X 8-Core Processor,8,34265653248,NVIDIA GeForce RTX 5080,16303.0,,ppo,GridFoodCollector,2048,0.000132,163840,0.002345,0.22,0.917,5.0,constant,False,32,3,simple,,,5,250000,2048,12000
20251128-081015,3.0,4.0,492.8187866,1277.630615,0.0352591974545454,0.0016657363636363,2.063807545585366,1.943476558,17.70000076,13.426829314634148,16197.0,15544.914634146342,2267.333252,2267.333252,1.0,0.024390243902439,1823.0,1823.0,3.203648329,2.755837335804878,0.0,0.0,Windows 11,AMD Ryzen 7 5700X 8-Core Processor,8,34265653248,NVIDIA GeForce RTX 5080,16303.0,,ppo,GridFoodCollector,512,0.000185,40960,0.009816,0.2,0.931,10.0,constant,False,64,2,simple,,,5,500000,64,12000
20251128-083237,42.59999847,47.57894897,3995.847168,4323.878906,0.02433316895,0.1090004323875,1.945958577916168,1.800277114,18.79999924,13.526219507560976,15839.0,15414.219512195124,2267.333252000001,2267.333252,2.0,0.0792682926829268,1823.0,1823.0,3.234784603,2.726638813964072,0.0,0.0,Windows 11,AMD Ryzen 7 5700X 8-Core Processor,8,34265653248,NVIDIA GeForce RTX 5080,16303.0,,ppo,GridFoodCollector,1024,9.7e-05,20480,0.008943,0.131,0.912,4.0,constant,True,256,3,simple,,,5,2000000,256,12000
20251128-094453,4.555555344,4.555555344,2473.358887,2473.358887,0.034484950060606,0.0069948838181818,2.1245398719642856,2.097833395,32.90000153,11.55185191722222,20169.5,17416.00925925926,2267.333252,2267.333252,23.5,8.944444444444445,3486.0,2435.824074074074,3.071468115,1.946227744607143,0.0,0.0,Windows 11,AMD Ryzen 7 5700X 8-Core Processor,8,34265653248,NVIDIA GeForce RTX 5080,16303.0,,ppo,GridFoodCollector,512,2.3e-05,20480,0.007916,0.219,0.95,5.0,constant,True,64,2,simple,,,5,1000000,512,12000
20251128-102621,0.789473712,0.949999988,488.602478,574.2167358,0.02431757,0.0025881698,2.11542617075,2.103393316,21.79999924,11.615789413578948,19691.0,18667.63157894737,2267.3332519999994,2267.333252,18.0,12.578947368421051,3597.0,3052.0,2.654187679,1.6219532192000004,0.0,0.0,Windows 11,AMD Ryzen 7 5700X 8-Core Processor,8,34265653248,NVIDIA GeForce RTX 5080,16303.0,,ppo,GridFoodCollector,1024,0.000236,40960,0.003173,0.24,0.901,3.0,constant,False,128,3,simple,,,5,250000,128,12000
20251128-103636,-0.333333343,0.333333343,,743.1591187,0.0120722635,0.0039642085,2.1124990901538463,2.112571955,13.05000019,7.734615362538463,21613.0,19827.80769230769,2267.333252,2267.333252,20.5,15.576923076923077,3618.0,3599.5,1.871153951,1.234690666153846,0.0,0.0,Windows 11,AMD Ryzen 7 5700X 8-Core Processor,8,34265653248,NVIDIA GeForce RTX 5080,16303.0,,ppo,GridFoodCollector,4096,0.000181,81920,0.005179,0.205,0.95,8.0,linear,False,256,3,simple,,,5,250000,1024,12000
20251128-104919,,1.049999952,2192.415771,2494.71875,0.0125572939999999,0.002205483,2.13723019226506,2.147362709,21.10000038,10.646385571891567,26509.0,22202.192771084337,2267.3332520000004,2267.333252,26.0,13.548192771084338,3781.0,3099.1506024096384,2.838759661,1.6648041196987953,0.0,0.0,Windows 11,AMD Ryzen 7 5700X 8-Core Processor,8,34265653248,NVIDIA GeForce RTX 5080,16303.0,,ppo,GridFoodCollector,4096,0.000185,163840,0.009096,0.144,0.92,4.0,constant,False,32,3,simple,,,5,1000000,64,12000
20251128-113116,0.416666657,0.416666657,265.7048645,321.7736206,0.0357980466,0.0020862828,2.1146883566666665,,8.399999619,7.800000032,19535.0,19408.916666666668,2267.333252,2267.333252,18.5,14.583333333333334,3707.0,3676.9166666666665,1.275389671,0.9536587493333334,0.0,0.0,Windows 11,AMD Ryzen 7 5700X 8-Core Processor,8,34265653248,NVIDIA GeForce RTX 5080,16303.0,,ppo,GridFoodCollector,512,8.6e-05,10240,0.006495,0.105,0.923,5.0,constant,False,512,2,simple,,,5,100000,1024,12000
20251128-113709,0.333333343,0.333333343,224.7864685,224.7864685,,,2.112085342,2.112085342,10.55000019,7.233333508,22238.0,20724.666666666668,2267.333252,2267.333252,18.0,14.333333333333334,3675.0,3672.8333333333335,2.2649436,1.0996025203333335,0.0,0.0,Windows 11,AMD Ryzen 7 5700X 8-Core Processor,8,34265653248,NVIDIA GeForce RTX 5080,16303.0,,ppo,GridFoodCollector,2048,0.000265,163840,0.008146,0.11,0.908,4.0,linear,True,32,2,simple,,,5,100000,512,12000
20251128-114110,4.900000095,13.0,4324.180664,5188.120605,0.0247805392173913,0.0117445678260869,2.0599960031556885,1.962067962,22.39999962,11.994964001122302,21801.0,19306.28417266187,2267.333252000001,2267.333252,21.5,7.262589928057554,3819.5,3096.1043165467627,2.884057045,1.936814363826347,0.0,0.0,Windows 11,AMD Ryzen 7 5700X 8-Core Processor,8,34265653248,NVIDIA GeForce RTX 5080,16303.0,,ppo,GridFoodCollector,1024,7e-05,81920,0.008905,0.164,0.921,4.0,linear,False,512,3,simple,,,5,2000000,256,12000
20251128-130752,-0.083333336,0.454545468,37.79870605,339.1037903,0.017295036,0.003266604,2.11182483,,10.89999962,7.591666619166666,21890.5,20676.416666666668,2267.333252,2267.333252,14.5,11.5,3784.0,3757.1666666666665,1.453357458,1.076345682,0.0,0.0,Windows 11,AMD Ryzen 7 5700X 8-Core Processor,8,34265653248,NVIDIA GeForce RTX 5080,16303.0,,ppo,GridFoodCollector,2048,6.3e-05,81920,0.002427,0.211,0.907,8.0,constant,False,64,2,simple,,,5,100000,2048,12000
20251128-131354,0.0,0.222222224,102.9217758,203.195694,,,2.112085342,2.112085342,10.64999962,7.37142849,22003.0,20712.714285714286,2267.333252,2267.333252,29.5,15.071428571428571,3743.0,3735.142857142857,2.257151127,1.270516932,0.0,0.0,Windows 11,AMD Ryzen 7 5700X 8-Core Processor,8,34265653248,NVIDIA GeForce RTX 5080,16303.0,,ppo,GridFoodCollector,4096,0.000127,327680,0.003415,0.278,0.928,5.0,constant,True,256,2,simple,,,5,100000,256,12000
20251128-131746,0.684210539,0.949999988,569.9118652,584.8509521,0.0338997699,0.00202066725,2.1111149431500005,2.107373238,20.79999924,8.779999971699999,19493.0,19104.075,2267.3332519999994,2267.333252,29.0,13.35,3796.0,3414.525,2.392250538,1.3956014036500002,0.0,0.0,Windows 11,AMD Ryzen 7 5700X 8-Core Processor,8,34265653248,NVIDIA GeForce RTX 5080,16303.0,,ppo,GridFoodCollector,512,0.000186,10240,0.006466,0.263,0.947,4.0,linear,False,32,3,simple,,,5,250000,64,12000
20251128-132818,0.157894731,0.5,70.52490997,524.8500366,0.0170591214,0.0016212842,2.12347078325,2.134865761,19.29999924,14.238235249411764,20574.0,19718.32352941177,2267.3332519999994,2267.333252,31.0,11.941176470588236,2619.0,2600.6176470588234,2.58886075,2.3401294351,0.0,0.0,Windows 11,AMD Ryzen 7 5700X 8-Core Processor,8,34265653248,NVIDIA GeForce RTX 5080,16303.0,,ppo,GridFoodCollector,2048,0.000288,40960,0.007828,0.12,0.913,3.0,constant,False,32,3,simple,,,5,250000,256,12000
20251128-133739,2.411764622,2.411764622,1138.397095,1138.397095,0.0243823222,0.0033806822,2.101812322880952,2.073295116,23.25,15.083333298148148,20344.5,18870.37037037037,2267.3332519999994,2267.333252,18.0,3.2962962962962963,2627.0,2590.6296296296296,3.008538485,2.680522913047619,0.0,0.0,Windows 11,AMD Ryzen 7 5700X 8-Core Processor,8,34265653248,NVIDIA GeForce RTX 5080,16303.0,,ppo,GridFoodCollector,1024,0.000231,81920,0.007172,0.263,0.923,4.0,linear,False,256,2,simple,,,5,500000,512,12000
20251128-135654,28.22222137,31.35294151,2261.539063,2313.255127,0.03458072116,0.0812884282199999,1.809036896309524,1.461309552,17.70000076,13.898076955980768,19790.5,18056.26923076923,2267.333252,2267.333252,18.5,5.480769230769231,4011.0,2825.75,2.779865265,2.275344376738095,0.0,0.0,Windows 11,AMD Ryzen 7 5700X 8-Core Processor,8,34265653248,NVIDIA GeForce RTX 5080,16303.0,,ppo,GridFoodCollector,512,0.000139,10240,0.001719,0.182,0.938,4.0,linear,False,32,3,simple,,,5,1000000,512,12000
20251128-143545,0.684210539,2.0,465.5228882,570.0615234,0.0350162647999999,0.0015441945,2.0982450006999995,2.056148767,11.19999981,7.200000035749999,20316.0,19852.825,2267.3332519999994,2267.333252,29.0,13.675,3995.0,3965.15,2.314482689,1.13531290295,0.0,0.0,Windows 11,AMD Ryzen 7 5700X 8-Core Processor,8,34265653248,NVIDIA GeForce RTX 5080,16303.0,,ppo,GridFoodCollector,512,0.000243,20480,0.001177,0.217,0.912,3.0,constant,False,64,2,simple,,,5,250000,128,12000
20251128-144601,,10.0,2681.935059,3381.688232,0.0360132152916666,0.0007293866666666,1.9445905110602408,1.696725488,20.60000038,8.964457832180722,20924.0,20011.656626506025,2267.3332520000004,2267.333252,26.0,11.75301204819277,4159.0,3770.409638554217,2.68783927,1.3378263353012048,0.0,0.0,Windows 11,AMD Ryzen 7 5700X 8-Core Processor,8,34265653248,NVIDIA GeForce RTX 5080,16303.0,,ppo,GridFoodCollector,512,0.000241,40960,0.008051,0.252,0.943,10.0,constant,True,256,3,simple,,,5,1000000,64,12000
20251128-154246,0.210526317,1.0,551.1235962,678.1902466,0.0165165896,0.0023574302,2.1163498519500004,2.11753726,15.80000019,10.04000005705,21810.0,20848.65,2267.3332519999994,2267.333252,39.0,10.725,3970.0,3641.4,2.694751501,1.5734259992500002,0.0,0.0,Windows 11,AMD Ryzen 7 5700X 8-Core Processor,8,34265653248,NVIDIA GeForce RTX 5080,16303.0,,ppo,GridFoodCollector,2048,9.6e-05,40960,0.007417,0.216,0.925,8.0,linear,False,128,3,simple,,,5,250000,64,12000
20251128-155523,0.083333336,0.416666657,422.429657,610.6790161,0.03456904575,0.00329042525,2.115062511846154,2.115994215,16.60000038,9.515384490846154,20526.0,20154.615384615383,2267.333252,2267.333252,16.5,10.884615384615383,4022.0,3987.192307692308,2.116576672,1.498564596230769,0.0,0.0,Windows 11,AMD Ryzen 7 5700X 8-Core Processor,8,34265653248,NVIDIA GeForce RTX 5080,16303.0,,ppo,GridFoodCollector,512,7.4e-05,10240,0.005418,0.155,0.919,3.0,constant,True,32,3,simple,,,5,250000,1024,12000
20251128-160554,1.666666627,2.5,,4604.820313,0.0179542498181818,0.0016080525454545,2.0928774824158416,,18.60000038,12.780693138940595,26307.5,22461.26732673267,2267.333252,2267.333252,28.0,5.55940594059406,4114.0,3162.727722772277,2.889641285,2.258052602821782,0.0,0.0,Windows 11,AMD Ryzen 7 5700X 8-Core Processor,8,34265653248,NVIDIA GeForce RTX 5080,16303.0,,ppo,GridFoodCollector,2048,5e-05,163840,0.003831,0.115,0.925,3.0,constant,True,512,1,simple,,,5,2000000,2048,12000
20251128-172258,4.5,6.0,4271.025879,4848.53125,0.0124191455,0.0019929508333333,2.101860361928144,2.068258524,26.5,14.390875854839416,25821.0,22266.638686131388,2267.3332520000004,2267.333252,24.0,6.507299270072993,4014.0,2725.57299270073,2.875501156,2.5436257391616763,0.0,0.0,Windows 11,AMD Ryzen 7 5700X 8-Core Processor,8,34265653248,NVIDIA GeForce RTX 5080,16303.0,,ppo,GridFoodCollector,4096,0.000123,163840,0.0068,0.248,0.933,4.0,constant,False,512,1,simple,,,5,2000000,256,12000
20251128-184359,2.083333254,5.666666508,2970.560547,3084.845215,0.02753012928,0.00228380808,1.7879902007058823,,23.64999962,11.0166666647451,21259.0,20023.03921568628,2267.333252,2267.333252,19.0,8.764705882352942,4030.5,3477.578431372549,2.799079657,1.7126116320392155,0.0,0.0,Windows 11,AMD Ryzen 7 5700X 8-Core Processor,8,34265653248,NVIDIA GeForce RTX 5080,16303.0,,ppo,GridFoodCollector,1024,0.000277,20480,0.00598,0.265,0.925,8.0,constant,True,512,1,simple,,,5,1000000,2048,12000
20251128-193543,11.0,12.35000038,2845.700439,2915.062012,0.0242539804090909,0.0204709459545454,2.024741369530121,1.811281443,27.64999962,11.453676476191175,21656.0,20077.53676470588,2267.3332520000004,2267.333252,43.0,8.742647058823529,4024.0,3320.389705882353,2.883481503,1.872331790831325,0.0,0.0,Windows 11,AMD Ryzen 7 5700X 8-Core Processor,8,34265653248,NVIDIA GeForce RTX 5080,16303.0,,ppo,GridFoodCollector,1024,5.7e-05,40960,0.005174,0.209,0.945,8.0,linear,False,128,3,simple,,,5,1000000,256,12000
20251128-202447,0.0,2.0,155.518158,1174.265991,0.012098104,0.0026068085,2.114878032048781,2.117488623,26.29999924,10.909756067487804,26624.5,23669.10975609756,2267.333252,2267.333252,42.0,10.317073170731708,4067.0,3746.951219512195,2.790264368,1.6290538005853656,0.0,0.0,Windows 11,AMD Ryzen 7 5700X 8-Core Processor,8,34265653248,NVIDIA GeForce RTX 5080,16303.0,,ppo,GridFoodCollector,4096,8.5e-05,163840,0.005525,0.283,0.903,4.0,constant,False,32,3,simple,,,5,500000,64,12000
20251128-204607,0.222222224,0.444444448,100.7507553,281.4920349,0.0169948675,0.002981746,2.112648487,2.114346027,11.85000038,6.724999983833334,22233.0,21424.166666666668,2267.333252,2267.333252,19.5,13.416666666666666,4039.5,4033.25,2.217556953,1.1582518683333332,0.0,0.0,Windows 11,AMD Ryzen 7 5700X 8-Core Processor,8,34265653248,NVIDIA GeForce RTX 5080,16303.0,,ppo,GridFoodCollector,2048,4.7e-05,40960,0.002763,0.164,0.902,5.0,constant,False,128,1,simple,,,5,100000,512,12000
20251128-205104,51.0,51.59999847,5328.239746,5458.255859,0.0350291772258064,0.0906525113548387,1.863203794102409,1.503179789,45.20000076,10.790361446120484,20909.0,19796.15361445783,2267.3332520000004,2267.333252,42.0,12.283132530120485,4350.5,3818.64156626506,2.789099455,1.434534402512048,0.0,0.0,Windows 11,AMD Ryzen 7 5700X 8-Core Processor,8,34265653248,NVIDIA GeForce RTX 5080,16303.0,,ppo,GridFoodCollector,512,6.5e-05,20480,0.007765,0.105,0.919,5.0,linear,True,256,3,simple,,,5,2000000,64,12000
20251128-222245,,1.0,144.0194855,2608.799072,0.0123693786666666,0.0010898876666666,2.13361110739759,2.148668766,19.70000076,9.17108435786747,26010.0,22795.94578313253,2267.3332520000004,2267.333252,47.0,10.22289156626506,4432.0,3899.548192771085,2.732095718,1.5233367225662648,0.0,0.0,Windows 11,AMD Ryzen 7 5700X 8-Core Processor,8,34265653248,NVIDIA GeForce RTX 5080,16303.0,,ppo,GridFoodCollector,4096,0.000202,163840,0.008205,0.113,0.918,5.0,constant,True,128,2,simple,,,5,1000000,64,12000
20251128-230635,0.0,2.0,375.817688,1525.289917,0.0247153096,0.001785453,2.0984378616341464,2.074239731,22.5,12.118292634268292,22626.0,20488.878048780487,2267.333252,2267.333252,36.0,11.585365853658535,4414.0,3899.2926829268295,2.752906084,1.6563681466341462,0.0,0.0,Windows 11,AMD Ryzen 7 5700X 8-Core Processor,8,34265653248,NVIDIA GeForce RTX 5080,16303.0,,ppo,GridFoodCollector,1024,0.000152,81920,0.006363,0.287,0.91,10.0,linear,True,32,2,simple,,,5,500000,64,12000
20251128-233416,0.083333336,0.333333343,,294.5421448,0.025477832,0.002328648,2.1174800791666666,,12.10000038,8.374999841,22186.0,20655.166666666668,2267.333252,2267.333252,15.0,12.083333333333334,4342.0,4332.25,1.893244267,1.0628628185,0.0,0.0,Windows 11,AMD Ryzen 7 5700X 8-Core Processor,8,34265653248,NVIDIA GeForce RTX 5080,16303.0,,ppo,GridFoodCollector,1024,0.000258,40960,0.007728,0.151,0.901,4.0,constant,True,256,3,simple,,,5,100000,2048,12000
20251128-233931,,4.0,2606.931396,2998.260254,0.0244874258333333,0.0020201709583333,2.0759491632771083,2.01375556,19.95000076,10.45120488286747,22046.0,18765.93373493976,2267.3332520000004,2267.333252,31.0,12.13855421686747,4398.5,3450.0722891566265,3.127808094,1.6659328578313248,0.0,0.0,Windows 11,AMD Ryzen 7 5700X 8-Core Processor,8,34265653248,NVIDIA GeForce RTX 5080,16303.0,,ppo,GridFoodCollector,1024,6.5e-05,40960,0.003957,0.103,0.903,8.0,constant,True,256,3,simple,,,5,1000000,64,12000
20251129-002949,31.5,31.5,2624.31958,2624.31958,0.0249771174871794,0.0588262225641025,1.7587726116506026,1.432846069,23.79999924,13.937804896585366,15743.0,15112.908536585366,2267.3332520000004,2267.333252,5.0,0.2439024390243902,2077.0,2076.987804878049,3.266294241,2.7067926160361444,0.0,0.0,Windows 11,AMD Ryzen 7 5700X 8-Core Processor,8,34265653248,NVIDIA GeForce RTX 5080,16303.0,,ppo,GridFoodCollector,1024,0.000215,20480,0.00669,0.216,0.904,10.0,linear,True,64,1,simple,,,5,1000000,256,12000
20251129-011422,-0.05882353,0.75,634.6673584,1018.420593,0.0172630494,0.0036642644,2.114570844642857,2.116120577,15.39999962,13.470967692903226,18627.5,17039.8064516129,2267.3332519999994,2267.333252,2.0,0.1290322580645161,2077.0,2077.0,3.237189531,2.915547209095238,0.0,0.0,Windows 11,AMD Ryzen 7 5700X 8-Core Processor,8,34265653248,NVIDIA GeForce RTX 5080,16303.0,,ppo,GridFoodCollector,2048,8.3e-05,81920,0.007618,0.208,0.937,3.0,linear,False,256,1,simple,,,5,500000,512,12000
20251129-013135,1.0,4.0,4732.003418,5359.653809,0.01772118075,0.0026885709166666,2.067870772012048,1.978830099,18.20000076,13.6563253115,21025.0,18262.36746987952,2267.3332520000004,2267.333252,1.0,0.0451807228915662,2077.0,2077.0,3.251896381,2.9705566813975905,0.0,0.0,Windows 11,AMD Ryzen 7 5700X 8-Core Processor,8,34265653248,NVIDIA GeForce RTX 5080,16303.0,,ppo,GridFoodCollector,2048,0.000286,163840,0.003741,0.106,0.942,10.0,constant,True,32,3,simple,,,5,2000000,128,12000
20251129-030123,0.416666657,0.916666687,,660.7091064,0.013050921,0.00226994,2.112834416692308,2.110200405,16.60000038,13.507692336923078,18842.5,16813.46153846154,2267.333252,2267.333252,2.0,0.2307692307692307,2077.0,2077.0,3.16851759,2.924841899076923,0.0,0.0,Windows 11,AMD Ryzen 7 5700X 8-Core Processor,8,34265653248,NVIDIA GeForce RTX 5080,16303.0,,ppo,GridFoodCollector,4096,0.000177,81920,0.005215,0.13,0.911,10.0,constant,True,256,2,simple,,,5,250000,1024,12000
20251129-031243,,0.200000003,173.6098022,194.588028,0.014131594,0.005237037,2.111994921875,2.111486435,14.14999962,13.41874992875,17267.0,15997.6875,2267.333252,2267.333252,0.5,0.0625,2077.0,2077.0,3.081726789,2.8299542368750004,0.0,0.0,Windows 11,AMD Ryzen 7 5700X 8-Core Processor,8,34265653248,NVIDIA GeForce RTX 5080,16303.0,,ppo,GridFoodCollector,2048,0.000129,81920,0.000323,0.288,0.945,3.0,constant,True,256,2,simple,,,5,100000,64,12000
20251129-031617,3.0,11.0,4551.05127,5061.644531,0.0266994787916666,0.0081896516666666,1.6804055119337349,1.159641147,19.04999924,13.364457808433736,17525.0,16237.638554216868,2267.3332520000004,2267.333252,1.0,0.036144578313253,2077.0,2077.0,3.258309841,2.920069380048193,0.0,0.0,Windows 11,AMD Ryzen 7 5700X 8-Core Processor,8,34265653248,NVIDIA GeForce RTX 5080,16303.0,,ppo,GridFoodCollector,1024,0.000229,81920,0.005724,0.187,0.912,8.0,constant,True,256,2,simple,,,5,2000000,64,12000
20251129-044105,1.0,2.0,997.3851929,1282.599609,0.036449593090909,0.0019376022727272,2.055764692560976,1.955458045,16.70000076,13.498780413658537,16036.0,15396.585365853658,2267.333252,2267.333252,1.0,0.024390243902439,2078.0,2078.0,3.285189629,2.870807944268293,0.0,0.0,Windows 11,AMD Ryzen 7 5700X 8-Core Processor,8,34265653248,NVIDIA GeForce RTX 5080,16303.0,,ppo,GridFoodCollector,512,0.000185,40960,0.009816,0.2,0.931,10.0,constant,False,64,2,simple,,,5,500000,64,12000
20251129-050334,,5.0,1380.578003,2555.276123,0.0255607420833333,0.0015192310833333,2.052108648325301,1.944454193,20.10000038,13.687654271728396,17694.0,16307.87037037037,2267.3332520000004,2267.333252,1.0,0.037037037037037,2078.0,2078.0,3.153069735,2.8888411780361447,0.0,0.0,Windows 11,AMD Ryzen 7 5700X 8-Core Processor,8,34265653248,NVIDIA GeForce RTX 5080,16303.0,,ppo,GridFoodCollector,1024,0.00024,81920,0.006753,0.114,0.913,8.0,constant,False,256,2,simple,,,5,1000000,128,12000
20251129-054631,3.333333254,5.0,912.6676636,1031.628296,0.0344042920799999,0.00251740588,2.085542954,,17.39999962,15.16923071807692,15189.0,15068.653846153846,2267.3332519999994,2267.333252,1.5,0.2692307692307692,2078.0,2078.0,3.039150238,2.914899853653846,0.0,0.0,Windows 11,AMD Ryzen 7 5700X 8-Core Processor,8,34265653248,NVIDIA GeForce RTX 5080,16303.0,,ppo,GridFoodCollector,512,6.6e-05,10240,0.006119,0.277,0.905,3.0,constant,True,256,1,simple,,,5,500000,1024,12000
20251129-060359,50.25,74.0,4008.864502,4958.246094,0.035317035475,0.0272025991125,1.594109450293413,1.189877748,21.20000076,13.902424240121212,15778.0,15372.50909090909,2267.3332520000004,2267.333252,5.0,0.1121212121212121,2078.0,2078.0,3.447229862,2.752990143017964,0.0,0.0,Windows 11,AMD Ryzen 7 5700X 8-Core Processor,8,34265653248,NVIDIA GeForce RTX 5080,16303.0,,ppo,GridFoodCollector,512,0.00019,20480,0.007935,0.231,0.932,8.0,linear,False,64,1,simple,,,5,2000000,256,12000
20251129-072650,0.0,3.0,763.9837646,1198.864014,0.0175503169999999,0.0062855267272727,2.1105943249268293,2.074749708,19.89999962,13.203658499512194,17111.0,16396.158536585364,2267.333252,2267.333252,1.0,0.0975609756097561,2078.0,2078.0,3.312741041,2.927118455560976,0.0,0.0,Windows 11,AMD Ryzen 7 5700X 8-Core Processor,8,34265653248,NVIDIA GeForce RTX 5080,16303.0,,ppo,GridFoodCollector,2048,0.000134,40960,0.009939,0.17,0.942,8.0,linear,True,128,1,simple,,,5,500000,64,12000
20251129-074746,0.166666672,0.333333343,63.83299637,244.1343842,0.01216282,0.004211936,2.112085342,,16.39999962,13.083333175,17622.0,16400.75,2267.333252,2267.333252,2.0,0.6666666666666666,2079.0,2079.0,3.049293995,2.8548910220000003,0.0,0.0,Windows 11,AMD Ryzen 7 5700X 8-Core Processor,8,34265653248,NVIDIA GeForce RTX 5080,16303.0,,ppo,GridFoodCollector,4096,0.000214,81920,0.007283,0.141,0.932,4.0,linear,True,256,1,simple,,,5,100000,2048,12000
20251129-075208,0.0,0.5,273.2608948,1004.493347,0.011678583,0.002542418,2.113083123884615,,16.79999924,13.77692303307692,25377.5,19827.98076923077,2267.3332519999994,2267.333252,2.5,0.4230769230769231,2079.0,2079.0,3.141547441,3.015823621,0.0,0.0,Windows 11,AMD Ryzen 7 5700X 8-Core Processor,8,34265653248,NVIDIA GeForce RTX 5080,16303.0,,ppo,GridFoodCollector,4096,4.2e-05,327680,0.005717,0.163,0.906,3.0,constant,False,128,2,simple,,,5,500000,1024,12000
20251129-080910,3.0,9.0,1109.233276,1264.890503,0.0371860725652173,0.0044585980869565,1.837710964926829,1.535572648,16.70000076,13.108536511219512,15540.0,15104.09756097561,2267.333252,2267.333252,0.5,0.0121951219512195,2079.0,2079.0,3.11894846,2.5942808825121952,0.0,0.0,Windows 11,AMD Ryzen 7 5700X 8-Core Processor,8,34265653248,NVIDIA GeForce RTX 5080,16303.0,,ppo,GridFoodCollector,512,0.000191,20480,0.00461,0.234,0.947,8.0,constant,True,256,2,simple,,,5,500000,64,12000
20251129-083041,0.166666672,0.5,167.3519287,531.5714722,0.011032884,0.002220867,2.112876067,2.114656687,15.5,13.63461531153846,20044.0,17419.46153846154,2267.333252,2267.333252,2.5,0.6923076923076923,2079.0,2079.0,3.089822054,2.947998358615384,0.0,0.0,Windows 11,AMD Ryzen 7 5700X 8-Core Processor,8,34265653248,NVIDIA GeForce RTX 5080,16303.0,,ppo,GridFoodCollector,4096,9.1e-05,163840,0.004741,0.253,0.911,5.0,constant,False,32,1,simple,,,5,250000,1024,12000
20251129-083951,0.0,0.272727281,198.59758,219.3280487,0.020185642,0.002319256,2.112366411111111,2.113350153,14.60000038,13.44999992875,17637.0,16269.5,2267.333252,2267.333252,2.5,0.5625,2079.0,2079.0,3.095507145,2.864644024,0.0,0.0,Windows 11,AMD Ryzen 7 5700X 8-Core Processor,8,34265653248,NVIDIA GeForce RTX 5080,16303.0,,ppo,GridFoodCollector,2048,8.9e-05,81920,0.000767,0.184,0.941,3.0,constant,True,256,3,simple,,,5,100000,512,12000
20251129-084344,0.0,0.166666672,63.82754517,230.7016144,0.01660075,0.006053147,2.112085342,,14.94999981,13.458333175,17518.0,16170.583333333334,2267.333252,2267.333252,0.5,0.0833333333333333,2080.0,2080.0,3.056346655,2.866493424,0.0,0.0,Windows 11,AMD Ryzen 7 5700X 8-Core Processor,8,34265653248,NVIDIA GeForce RTX 5080,16303.0,,ppo,GridFoodCollector,2048,0.000214,81920,0.005244,0.259,0.932,3.0,linear,True,32,3,simple,,,5,100000,1024,12000
20251129-084752,0.916666687,1.416666627,,251.9481506,0.0331851214,0.0016089414,2.106932520833334,,16.39999962,14.32499981,15020.0,14913.25,2267.333252,2267.333252,0.0,0.0,2080.0,2080.0,2.728809357,2.6705865066666665,0.0,0.0,Windows 11,AMD Ryzen 7 5700X 8-Core Processor,8,34265653248,NVIDIA GeForce RTX 5080,16303.0,,ppo,GridFoodCollector,512,0.000239,10240,0.008844,0.229,0.914,5.0,constant,True,256,1,simple,,,5,100000,1024,12000
20251129-085222,36.0,44.0,2411.175781,2841.10376,0.0353521569743589,0.0774211778205128,1.7036575208072282,1.388779759,18.14999962,13.679452020958903,16841.0,15806.143835616438,2267.3332520000004,2267.333252,24.5,4.965753424657534,2108.0,2088.856164383561,3.2626369,2.5609045760602407,0.0,0.0,Windows 11,AMD Ryzen 7 5700X 8-Core Processor,8,34265653248,NVIDIA GeForce RTX 5080,16303.0,,ppo,GridFoodCollector,512,4.2e-05,20480,0.002953,0.29,0.917,8.0,constant,False,512,2,simple,,,5,1000000,256,12000
20251129-094035,16.0,16.0,1397.442383,1397.442383,0.0354640271794871,0.0227166312820512,1.967780863390244,1.805710316,17.29999924,13.595121965121953,16890.0,16394.621951219513,2267.333252,2267.333252,24.5,14.560975609756095,2103.0,2102.012195121951,2.744654417,2.206307841560976,0.0,0.0,Windows 11,AMD Ryzen 7 5700X 8-Core Processor,8,34265653248,NVIDIA GeForce RTX 5080,16303.0,,ppo,GridFoodCollector,512,0.000125,10240,0.008383,0.165,0.94,8.0,linear,False,256,3,simple,,,5,500000,128,12000
20251129-100436,1.0,1.0,161.3974762,1164.401367,0.0249623615454545,0.0025514761818181,2.1126421893658534,2.113181353,16.29999924,12.41951226,17104.0,15915.536585365851,2267.333252,2267.333252,19.0,15.121951219512194,2370.0,2115.573170731708,2.862512112,2.533990011,0.0,0.0,Windows 11,AMD Ryzen 7 5700X 8-Core Processor,8,34265653248,NVIDIA GeForce RTX 5080,16303.0,,ppo,GridFoodCollector,1024,2.8e-05,40960,0.001915,0.122,0.942,4.0,linear,False,64,1,simple,,,5,500000,128,12000
20251129-102432,37.0,38.0,4152.043457,4931.459473,0.0245698745416666,0.0922817248333333,1.9221728128373488,1.629855633,22.20000076,12.969578323548197,17102.0,16165.56626506024,2267.3332520000004,2267.333252,19.0,15.379518072289155,2124.0,2083.885542168675,3.062388659,2.5690997401144577,0.0,0.0,Windows 11,AMD Ryzen 7 5700X 8-Core Processor,8,34265653248,NVIDIA GeForce RTX 5080,16303.0,,ppo,GridFoodCollector,1024,0.000229,40960,0.008568,0.239,0.949,5.0,linear,True,64,3,simple,,,5,2000000,64,12000
20251129-114712,16.23529434,20.5,3898.912109,4796.777832,0.0123245298636363,0.0055848739545454,1.870027781988024,1.510147691,18.35000038,12.495871526495414,20947.0,17976.229357798165,2267.3332520000004,2267.333252,21.0,10.275229357798166,2267.0,2106.4633027522937,3.249966383,2.645675180892215,0.0,0.0,Windows 11,AMD Ryzen 7 5700X 8-Core Processor,8,34265653248,NVIDIA GeForce RTX 5080,16303.0,,ppo,GridFoodCollector,4096,0.000116,81920,0.001936,0.187,0.941,5.0,constant,True,128,1,simple,,,5,2000000,512,12000
20251129-130726,0.0,0.5,114.3461685,241.8171997,,,2.112085342,,16.64999962,14.383333365,24320.5,22099.916666666668,2267.333252,2267.333252,18.0,12.75,2694.0,2614.1666666666665,2.532604933,2.3310425281666665,0.0,0.0,Windows 11,AMD Ryzen 7 5700X 8-Core Processor,8,34265653248,NVIDIA GeForce RTX 5080,16303.0,,ppo,GridFoodCollector,4096,0.000148,327680,0.001346,0.145,0.943,8.0,linear,False,256,3,simple,,,5,100000,2048,12000
20251129-131149,0.5,2.0,2255.321533,2550.555176,0.024782855,0.0009124925454545,2.119043755180724,2.117826939,21.64999962,6.884328329791045,24753.5,22486.410447761195,2267.3332520000004,2267.333252,27.0,12.73134328358209,4221.0,3844.268656716418,2.564971685,0.9106169591084337,0.0,0.0,Windows 11,AMD Ryzen 7 5700X 8-Core Processor,8,34265653248,NVIDIA GeForce RTX 5080,16303.0,,ppo,GridFoodCollector,1024,0.000234,81920,0.003617,0.115,0.936,3.0,constant,True,256,3,simple,,,5,1000000,256,12000
20251129-135451,0.75,1.416666627,1384.384033,1611.392212,0.0249894132,0.0028540766,2.108494905307692,,17.75,10.023076956038462,24617.5,22265.634615384617,2267.3332519999994,2267.333252,18.5,11.98076923076923,4204.0,4008.173076923077,2.553200245,1.229019398846154,0.0,0.0,Windows 11,AMD Ryzen 7 5700X 8-Core Processor,8,34265653248,NVIDIA GeForce RTX 5080,16303.0,,ppo,GridFoodCollector,1024,0.000142,81920,0.00804,0.156,0.933,8.0,constant,False,256,1,simple,,,5,500000,2048,12000
20251129-142203,10.75,12.75,,4670.688477,0.0247460413,0.0047200026,2.1214217879801978,,21.95000076,13.68069309752475,23307.0,21011.940594059404,2267.333252,2267.333252,15.0,4.143564356435643,4166.0,2932.940594059406,2.757114887,2.45070819039604,0.0,0.0,Windows 11,AMD Ryzen 7 5700X 8-Core Processor,8,34265653248,NVIDIA GeForce RTX 5080,16303.0,,ppo,GridFoodCollector,1024,0.000124,81920,0.008809,0.141,0.925,4.0,constant,True,64,3,simple,,,5,2000000,2048,12000
20251129-154014,,1.0,154.7905121,206.6368408,,,2.112085342,2.112085342,17.60000038,11.89375007125,24176.0,22302.125,2267.333252,2267.333252,20.0,10.0625,4206.0,4020.8125,2.638078213,1.83045682325,0.0,0.0,Windows 11,AMD Ryzen 7 5700X 8-Core Processor,8,34265653248,NVIDIA GeForce RTX 5080,16303.0,,ppo,GridFoodCollector,4096,1.3e-05,163840,0.001125,0.141,0.913,3.0,constant,False,32,3,simple,,,5,100000,64,12000
20251129-154405,,0.25,51.66405487,255.4335175,0.023257753,0.002746871,2.111725151625,2.109681368,9.5,6.03125002975,24043.0,22651.875,2267.333252,2267.333252,16.0,12.75,4166.0,4155.125,1.65685463,0.9112052395,0.0,0.0,Windows 11,AMD Ryzen 7 5700X 8-Core Processor,8,34265653248,NVIDIA GeForce RTX 5080,16303.0,,ppo,GridFoodCollector,1024,0.000151,81920,0.001274,0.157,0.939,4.0,constant,False,512,1,simple,,,5,100000,64,12000
20251129-154842,16.33333397,16.91666603,5941.968262,5941.968262,0.02576918,0.0044443024545454,1.9912704276930693,,19.70000076,10.214356441366336,24251.5,22450.41089108911,2267.333252,2267.333252,31.0,10.836633663366335,4187.5,3734.727722772277,2.644559383,1.490352046960396,0.0,0.0,Windows 11,AMD Ryzen 7 5700X 8-Core Processor,8,34265653248,NVIDIA GeForce RTX 5080,16303.0,,ppo,GridFoodCollector,1024,0.00029,40960,0.00777,0.247,0.935,8.0,constant,False,64,2,simple,,,5,2000000,2048,12000
20251129-172806,0.400000006,1.0,485.0236816,1244.693604,0.0343709259999999,0.002179038,2.1178080297857145,2.104631186,30.89999962,10.579411843058825,24224.0,22993.75,2267.333252,2267.333252,34.5,13.058823529411764,4150.0,3999.735294117647,2.563290119,1.4301882669523809,0.0,0.0,Windows 11,AMD Ryzen 7 5700X 8-Core Processor,8,34265653248,NVIDIA GeForce RTX 5080,16303.0,,ppo,GridFoodCollector,512,5.3e-05,40960,0.006027,0.279,0.932,3.0,constant,False,64,2,simple,,,5,500000,256,12000
20251129-174903,4.823529243,4.823529243,1632.878174,1632.878174,0.0188089636,0.0061798847999999,1.9665434445476184,1.734217286,19.45000076,15.267307721538462,23532.0,22592.80769230769,2267.3332519999994,2267.333252,5.0,3.4038461538461537,3020.0,3014.75,2.841806173,2.4934069059761903,0.0,0.0,Windows 11,AMD Ryzen 7 5700X 8-Core Processor,8,34265653248,NVIDIA GeForce RTX 5080,16303.0,,ppo,GridFoodCollector,2048,0.000112,40960,0.000735,0.274,0.912,10.0,constant,False,512,2,simple,,,5,500000,512,12000
20251129-181640,-0.25,0.272727281,30.79624939,280.3803101,0.018170558,0.005045423,2.114024003166666,,15.30000019,13.133333206666668,23337.5,22252.916666666668,2267.333252,2267.333252,5.0,3.6666666666666665,3019.0,3017.333333333333,2.65689373,2.4714721441666665,0.0,0.0,Windows 11,AMD Ryzen 7 5700X 8-Core Processor,8,34265653248,NVIDIA GeForce RTX 5080,16303.0,,ppo,GridFoodCollector,2048,0.000185,40960,0.006482,0.285,0.937,10.0,linear,True,64,1,simple,,,5,100000,2048,12000
20251129-182139,0.333333343,2.083333254,6308.225098,6938.506836,0.0132283754,0.0016903069999999,2.044364017950495,,32.75,16.275247460792077,31531.5,24624.321782178216,2267.333252,2267.333252,26.0,9.529702970297029,3033.5,2465.0742574257424,2.680797815,2.452255321029704,0.0,0.0,Windows 11,AMD Ryzen 7 5700X 8-Core Processor,8,34265653248,NVIDIA GeForce RTX 5080,16303.0,,ppo,GridFoodCollector,4096,0.00012,327680,0.003497,0.238,0.92,10.0,constant,True,512,2,simple,,,5,2000000,1024,12000
20251129-201740,0.111111112,0.315789461,128.2268219,416.4399719,0.025516754,0.002529223,2.112573517333333,2.114282131,21.95000076,21.024999936666664,20830.0,19513.5,2267.333252,2267.333252,21.0,16.166666666666668,2375.0,2360.833333333333,2.771463394,2.4326996273333337,0.0,0.0,Windows 11,AMD Ryzen 7 5700X 8-Core Processor,8,34265653248,NVIDIA GeForce RTX 5080,16303.0,,ppo,GridFoodCollector,1024,0.000288,81920,0.007289,0.153,0.942,10.0,linear,False,512,3,simple,,,5,100000,512,12000
20251129-202454,0.0,0.5,86.29821014,281.5533142,0.025989593,0.004905038,2.11368116725,2.115450144,41.5,23.40714264,21805.0,19600.92857142857,2267.333252,2267.333252,21.0,14.642857142857142,3667.0,2524.785714285714,2.670235395,2.232257693875,0.0,0.0,Windows 11,AMD Ryzen 7 5700X 8-Core Processor,8,34265653248,NVIDIA GeForce RTX 5080,16303.0,,ppo,GridFoodCollector,1024,0.00029,40960,0.005892,0.159,0.949,4.0,linear,True,256,1,simple,,,5,100000,256,12000
20251129-203010,-0.083333336,0.333333343,,992.1132813,0.012039663,0.002730864,2.112812812307692,2.11445117,16.29999924,13.334615194615386,24641.5,22206.26923076923,2267.333252,2267.333252,18.5,13.23076923076923,3638.5,3573.3846153846152,1.38655901,1.1032822957692308,0.0,0.0,Windows 11,AMD Ryzen 7 5700X 8-Core Processor,8,34265653248,NVIDIA GeForce RTX 5080,16303.0,,ppo,GridFoodCollector,4096,5.5e-05,163840,0.005385,0.196,0.905,10.0,constant,True,512,2,simple,,,5,250000,1024,12000
20251129-204706,-0.5,1.0,206.9105377,2829.709717,0.0173944382727272,0.0028628841363636,2.1149410857228914,2.116129637,46.09999847,18.30671639226865,22513.0,20705.0,2267.3332520000004,2267.333252,22.5,15.328358208955224,3760.5,3056.0,2.790016174,1.923014055493976,0.0,0.0,Windows 11,AMD Ryzen 7 5700X 8-Core Processor,8,34265653248,NVIDIA GeForce RTX 5080,16303.0,,ppo,GridFoodCollector,2048,5.8e-05,40960,0.003326,0.179,0.946,4.0,linear,False,64,1,simple,,,5,1000000,256,12000
20251129-213446,2.0,2.0,1266.233032,1422.528198,0.0174915864545454,0.0019917318181818,2.092667887804878,2.059558153,36.20000076,23.27926840414634,20820.0,19657.146341463416,2267.333252,2267.333252,21.0,5.621951219512195,2524.0,2520.390243902439,2.971752167,2.5605957856829265,0.0,0.0,Windows 11,AMD Ryzen 7 5700X 8-Core Processor,8,34265653248,NVIDIA GeForce RTX 5080,16303.0,,ppo,GridFoodCollector,2048,0.000286,40960,0.004468,0.122,0.934,8.0,linear,False,128,3,simple,,,5,500000,64,12000
20251129-215934,0.157894731,0.888888896,655.5999756,672.5543823,0.0172311985,0.0017741839999999,2.1130128740000003,2.112891197,30.20000076,22.762499968333334,20237.5,19214.625,2267.333252,2267.333252,10.5,7.541666666666667,2519.0,2518.708333333333,2.886777401,2.54009792795,0.0,0.0,Windows 11,AMD Ryzen 7 5700X 8-Core Processor,8,34265653248,NVIDIA GeForce RTX 5080,16303.0,,ppo,GridFoodCollector,2048,0.000244,40960,0.007563,0.142,0.938,8.0,linear,True,64,3,simple,,,5,250000,512,12000
20251129-221127,,7.0,2596.083984,2835.328613,0.0343792805217391,0.0023596882826086,2.114115852855422,2.090321064,37.20000076,15.839759028108434,20940.0,19653.09638554217,2267.3332520000004,2267.333252,29.0,13.89156626506024,3813.0,3378.746987951807,2.762789726,1.5408555886867468,0.0,0.0,Windows 11,AMD Ryzen 7 5700X 8-Core Processor,8,34265653248,NVIDIA GeForce RTX 5080,16303.0,,ppo,GridFoodCollector,512,2.1e-05,20480,0.006154,0.276,0.915,4.0,constant,True,256,3,simple,,,5,1000000,64,12000
20251129-225918,25.0,25.0,6232.347656,6232.347656,0.0261449588043478,0.0484676681304347,1.2838076460542167,0.536959827,35.29999924,22.321686676024097,21133.0,18649.11746987952,2267.3332520000004,2267.333252,32.0,9.373493975903614,3752.0,2529.593373493976,3.327421665,2.534283440861446,0.0,0.0,Windows 11,AMD Ryzen 7 5700X 8-Core Processor,8,34265653248,NVIDIA GeForce RTX 5080,16303.0,,ppo,GridFoodCollector,1024,0.000272,40960,0.001781,0.235,0.93,10.0,constant,True,32,2,simple,,,5,2000000,128,12000
20251130-004423,2.166666746,2.166666746,,1469.632446,0.02507793375,0.001527752375,2.0839425416153845,,26.89999962,23.57884627076924,15400.0,14652.903846153846,2267.3332519999994,2267.333252,2.5,0.2884615384615384,2080.0,2077.730769230769,3.188384295,2.962697854423077,0.0,0.0,Windows 11,AMD Ryzen 7 5700X 8-Core Processor,8,34265653248,NVIDIA GeForce RTX 5080,16303.0,,ppo,GridFoodCollector,1024,6.2e-05,40960,0.008558,0.259,0.928,10.0,linear,True,256,2,simple,,,5,500000,1024,12000
20251130-010911,,4.0,2609.092285,2845.507568,0.0249687571666666,0.00340283425,1.9770113803975904,1.86190927,29.5,23.21506024554217,16649.0,15321.89156626506,2267.3332520000004,2267.333252,1.0,0.0120481927710843,2083.0,2081.7289156626507,3.289406538,2.969596722048193,0.0,0.0,Windows 11,AMD Ryzen 7 5700X 8-Core Processor,8,34265653248,NVIDIA GeForce RTX 5080,16303.0,,ppo,GridFoodCollector,1024,0.00019,81920,0.005761,0.266,0.932,10.0,linear,True,128,2,simple,,,5,1000000,64,12000
20251130-015656,1.315789461,2.0,193.7133331,722.4559326,0.0252530407999999,0.0038078243999999,2.07959223985,2.02683115,29.39999962,23.269999886,15506.0,14866.125,2267.3332519999994,2267.333252,0.5,0.05,2083.0,2083.0,3.211172819,2.8162905692000004,0.0,0.0,Windows 11,AMD Ryzen 7 5700X 8-Core Processor,8,34265653248,NVIDIA GeForce RTX 5080,16303.0,,ppo,GridFoodCollector,1024,6.8e-05,40960,0.004079,0.217,0.94,10.0,constant,False,512,2,simple,,,5,250000,128,12000
20251130-020935,,1.0,2367.820801,2856.827637,0.012465208,0.0023424793333333,2.126152397674699,2.144593716,28.79999924,22.98674707493976,25728.0,20107.01204819277,2267.3332520000004,2267.333252,4.0,0.0783132530120482,2083.0,2083.0,3.26182723,3.058726325072289,0.0,0.0,Windows 11,AMD Ryzen 7 5700X 8-Core Processor,8,34265653248,NVIDIA GeForce RTX 5080,16303.0,,ppo,GridFoodCollector,4096,6.4e-05,327680,0.009685,0.158,0.946,10.0,constant,False,128,1,simple,,,5,1000000,64,12000
20251130-025732,1.416666627,2.333333254,,2264.870361,0.0170140194,0.0021154273,2.115712076960784,,29.20000076,23.6411765227451,18510.5,16399.117647058825,2267.333252,2267.333252,2.5,0.3823529411764705,2089.0,2087.549019607843,3.245174646,3.0494277336862736,0.0,0.0,Windows 11,AMD Ryzen 7 5700X 8-Core Processor,8,34265653248,NVIDIA GeForce RTX 5080,16303.0,,ppo,GridFoodCollector,2048,6.8e-05,81920,0.008382,0.239,0.908,4.0,constant,True,64,1,simple,,,5,1000000,1024,12000
20251130-033535,0.157894731,0.75,291.5646057,510.8183899,0.0338149644999999,0.002923511,2.1107264161,2.105275393,26.0,23.933333238333333,15609.5,14946.458333333334,2267.333252,2267.333252,2.0,0.375,2089.0,2089.0,3.229705572,2.91281905175,0.0,0.0,Windows 11,AMD Ryzen 7 5700X 8-Core Processor,8,34265653248,NVIDIA GeForce RTX 5080,16303.0,,ppo,GridFoodCollector,512,0.000231,40960,0.004918,0.16,0.938,3.0,linear,True,512,1,simple,,,5,250000,512,12000
20251130-034444,0.25,0.416666657,142.4816284,256.774353,0.016854694,0.002789643,2.1143239335,,27.14999962,23.79999987333333,16939.5,15574.416666666666,2267.333252,2267.333252,0.5,0.0833333333333333,2089.0,2089.0,3.144943476,2.958465298,0.0,0.0,Windows 11,AMD Ryzen 7 5700X 8-Core Processor,8,34265653248,NVIDIA GeForce RTX 5080,16303.0,,ppo,GridFoodCollector,2048,0.000273,81920,0.005595,0.192,0.936,3.0,constant,False,512,2,simple,,,5,100000,2048,12000
20251130-034919,19.75,30.0,4607.669434,4782.550781,0.0253471305624999,0.0602534957625,1.6858152693473054,1.273697734,27.5,23.23020830430556,15063.0,14723.756944444443,2267.3332520000004,2267.333252,2.5,0.1145833333333333,2090.0,2090.0,3.303822994,2.8184943527544912,0.0,0.0,Windows 11,AMD Ryzen 7 5700X 8-Core Processor,8,34265653248,NVIDIA GeForce RTX 5080,16303.0,,ppo,GridFoodCollector,1024,0.000216,20480,0.004237,0.122,0.909,5.0,constant,True,256,3,simple,,,5,2000000,256,12000
20251130-050914,-0.151830912,1.302456975,25.17679024,228.6082916,0.012727042,0.018691573,1.945042249117647,1.943696976,26.5,8.791666658633334,15330.0,14836.133333333331,2267.333252,2267.333252,3.0,0.9166666666666666,2089.0,2089.0,0.72890991,0.3590541619,0.0,0.0,Windows 11,AMD Ryzen 7 5700X 8-Core Processor,8,34265653248,NVIDIA GeForce RTX 5080,16303.0,,ppo,PushBlock,4096,0.000273,327680,0.002799,0.104,0.939,5.0,linear,False,64,3,simple,,,5,500000,1024,12000
20251130-051318,-0.999925077,4.328000069,6.887913227,182.587738,0.0176098518,0.0111421112,1.9327733459047616,1.915392637,25.79999924,18.82000010766667,14338.0,14239.933333333332,2267.3332519999994,2267.333252,2.0,0.6666666666666666,2089.0,2089.0,0.537205875,0.375528137,0.0,0.0,Windows 11,AMD Ryzen 7 5700X 8-Core Processor,8,34265653248,NVIDIA GeForce RTX 5080,16303.0,,ppo,PushBlock,2048,0.000111,40960,0.000497,0.106,0.904,10.0,linear,True,128,2,simple,,,5,250000,256,12000
20251130-051631,-0.999600053,4.655200005,5.034674644,111.3611832,0.024391243,0.005318763,1.94570525285,1.945526719,23.0,15.779999987266663,14404.0,14298.466666666667,2267.3332519999994,2267.333252,9.0,1.5333333333333334,2090.0,2090.0,0.642706871,0.3800154537,0.0,0.0,Windows 11,AMD Ryzen 7 5700X 8-Core Processor,8,34265653248,NVIDIA GeForce RTX 5080,16303.0,,ppo,PushBlock,1024,2.9e-05,81920,0.009381,0.107,0.9,5.0,linear,False,64,3,simple,,,5,250000,256,12000
20251130-051836,0.413066626,4.709100246,30.5143528,800.355835,0.0159710273333333,0.0323032915,1.9008201978915664,1.822044134,20.29999924,7.339682535587302,15258.0,14959.539682539682,2267.333252000001,2267.333252,1.0,0.9047619047619048,2090.0,2090.0,0.789748847,0.3559853408795181,0.0,0.0,Windows 11,AMD Ryzen 7 5700X 8-Core Processor,8,34265653248,NVIDIA GeForce RTX 5080,16303.0,,ppo,PushBlock,4096,0.000165,163840,0.00327,0.164,0.9,10.0,constant,True,64,2,simple,,,5,1000000,128,12000
20251130-053209,4.895149708,4.906809807,988.4711304,1099.906128,0.0188069651086956,0.1015274156521739,1.3539458990963853,0.711519778,27.70000076,10.1444444555625,14544.0,14357.496527777776,2267.3332520000004,2267.333252,6.0,0.8645833333333334,2090.0,2090.0,0.947307765,0.3236555975644171,0.0,0.0,Windows 11,AMD Ryzen 7 5700X 8-Core Processor,8,34265653248,NVIDIA GeForce RTX 5080,16303.0,,ppo,PushBlock,2048,0.00012,40960,0.008504,0.267,0.909,4.0,constant,True,256,3,simple,,,5,2000000,512,12000
20251130-055044,-0.56733346,0.964257061,7.550096989,69.14603424,,,1.945888885357143,1.945888519,25.29999924,11.939999977866666,14878.0,14531.433333333332,2267.3332519999994,2267.333252,2.0,0.8,2090.0,2090.0,0.562903047,0.3850425023076923,0.0,0.0,Windows 11,AMD Ryzen 7 5700X 8-Core Processor,8,34265653248,NVIDIA GeForce RTX 5080,16303.0,,ppo,PushBlock,4096,7.9e-05,327680,0.0076,0.179,0.914,5.0,constant,False,32,3,simple,,,5,250000,2048,12000
20251130-055206,-0.636786759,4.566400051,4.595601559,715.7073975,0.0236796438181818,0.0053314552727272,1.9122025966626508,1.887217999,27.39999962,10.552380913857144,14450.0,14332.68253968254,2267.333252000001,2267.333252,2.0,0.9047619047619048,2090.0,2090.0,0.698531628,0.362298585792683,0.0,0.0,Windows 11,AMD Ryzen 7 5700X 8-Core Processor,8,34265653248,NVIDIA GeForce RTX 5080,16303.0,,ppo,PushBlock,1024,1.1e-05,81920,0.003924,0.173,0.922,10.0,linear,False,64,2,simple,,,5,1000000,512,12000
20251130-060413,0.53781426,1.189039946,1232.023193,1331.625854,0.0179478716666666,0.0167105315833333,1.9018449258679244,1.874566555,27.29999924,9.026249990866663,14816.0,14623.3,2267.333252000001,2267.333252,5.0,0.9166666666666666,2090.0,2090.0,0.704169333,0.3531186552580646,0.0,0.0,Windows 11,AMD Ryzen 7 5700X 8-Core Processor,8,34265653248,NVIDIA GeForce RTX 5080,16303.0,,ppo,PushBlock,2048,6.4e-05,163840,0.000537,0.102,0.937,8.0,linear,False,64,1,simple,,,5,2000000,2048,12000
20251130-062638,4.807018757,4.914847374,1534.92395,1642.404419,0.0254733172083333,0.1981316488125,1.3900762602710843,1.104897499,21.79999924,6.64859156537324,14451.0,14276.394366197184,2267.333252000001,2267.333252,9.0,0.8908450704225352,2091.0,2091.0,0.701700807,0.3385822026746988,0.0,0.0,Windows 11,AMD Ryzen 7 5700X 8-Core Processor,8,34265653248,NVIDIA GeForce RTX 5080,16303.0,,ppo,PushBlock,1024,0.000223,40960,0.007236,0.232,0.915,10.0,linear,False,512,1,simple,,,5,2000000,64,12000
20251130-065413,1.682550073,4.650000095,4.67854023,75.01205444,0.0250666966666666,0.0081416206666666,1.9303240378888888,1.898946285,26.60000038,21.271428720714287,14286.0,14254.714285714286,2267.333252,2267.333252,1.0,0.4285714285714285,2091.0,2091.0,0.444490105,0.284975954125,0.0,0.0,Windows 11,AMD Ryzen 7 5700X 8-Core Processor,8,34265653248,NVIDIA GeForce RTX 5080,16303.0,,ppo,PushBlock,1024,5.5e-05,20480,0.003149,0.171,0.914,8.0,constant,True,256,3,simple,,,5,100000,512,12000
20251130-065540,4.954054356,4.969233513,1034.98999,1101.733765,0.017170099875,0.1766905691666666,1.5667145898795185,1.030217528,14.30000019,6.357638888902778,14507.0,14385.600694444443,2267.3332520000004,2267.333252,5.0,0.8055555555555556,2093.0,2093.0,0.597239435,0.3067238075722891,0.0,0.0,Windows 11,AMD Ryzen 7 5700X 8-Core Processor,8,34265653248,NVIDIA GeForce RTX 5080,16303.0,,ppo,PushBlock,2048,0.000135,40960,0.004341,0.107,0.918,4.0,constant,False,256,3,simple,,,5,2000000,64,12000
20251130-071415,4.798001766,4.798001766,293.349762,293.349762,0.0256061655652173,0.1355495975217391,1.6137199591463416,0.982025445,20.60000038,8.309090910454545,14369.0,14277.424242424242,2267.333252,2267.333252,2.0,0.8181818181818182,2094.0,2094.0,0.59215039,0.2857007572439024,0.0,0.0,Windows 11,AMD Ryzen 7 5700X 8-Core Processor,8,34265653248,NVIDIA GeForce RTX 5080,16303.0,,ppo,PushBlock,1024,9.6e-05,20480,0.006059,0.259,0.908,5.0,constant,True,256,3,simple,,,5,500000,128,12000
20251130-071927,-1.0,4.929999828,3.359582186,67.4367981,0.0340153485,0.0128646484999999,1.940331712375,1.92671597,11.5,7.860000038000001,14344.0,14281.6,2267.3332519999994,2267.333252,1.0,1.0,2094.0,2094.0,0.513892174,0.31706331125,0.0,0.0,Windows 11,AMD Ryzen 7 5700X 8-Core Processor,8,34265653248,NVIDIA GeForce RTX 5080,16303.0,,ppo,PushBlock,512,0.000213,40960,0.003192,0.215,0.947,10.0,linear,False,64,1,simple,,,5,100000,64,12000
20251130-072045,2.020270586,4.922950268,4.803353786,1300.230835,0.0131573175,0.0214660338333333,1.912232444222892,1.887095451,27.0,8.573228370480315,16020.0,15472.212598425196,2267.333252,2267.333252,2.0,0.8818897637795275,2095.0,2094.0078740157483,0.790423334,0.3300691078855421,0.0,0.0,Windows 11,AMD Ryzen 7 5700X 8-Core Processor,8,34265653248,NVIDIA GeForce RTX 5080,16303.0,,ppo,PushBlock,4096,2.3e-05,327680,0.00974,0.174,0.917,4.0,constant,True,512,3,simple,,,5,2000000,512,12000
20251130-074239,-0.99940002,4.900000095,4.608103275,75.91957092,0.034183599,0.0079513528333333,1.9457585413333327,1.945764661,28.70000076,25.014286040000005,14329.0,14276.285714285714,2267.333252,2267.333252,3.0,1.1428571428571428,2095.0,2095.0,0.446695566,0.288576518111111,0.0,0.0,Windows 11,AMD Ryzen 7 5700X 8-Core Processor,8,34265653248,NVIDIA GeForce RTX 5080,16303.0,,ppo,PushBlock,512,3e-05,10240,0.006758,0.193,0.922,10.0,linear,True,32,3,simple,,,5,100000,512,12000
20251130-074406,-0.999979377,4.851599693,3.195187569,44.88512421,0.025341157,0.010106091,1.945663452125,1.944713712,12.10000038,10.2166666985,14410.0,14343.333333333334,2267.333252,2267.333252,6.0,1.8333333333333333,2095.0,2095.0,0.582657754,0.367293642875,0.0,0.0,Windows 11,AMD Ryzen 7 5700X 8-Core Processor,8,34265653248,NVIDIA GeForce RTX 5080,16303.0,,ppo,PushBlock,1024,2.6e-05,81920,0.006195,0.153,0.948,4.0,constant,False,128,2,simple,,,5,100000,128,12000
20251130-074503,0.598699927,1.661447048,104.4035873,123.9224014,0.025219238,0.01276698475,1.9165262937333336,1.886983275,29.79999924,13.33750002075,14337.0,14302.4375,2267.3332519999994,2267.333252,1.0,0.625,2095.0,2095.0,0.474912852,0.3155365893571428,0.0,0.0,Windows 11,AMD Ryzen 7 5700X 8-Core Processor,8,34265653248,NVIDIA GeForce RTX 5080,16303.0,,ppo,PushBlock,1024,0.000106,20480,0.004919,0.201,0.914,5.0,constant,False,128,3,simple,,,5,250000,1024,12000
20251130-074725,-0.999640048,4.653000355,62.72013855,145.0869293,0.0218222215,0.1122398689999999,1.9254500807,1.901606083,15.5,9.078571353714285,15111.0,14792.642857142857,2267.333252,2267.333252,1.0,0.7142857142857143,2096.0,2096.0,0.572530687,0.30421512895,0.0,0.0,Windows 11,AMD Ryzen 7 5700X 8-Core Processor,8,34265653248,NVIDIA GeForce RTX 5080,16303.0,,ppo,PushBlock,4096,0.00017,81920,0.000184,0.221,0.917,8.0,constant,True,512,1,simple,,,5,250000,64,12000
20251130-075041,-0.646662116,4.635000229,17.16417885,41.20977783,0.0238665575,0.06401728325,1.92787779875,1.89974463,23.5,20.516666413333336,14316.0,14274.5,2267.333252,2267.333252,1.0,0.6666666666666666,2096.0,2096.0,0.707770705,0.391796495625,0.0,0.0,Windows 11,AMD Ryzen 7 5700X 8-Core Processor,8,34265653248,NVIDIA GeForce RTX 5080,16303.0,,ppo,PushBlock,1024,0.000232,20480,0.000812,0.237,0.938,3.0,constant,True,32,1,simple,,,5,100000,256,12000
20251130-075134,0.576799989,4.875999928,3.400639772,273.9988403,0.0133103183333333,0.0211138203333333,1.9373949475853656,1.925229073,13.89999962,7.654838700451614,15403.0,14968.258064516129,2267.3332519999994,2267.333252,1.0,0.8387096774193549,2096.0,2096.0,0.492459416,0.3286639044146341,0.0,0.0,Windows 11,AMD Ryzen 7 5700X 8-Core Processor,8,34265653248,NVIDIA GeForce RTX 5080,16303.0,,ppo,PushBlock,4096,0.00011,163840,0.000995,0.181,0.926,4.0,constant,True,256,3,simple,,,5,500000,64,12000
20251130-075620,4.259439468,4.647705078,895.2057495,1023.642883,0.0179927139583333,0.1433621655833333,1.6230870507108432,1.25047791,23.5,9.128888916014814,14765.0,14519.45925925926,2267.333252000001,2267.333252,1.0,0.8074074074074075,2096.0,2096.0,0.660655558,0.3559923516807228,0.0,0.0,Windows 11,AMD Ryzen 7 5700X 8-Core Processor,8,34265653248,NVIDIA GeForce RTX 5080,16303.0,,ppo,PushBlock,2048,0.00018,81920,0.002484,0.209,0.905,4.0,linear,True,128,3,simple,,,5,2000000,256,12000
20251130-081338,4.22153759,4.536319256,381.888916,449.7660828,0.0249832514054054,0.061014569,1.7260198162950822,1.507637858,28.0,9.995192289403848,14421.0,14343.375,2267.333252,2267.333252,2.0,0.8269230769230769,2096.0,2096.0,0.76219207,0.2908709899833333,0.0,0.0,Windows 11,AMD Ryzen 7 5700X 8-Core Processor,8,34265653248,NVIDIA GeForce RTX 5080,16303.0,,ppo,PushBlock,1024,0.000244,20480,0.002389,0.245,0.906,3.0,linear,True,256,2,simple,,,5,1000000,2048,12000
20251130-082124,-0.99966675,0.902093232,43.4709053,515.6925659,0.0122800393333333,0.0430827801666666,1.9235422532266664,1.915121436,28.10000038,8.982539646285712,15490.0,15180.880952380952,2267.333252000001,2267.333252,7.0,0.9206349206349206,2098.0,2097.8253968253966,0.58363229,0.3426675216986301,0.0,0.0,Windows 11,AMD Ryzen 7 5700X 8-Core Processor,8,34265653248,NVIDIA GeForce RTX 5080,16303.0,,ppo,PushBlock,4096,3.5e-05,163840,0.002932,0.287,0.934,4.0,linear,True,512,1,simple,,,5,1000000,1024,12000
20251130-083011,-0.999616742,0.249876782,139.8770599,306.3483887,0.01773096,0.031522238,1.9405184405757576,1.936811566,26.70000076,9.8683333792,14830.0,14609.233333333334,2267.333252,2267.333252,1.0,0.8,2099.0,2099.0,0.618711352,0.3348430877,0.0,0.0,Windows 11,AMD Ryzen 7 5700X 8-Core Processor,8,34265653248,NVIDIA GeForce RTX 5080,16303.0,,ppo,PushBlock,2048,0.000199,163840,0.005489,0.102,0.905,10.0,linear,True,64,1,simple,,,5,500000,2048,12000
20251130-083530,-0.252300054,4.895800114,3.175359488,107.920639,0.016842692,0.010555779,1.94454951285,1.942408681,17.60000038,10.013333479200002,14489.0,14399.933333333332,2267.3332519999994,2267.333252,1.0,0.6,2099.0,2099.0,0.549551606,0.34452015945,0.0,0.0,Windows 11,AMD Ryzen 7 5700X 8-Core Processor,8,34265653248,NVIDIA GeForce RTX 5080,16303.0,,ppo,PushBlock,2048,4.4e-05,81920,0.006245,0.239,0.936,5.0,constant,False,64,2,simple,,,5,250000,128,12000
20251130-083752,-0.786591709,4.832499981,3.226948977,40.8016243,0.018453207,0.0962981505,1.94372198,1.941341162,12.69999981,10.649999936333334,14414.0,14372.166666666666,2267.333252,2267.333252,1.0,1.0,2099.0,2099.0,0.495388359,0.35069042075,0.0,0.0,Windows 11,AMD Ryzen 7 5700X 8-Core Processor,8,34265653248,NVIDIA GeForce RTX 5080,16303.0,,ppo,PushBlock,2048,0.000157,40960,0.008873,0.12,0.915,3.0,constant,True,64,1,simple,,,5,100000,128,12000
20251130-083844,4.430880547,4.626399994,25.59956551,548.5379028,0.018512413125,0.0762976811666666,1.834464213927711,1.614539742,20.79999924,8.224615394230769,14444.0,14364.261538461538,2267.3332520000004,2267.333252,4.0,0.8923076923076924,2100.0,2100.0,0.742781758,0.3348275555060241,0.0,0.0,Windows 11,AMD Ryzen 7 5700X 8-Core Processor,8,34265653248,NVIDIA GeForce RTX 5080,16303.0,,ppo,PushBlock,2048,0.0003,40960,0.00301,0.147,0.934,5.0,constant,True,512,1,simple,,,5,1000000,128,12000
20251130-084816,-0.999933481,0.873293221,7.65712595,123.7902222,0.0343686187142857,0.0128300891428571,1.8835126712307693,1.836981058,26.39999962,14.393333339599998,14439.0,14344.766666666666,2267.3332519999994,2267.333252,3.0,1.0666666666666669,2100.0,2100.0,0.493001282,0.3751177943333332,0.0,0.0,Windows 11,AMD Ryzen 7 5700X 8-Core Processor,8,34265653248,NVIDIA GeForce RTX 5080,16303.0,,ppo,PushBlock,512,3.9e-05,20480,0.002153,0.165,0.928,5.0,constant,False,64,2,simple,,,5,250000,1024,12000
20251130-085040,-0.999566734,4.449399948,15.58822441,788.6107178,0.0125359411666666,0.0758121405,1.9255647170843373,1.889844775,27.29999924,11.556451582241936,15439.0,15124.15322580645,2267.3332520000004,2267.333252,2.0,0.9274193548387096,2101.0,2101.0,0.67547673,0.3479215830481927,0.0,0.0,Windows 11,AMD Ryzen 7 5700X 8-Core Processor,8,34265653248,NVIDIA GeForce RTX 5080,16303.0,,ppo,PushBlock,4096,3.1e-05,163840,0.006721,0.143,0.946,10.0,constant,True,32,1,simple,,,5,1000000,512,12000
20251130-090401,-0.999400079,0.571254551,23.71274948,70.88878632,0.025003726,0.014403075,1.9451578324444443,1.942741871,27.79999924,21.942857332714283,14579.0,14423.857142857143,2267.333252,2267.333252,9.0,1.7142857142857142,2101.0,2101.0,0.64359194,0.36390739475,0.0,0.0,Windows 11,AMD Ryzen 7 5700X 8-Core Processor,8,34265653248,NVIDIA GeForce RTX 5080,16303.0,,ppo,PushBlock,1024,0.000186,81920,0.00809,0.101,0.917,5.0,constant,True,512,3,simple,,,5,100000,512,12000
20251130-090523,-0.999776542,4.526199818,6.907127857,426.8011169,0.0242413868333333,0.00722973825,1.9454983013012048,1.945172191,13.5,7.176190459603174,14529.0,14425.746031746032,2267.333252000001,2267.333252,1.0,0.8412698412698413,2103.0,2101.84126984127,0.665197551,0.3454052056144578,0.0,0.0,Windows 11,AMD Ryzen 7 5700X 8-Core Processor,8,34265653248,NVIDIA GeForce RTX 5080,16303.0,,ppo,PushBlock,1024,2e-05,81920,0.009187,0.254,0.921,3.0,linear,False,64,2,simple,,,5,1000000,64,12000
20251130-091242,3.233062506,3.715885162,491.7503967,506.8443604,0.0256398219523809,0.0281008184761904,1.845020181913044,1.641471624,26.70000076,9.140178582428572,14554.0,14418.535714285714,2267.333252,2267.333252,2.0,0.8214285714285714,2104.0,2104.0,0.638032258,0.3292946198059702,0.0,0.0,Windows 11,AMD Ryzen 7 5700X 8-Core Processor,8,34265653248,NVIDIA GeForce RTX 5080,16303.0,,ppo,PushBlock,1024,7.2e-05,40960,0.007107,0.205,0.922,4.0,constant,True,256,2,simple,,,5,1000000,1024,12000
20251130-092121,2.153419971,3.704757214,364.7538147,392.6678772,0.0342793476086956,0.035567840347826,1.8672410866206897,1.81460011,27.0,13.1366666872,14475.0,14353.15,2267.333252,2267.333252,1.0,0.7666666666666667,2104.0,2104.0,0.580912828,0.3084200687037037,0.0,0.0,Windows 11,AMD Ryzen 7 5700X 8-Core Processor,8,34265653248,NVIDIA GeForce RTX 5080,16303.0,,ppo,PushBlock,512,0.000162,10240,0.002873,0.165,0.901,10.0,linear,False,512,1,simple,,,5,500000,1024,12000
20251130-092812,-0.186600074,4.966599941,4.929475784,211.9557648,0.0336705665,0.0069213279,1.835218586536585,1.815278769,29.5,15.43870967432258,14330.0,14249.09677419355,2267.333252,2267.333252,1.0,0.8064516129032258,2104.0,2104.0,0.613363743,0.3103016280243902,0.0,0.0,Windows 11,AMD Ryzen 7 5700X 8-Core Processor,8,34265653248,NVIDIA GeForce RTX 5080,16303.0,,ppo,PushBlock,512,0.000123,20480,0.002096,0.26,0.914,3.0,linear,True,64,2,simple,,,5,500000,256,12000
20251130-093157,-0.131938547,0.298676789,7.685633183,69.1967926,0.0341883426666666,0.0186157166666666,1.93617159125,1.927699089,24.60000038,13.650000055333336,14373.0,14280.0,2267.333252,2267.333252,1.0,0.6666666666666666,2104.0,2104.0,0.357611626,0.28205998225,0.0,0.0,Windows 11,AMD Ryzen 7 5700X 8-Core Processor,8,34265653248,NVIDIA GeForce RTX 5080,16303.0,,ppo,PushBlock,512,3.7e-05,20480,0.004365,0.219,0.925,8.0,linear,True,128,3,simple,,,5,100000,1024,12000
20251130-093320,2.49326086,2.769247532,1072.075439,1548.600952,0.0124461119565217,0.0742081005652174,1.7446147279363058,1.62925756,25.79999924,9.183730199103174,15219.0,15052.162698412698,2267.333252000001,2267.333252,4.0,0.9047619047619048,2105.0,2105.0,0.661836326,0.3423650621612903,0.0,0.0,Windows 11,AMD Ryzen 7 5700X 8-Core Processor,8,34265653248,NVIDIA GeForce RTX 5080,16303.0,,ppo,PushBlock,4096,7.9e-05,81920,0.000734,0.23,0.913,10.0,linear,True,64,1,simple,,,5,2000000,1024,12000
20251130-095922,4.944342613,4.959010601,1175.737549,1180.427734,0.0245403350208333,0.2308306958125,1.114872540325301,0.612033188,20.70000076,6.867449669208053,14437.0,14276.352348993289,2267.3332520000004,2267.333252,3.0,0.7751677852348994,2105.0,2105.0,0.677246392,0.2844842583554216,0.0,0.0,Windows 11,AMD Ryzen 7 5700X 8-Core Processor,8,34265653248,NVIDIA GeForce RTX 5080,16303.0,,ppo,PushBlock,1024,5.8e-05,20480,0.006689,0.244,0.925,4.0,constant,False,512,2,simple,,,5,2000000,64,12000
20251130-101921,-1.000000119,-0.086333454,7.514024734,70.10861969,0.0232435996666666,0.0092675246666666,1.9310291528,,27.60000038,16.685714245142854,14345.0,14278.357142857143,2267.333252,2267.333252,3.0,1.0714285714285714,2106.0,2106.0,0.516812503,0.41975252,0.0,0.0,Windows 11,AMD Ryzen 7 5700X 8-Core Processor,8,34265653248,NVIDIA GeForce RTX 5080,16303.0,,ppo,PushBlock,1024,8e-05,20480,0.008208,0.288,0.931,8.0,linear,False,256,1,simple,,,5,100000,2048,12000
20251130-102044,0.060479976,4.510200024,14.09552002,134.8522797,0.017677866,0.0411149385,1.9395917823809523,1.932801366,18.10000038,12.333333396666664,14524.0,14399.733333333334,2267.3332519999994,2267.333252,1.0,0.8,2108.0,2107.0,0.473526537,0.3305371546190476,0.0,0.0,Windows 11,AMD Ryzen 7 5700X 8-Core Processor,8,34265653248,NVIDIA GeForce RTX 5080,16303.0,,ppo,PushBlock,2048,0.000288,81920,0.002745,0.199,0.93,8.0,linear,True,32,1,simple,,,5,250000,128,12000
20251130-102309,-0.999800086,4.679800034,4.654491425,31.71303749,,,1.9449957078888889,1.94500792,25.39999962,23.09999974666667,14480.0,14352.833333333334,2267.333252,2267.333252,1.0,0.5,2108.0,2108.0,0.768154144,0.378467857875,0.0,0.0,Windows 11,AMD Ryzen 7 5700X 8-Core Processor,8,34265653248,NVIDIA GeForce RTX 5080,16303.0,,ppo,PushBlock,4096,0.00014,163840,0.000599,0.222,0.916,3.0,constant,True,512,1,simple,,,5,100000,512,12000
20251130-102352,2.703740835,3.946265221,1500.33252,1504.302246,0.0260204203777777,0.0703776027777777,1.2022474918301886,0.876299798,29.39999962,10.120930224457364,14470.0,14346.701550387595,2267.3332520000004,2267.333252,10.0,0.872093023255814,2108.0,2108.0,0.672067523,0.2856491805833333,0.0,0.0,Windows 11,AMD Ryzen 7 5700X 8-Core Processor,8,34265653248,NVIDIA GeForce RTX 5080,16303.0,,ppo,PushBlock,1024,0.000207,20480,0.008446,0.287,0.925,8.0,constant,False,256,3,simple,,,5,2000000,2048,12000
20251130-104919,-0.999450028,4.508399963,37.47406387,205.4928894,0.0175427051999999,0.0128442306,1.9262550953170727,1.90715611,15.60000038,8.173333437999998,14482.0,14380.266666666666,2267.3332519999994,2267.333252,4.0,0.9333333333333332,2108.0,2108.0,0.738741398,0.3364191851219512,0.0,0.0,Windows 11,AMD Ryzen 7 5700X 8-Core Processor,8,34265653248,NVIDIA GeForce RTX 5080,16303.0,,ppo,PushBlock,2048,0.000223,81920,0.002887,0.133,0.94,3.0,constant,True,32,2,simple,,,5,500000,64,12000
20251130-105311,-1.000000119,0.228969127,58.02470779,58.02470779,0.023473732,0.003711479,1.945634079,,26.70000076,14.762500314875,14479.0,14382.5,2267.333252,2267.333252,1.0,0.875,2108.0,2108.0,0.596779764,0.4172327249999999,0.0,0.0,Windows 11,AMD Ryzen 7 5700X 8-Core Processor,8,34265653248,NVIDIA GeForce RTX 5080,16303.0,,ppo,PushBlock,1024,0.000204,81920,0.007216,0.182,0.903,3.0,linear,False,512,3,simple,,,5,100000,1024,12000
20251130-105421,0.397849977,4.870399952,4.722335815,55.75576782,0.019835962,0.0510101545,1.9404692121111111,1.932593465,26.70000076,23.12857137428572,14365.0,14301.0,2267.333252,2267.333252,1.0,0.8571428571428571,2109.0,2109.0,0.78723079,0.4157415036666667,0.0,0.0,Windows 11,AMD Ryzen 7 5700X 8-Core Processor,8,34265653248,NVIDIA GeForce RTX 5080,16303.0,,ppo,PushBlock,2048,0.000227,40960,0.001815,0.118,0.901,5.0,constant,True,512,1,simple,,,5,100000,512,12000
20251130-105528,4.738172531,4.895366192,982.9889526,1027.811646,0.017975789347826,0.2375329543913043,1.5291227862125,1.147024155,26.60000038,8.485971215791366,14763.0,14527.525179856117,2267.3332520000004,2267.333252,2.0,0.8165467625899281,2111.0,2110.6474820143885,0.747251928,0.3609029806265822,0.0,0.0,Windows 11,AMD Ryzen 7 5700X 8-Core Processor,8,34265653248,NVIDIA GeForce RTX 5080,16303.0,,ppo,PushBlock,2048,0.000197,81920,0.007287,0.234,0.923,4.0,constant,False,256,2,simple,,,5,2000000,1024,12000
20251130-111308,-0.437694788,4.692800045,3.265660048,585.9794922,0.0131875715,0.0274892726666666,1.9267350133734944,1.909850478,22.5,7.909523808777778,15468.0,15121.650793650791,2267.3332520000004,2267.333252,5.0,0.9523809523809524,2112.0,2112.0,0.565097511,0.3435201732168674,0.0,0.0,Windows 11,AMD Ryzen 7 5700X 8-Core Processor,8,34265653248,NVIDIA GeForce RTX 5080,16303.0,,ppo,PushBlock,4096,0.000213,163840,0.007736,0.123,0.941,4.0,linear,True,512,2,simple,,,5,1000000,128,12000
20251130-112306,-0.217585787,4.671999931,3.310117722,314.374115,0.0354011796363636,0.0101935499090909,1.9120429870487805,1.870632768,16.79999924,7.938709705032259,14408.0,14310.935483870968,2267.3332519999994,2267.333252,5.0,1.096774193548387,2112.0,2112.0,0.533503473,0.2964367776097561,0.0,0.0,Windows 11,AMD Ryzen 7 5700X 8-Core Processor,8,34265653248,NVIDIA GeForce RTX 5080,16303.0,,ppo,PushBlock,512,0.000255,40960,0.004782,0.11,0.912,8.0,linear,False,32,2,simple,,,5,500000,64,12000
20251130-112848,-0.626533389,4.985199928,4.889637947,70.97954559,0.011877321,0.149371162,1.9435489475,1.939655423,22.10000038,17.866666951666666,14922.0,14459.333333333334,2267.333252,2267.333252,1.0,0.6666666666666666,2112.0,2112.0,0.434749335,0.2942774248749999,0.0,0.0,Windows 11,AMD Ryzen 7 5700X 8-Core Processor,8,34265653248,NVIDIA GeForce RTX 5080,16303.0,,ppo,PushBlock,4096,8.7e-05,81920,0.008389,0.282,0.901,10.0,constant,True,32,1,simple,,,5,100000,256,12000
20251130-113011,-0.124784708,1.646028519,7.634625435,148.5153046,0.024358504,0.01682858,1.936325095625,1.930036664,27.10000038,12.9633333208,14478.0,14327.1,2267.3332519999994,2267.333252,2.0,0.8666666666666667,2112.0,2112.0,0.607227862,0.3087901522857143,0.0,0.0,Windows 11,AMD Ryzen 7 5700X 8-Core Processor,8,34265653248,NVIDIA GeForce RTX 5080,16303.0,,ppo,PushBlock,1024,5e-05,20480,0.005107,0.149,0.915,8.0,linear,False,64,2,simple,,,5,250000,2048,12000
20251130-113304,2.604533195,2.604533195,151.0476685,151.0476685,0.035203562,0.011658336,1.922310664428572,1.902708292,18.89999962,11.3133332888,14478.0,14414.933333333332,2267.3332519999994,2267.333252,6.0,1.0666666666666669,2113.0,2113.0,0.422499806,0.2806274604285714,0.0,0.0,Windows 11,AMD Ryzen 7 5700X 8-Core Processor,8,34265653248,NVIDIA GeForce RTX 5080,16303.0,,ppo,PushBlock,512,4.6e-05,40960,0.002889,0.19,0.942,5.0,linear,True,512,2,simple,,,5,250000,128,12000
20251130-113546,-0.80693078,4.772000313,3.35275197,64.59435272,0.03462101025,0.06757088475,1.939207658125,1.928913593,28.60000038,15.7999999996,14315.0,14287.4,2267.3332519999994,2267.333252,1.0,0.4,2114.0,2114.0,0.275972426,0.195850275375,0.0,0.0,Windows 11,AMD Ryzen 7 5700X 8-Core Processor,8,34265653248,NVIDIA GeForce RTX 5080,16303.0,,ppo,PushBlock,512,4.9e-05,10240,0.007481,0.224,0.913,8.0,constant,True,32,1,simple,,,5,100000,64,12000
20251130-113702,4.853842258,4.94137001,417.0343628,471.7070923,0.0253586213488372,0.2165732317209302,1.5254205385,1.06776464,25.79999924,9.838235294205884,14580.5,14434.29411764706,2267.3332520000004,2267.333252,2.0,0.8235294117647058,2117.0,2116.323529411765,0.649147391,0.3099725078219178,0.0,0.0,Windows 11,AMD Ryzen 7 5700X 8-Core Processor,8,34265653248,NVIDIA GeForce RTX 5080,16303.0,,ppo,PushBlock,1024,0.000244,20480,0.002389,0.245,0.906,3.0,linear,True,256,2,simple,,,5,1000000,2048,12000
20251130-114507,-0.999600053,4.858200073,3.458529949,253.0796051,0.015112238,0.01539349,1.944294862585365,1.941343546,16.5,8.78709674648387,15384.0,14967.41935483871,2267.3332519999994,2267.333252,2.0,0.8709677419354839,2118.0,2117.3548387096776,0.544157505,0.334549026707317,0.0,0.0,Windows 11,AMD Ryzen 7 5700X 8-Core Processor,8,34265653248,NVIDIA GeForce RTX 5080,16303.0,,ppo,PushBlock,4096,0.000132,327680,0.007144,0.117,0.906,5.0,constant,True,256,3,simple,,,5,500000,64,12000
20251130-114937,4.93841362,4.97986269,1449.362183,1591.147339,0.0351881807590361,0.1065836857710843,0.6281195801987952,0.243621051,57.09999847,7.7719744922293,18435.0,14925.786624203822,2267.3332520000004,2267.333252,17.5,2.031847133757962,2487.5,2127.56050955414,0.661077738,0.2177951152771085,0.0,0.0,Windows 11,AMD Ryzen 7 5700X 8-Core Processor,8,34265653248,NVIDIA GeForce RTX 5080,16303.0,,ppo,PushBlock,512,0.000226,10240,0.00843,0.281,0.917,5.0,linear,False,512,3,simple,,,5,2000000,64,12000
20251130-121630,4.437421322,4.902076721,1260.298828,1541.835571,0.025950685173913,0.2006697868695652,1.7651181726898733,1.515025496,37.29999924,7.662692277315385,21643.0,20641.453846153847,2267.3332520000004,2267.333252,30.0,11.373076923076924,4011.0,3666.288461538461,1.220351815,0.4228545278580644,0.0,0.0,Windows 11,AMD Ryzen 7 5700X 8-Core Processor,8,34265653248,NVIDIA GeForce RTX 5080,16303.0,,ppo,PushBlock,1024,0.0001,81920,0.007019,0.205,0.94,4.0,linear,True,512,2,simple,,,5,2000000,1024,12000
20251130-124228,2.057399988,4.575000286,45.85545731,133.0328522,0.0265184793999999,0.0194405,1.8485067486500004,1.755223751,20.5,9.8999999048,20076.0,19994.066666666666,2267.3332519999994,2267.333252,19.0,12.6,3947.0,3905.933333333333,0.636340499,0.40349453015,0.0,0.0,Windows 11,AMD Ryzen 7 5700X 8-Core Processor,8,34265653248,NVIDIA GeForce RTX 5080,16303.0,,ppo,PushBlock,1024,0.00023,20480,0.004401,0.28,0.911,3.0,constant,False,128,1,simple,,,5,250000,128,12000
20251130-124502,4.217178822,4.799650192,6.839194775,310.177124,0.0252174028636363,0.050226963,1.7942363226585367,1.546734571,14.5,7.341935488483871,20076.0,19866.41935483871,2267.333252,2267.333252,23.0,13.870967741935484,3886.0,3875.806451612904,0.812275708,0.3381329273902439,0.0,0.0,Windows 11,AMD Ryzen 7 5700X 8-Core Processor,8,34265653248,NVIDIA GeForce RTX 5080,16303.0,,ppo,PushBlock,1024,0.000261,20480,0.006922,0.254,0.918,3.0,linear,True,256,3,simple,,,5,500000,256,12000
20251130-125032,0.219471321,1.987482309,575.7700195,657.5257568,0.025534623090909,0.0129437655454545,1.8776709120625,1.868889332,23.5,7.615384564923077,20060.0,19144.17307692308,2267.333252,2267.333252,33.0,8.23076923076923,3880.0,3231.6346153846152,0.726400137,0.380968052484375,0.0,0.0,Windows 11,AMD Ryzen 7 5700X 8-Core Processor,8,34265653248,NVIDIA GeForce RTX 5080,16303.0,,ppo,PushBlock,1024,0.000146,81920,0.008544,0.265,0.937,5.0,linear,True,128,2,simple,,,5,1000000,1024,12000
20251130-130142,0.603690922,4.913599968,3.932812214,187.1773376,0.0362235605999999,0.0207530414,1.92108744375,1.901837587,16.89999962,8.266666650866664,18789.0,18666.466666666667,2267.3332519999994,2267.333252,3.0,1.5333333333333334,2903.0,2835.866666666667,0.550896883,0.3069048844,0.0,0.0,Windows 11,AMD Ryzen 7 5700X 8-Core Processor,8,34265653248,NVIDIA GeForce RTX 5080,16303.0,,ppo,PushBlock,512,0.000242,40960,0.007924,0.162,0.946,10.0,constant,False,128,2,simple,,,5,250000,64,12000
20251130-130526,0.300174892,4.60340023,53.24618149,256.4028931,0.0175955284545454,0.0167794581818181,1.9454539607560968,1.945200324,15.19999981,8.603225838806452,19082.0,18731.58064516129,2267.3332519999994,2267.333252,15.0,1.7741935483870968,2757.0,2743.516129032258,0.760083914,0.3517078299512194,0.0,0.0,Windows 11,AMD Ryzen 7 5700X 8-Core Processor,8,34265653248,NVIDIA GeForce RTX 5080,16303.0,,ppo,PushBlock,2048,9.9e-05,40960,0.008718,0.254,0.931,4.0,linear,True,32,3,simple,,,5,500000,128,12000
20251130-130955,2.650717497,4.840600491,16.26633835,997.8189087,0.0137961401666666,0.0195318669166666,1.8687086781084328,1.784412265,32.20000076,8.70158728352381,20280.0,19777.96825396825,2267.333252000001,2267.333252,36.0,2.857142857142857,2761.0,2747.0793650793653,0.638630867,0.3366825482530121,0.0,0.0,Windows 11,AMD Ryzen 7 5700X 8-Core Processor,8,34265653248,NVIDIA GeForce RTX 5080,16303.0,,ppo,PushBlock,4096,0.000245,81920,0.0042,0.237,0.925,10.0,linear,True,256,3,simple,,,5,1000000,64,12000
20251130-132647,4.692026615,4.909502506,1135.569702,1229.705933,0.0355740579375,0.1534536830833333,1.572739616903614,1.096542597,23.29999924,7.392753606304347,20069.0,19504.405797101448,2267.3332520000004,2267.333252,38.0,1.5507246376811594,2811.0,2746.405797101449,0.752322435,0.3575599781746988,0.0,0.0,Windows 11,AMD Ryzen 7 5700X 8-Core Processor,8,34265653248,NVIDIA GeForce RTX 5080,16303.0,,ppo,PushBlock,512,0.000236,40960,0.009966,0.128,0.933,5.0,linear,False,512,1,simple,,,5,2000000,128,12000
20251130-134730,-1.0,4.951800346,7.05317688,29.76984024,,,1.945556193625,1.94554317,24.10000038,19.616666793333334,19299.0,19181.5,2267.333252,2267.333252,1.0,0.5,2762.0,2762.0,0.531645775,0.419265702375,0.0,0.0,Windows 11,AMD Ryzen 7 5700X 8-Core Processor,8,34265653248,NVIDIA GeForce RTX 5080,16303.0,,ppo,PushBlock,4096,0.000154,327680,0.000535,0.26,0.904,10.0,constant,True,64,2,simple,,,5,100000,256,12000
20251130-134812,0.090239964,4.970000267,4.752092361,73.14528656,,,1.9458207249000004,1.945836544,24.20000076,19.767857210714286,19834.0,19450.60714285714,2267.333252,2267.333252,1.0,0.4642857142857143,2761.0,2760.3571428571427,0.544611156,0.3470322225555556,0.0,0.0,Windows 11,AMD Ryzen 7 5700X 8-Core Processor,8,34265653248,NVIDIA GeForce RTX 5080,16303.0,,ppo,PushBlock,4096,4.2e-05,327680,0.002033,0.114,0.912,8.0,constant,True,64,3,simple,,,5,250000,512,12000
20251130-134940,-0.344199985,4.775000095,3.631336689,245.3994598,0.012304802,0.008416137,1.9426139215365856,1.936148524,9.399999619,7.003225788000001,20177.0,19798.225806451614,2267.3332519999994,2267.333252,6.0,1.032258064516129,2767.0,2767.0,0.553064704,0.3440994104634146,0.0,0.0,Windows 11,AMD Ryzen 7 5700X 8-Core Processor,8,34265653248,NVIDIA GeForce RTX 5080,16303.0,,ppo,PushBlock,4096,2.7e-05,327680,0.004631,0.21,0.927,5.0,constant,False,128,2,simple,,,5,500000,64,12000
20251130-135359,1.737863064,1.992494702,1867.350708,2208.653076,0.0132327335833333,0.0106697686666666,1.831835302627451,1.801074862,27.0,9.757327591534482,21116.0,20193.943965517243,2267.3332520000004,2267.333252,38.0,5.4094827586206895,2768.0,2752.939655172414,1.017960787,0.3693463484583333,0.0,0.0,Windows 11,AMD Ryzen 7 5700X 8-Core Processor,8,34265653248,NVIDIA GeForce RTX 5080,16303.0,,ppo,PushBlock,4096,9.4e-05,163840,0.006821,0.23,0.904,10.0,linear,False,512,2,simple,,,5,2000000,2048,12000
20251130-143102,4.428199768,4.428199768,490.1862183,490.1862183,0.038738273032258,0.000776033516129,1.5576971144761906,1.397361875,35.29999924,13.516128863612902,20357.0,19322.83870967742,2267.333252,2267.333252,31.0,10.35483870967742,4223.0,3224.2580645161293,0.616010189,0.2851881933571428,0.0,0.0,Windows 11,AMD Ryzen 7 5700X 8-Core Processor,8,34265653248,NVIDIA GeForce RTX 5080,16303.0,,ppo,PushBlock,512,0.000296,10240,0.002005,0.268,0.903,10.0,linear,True,128,3,simple,,,5,500000,256,12000
20251130-143926,2.190160036,4.705599785,6.608800888,1300.124756,0.0249719652916666,0.0329371694583333,1.9214120722710843,1.809469819,35.5,8.425984241866143,20495.0,20072.27559055118,2267.3332520000004,2267.333252,25.0,12.692913385826772,4123.0,3859.070866141733,1.085353494,0.3907953251024096,0.0,0.0,Windows 11,AMD Ryzen 7 5700X 8-Core Processor,8,34265653248,NVIDIA GeForce RTX 5080,16303.0,,ppo,PushBlock,1024,3.4e-05,81920,0.002632,0.144,0.949,4.0,constant,True,32,3,simple,,,5,2000000,256,12000
20251130-150123,-0.832080066,4.472599983,8.747236252,38.20758438,,,1.94588303575,1.945883155,11.80000019,5.5999999838333325,20435.0,20277.666666666668,2267.333252,2267.333252,18.0,14.333333333333334,4029.0,4029.0,0.537778318,0.41122911875,0.0,0.0,Windows 11,AMD Ryzen 7 5700X 8-Core Processor,8,34265653248,NVIDIA GeForce RTX 5080,16303.0,,ppo,PushBlock,4096,0.00028,327680,0.004258,0.19,0.91,10.0,linear,False,32,3,simple,,,5,100000,128,12000
20251130-150214,-0.999583423,0.880706608,61.98068619,392.125,0.0168272675,0.01844671,1.9182208676388888,1.893761277,9.800000191,6.506896553413792,21072.0,20709.98275862069,2267.3332520000004,2267.333252,21.0,13.551724137931034,4030.0,4005.5172413793102,0.655516863,0.4070723936969697,0.0,0.0,Windows 11,AMD Ryzen 7 5700X 8-Core Processor,8,34265653248,NVIDIA GeForce RTX 5080,16303.0,,ppo,PushBlock,4096,0.000131,163840,0.008178,0.258,0.916,8.0,constant,True,256,2,simple,,,5,500000,2048,12000
20251130-151039,-0.161661565,4.723800182,4.130007267,298.1942444,0.0176964843333333,0.0267097546666666,1.944344212390244,1.942192793,13.10000038,7.025806450096775,20271.0,19882.225806451614,2267.3332519999994,2267.333252,23.0,12.290322580645162,4033.0,4012.967741935484,0.555378735,0.380601010707317,0.0,0.0,Windows 11,AMD Ryzen 7 5700X 8-Core Processor,8,34265653248,NVIDIA GeForce RTX 5080,16303.0,,ppo,PushBlock,2048,7.2e-05,163840,0.000903,0.124,0.95,5.0,linear,True,32,3,simple,,,5,500000,128,12000
20251130-151639,-0.156685784,0.16901423,20.75850105,51.6027832,0.024949761,0.020591948,1.9432410595,1.941308498,20.60000038,12.3083333175,19146.5,18828.08333333333,2267.333252,2267.333252,10.0,3.333333333333333,2834.0,2780.75,0.525492072,0.44097222375,0.0,0.0,Windows 11,AMD Ryzen 7 5700X 8-Core Processor,8,34265653248,NVIDIA GeForce RTX 5080,16303.0,,ppo,PushBlock,1024,0.000186,40960,0.003965,0.152,0.935,3.0,constant,True,128,2,simple,,,5,100000,2048,12000
20251130-151744,-0.152642906,0.900586605,53.36981583,1365.563721,0.0133434396666666,0.0075826856666666,1.9393593521818189,1.919559002,23.20000076,9.05806462583871,20511.0,19759.298387096773,2267.3332520000004,2267.333252,35.0,6.056451612903226,2798.0,2777.5,0.701249897,0.3680358995,0.0,0.0,Windows 11,AMD Ryzen 7 5700X 8-Core Processor,8,34265653248,NVIDIA GeForce RTX 5080,16303.0,,ppo,PushBlock,4096,0.000292,327680,0.009595,0.112,0.911,10.0,linear,True,512,3,simple,,,5,1000000,2048,12000
20251130-154043,2.678319931,4.688800335,4.051189423,1257.585449,0.0250935839583333,0.0577535385833333,1.6721183801385544,1.268619537,39.29999924,7.838759677403099,21965.0,21387.705426356588,2267.333252000001,2267.333252,39.0,10.775193798449612,3932.0,3606.68992248062,0.815465868,0.4516325393253011,0.0,0.0,Windows 11,AMD Ryzen 7 5700X 8-Core Processor,8,34265653248,NVIDIA GeForce RTX 5080,16303.0,,ppo,PushBlock,1024,0.000283,81920,0.004892,0.187,0.923,3.0,constant,False,512,1,simple,,,5,2000000,64,12000
20251130-160156,-0.99940002,0.489472687,32.60099792,45.60062408,,,1.9458843604444445,1.94588387,10.69999981,7.999999932,21915.0,21776.0,2267.333252,2267.333252,15.0,9.0,3843.0,3837.285714285714,0.804264843,0.4767732983333333,0.0,0.0,Windows 11,AMD Ryzen 7 5700X 8-Core Processor,8,34265653248,NVIDIA GeForce RTX 5080,16303.0,,ppo,PushBlock,4096,0.000167,327680,0.008363,0.126,0.941,10.0,linear,False,64,3,simple,,,5,100000,512,12000
20251130-160255,-0.999566734,4.891600132,6.770997524,272.0343018,0.011518606,0.029235253,1.9437179275121952,1.940237284,13.80000019,7.600000027645161,22472.0,22156.516129032258,2267.3332519999994,2267.333252,28.0,12.35483870967742,3840.0,3829.258064516129,0.686256468,0.3985896469999999,0.0,0.0,Windows 11,AMD Ryzen 7 5700X 8-Core Processor,8,34265653248,NVIDIA GeForce RTX 5080,16303.0,,ppo,PushBlock,4096,0.000125,327680,0.006885,0.213,0.945,3.0,constant,True,32,2,simple,,,5,500000,256,12000
20251130-160743,-1.000000119,0.218784466,23.50470352,49.38601303,,,1.9458711146,,10.89999962,8.82857145585714,21646.0,21330.571428571428,2267.333252,2267.333252,13.0,10.142857142857142,3829.0,3823.571428571429,0.710477769,0.4967545748,0.0,0.0,Windows 11,AMD Ryzen 7 5700X 8-Core Processor,8,34265653248,NVIDIA GeForce RTX 5080,16303.0,,ppo,PushBlock,2048,0.000119,163840,0.003269,0.117,0.944,10.0,linear,False,64,3,simple,,,5,100000,1024,12000
20251130-160847,1.13337481,1.345505834,882.7140503,937.5006104,0.0203484438333333,0.0136094301666666,1.871882515526316,1.828335762,41.70000076,10.408620678206898,21930.0,21217.008620689656,2267.333252,2267.333252,19.0,10.051724137931034,4073.0,3726.629310344827,0.791032553,0.4518284124594595,0.0,0.0,Windows 11,AMD Ryzen 7 5700X 8-Core Processor,8,34265653248,NVIDIA GeForce RTX 5080,16303.0,,ppo,PushBlock,2048,0.000153,163840,0.003776,0.295,0.924,10.0,constant,True,256,1,simple,,,5,1000000,2048,12000
20251130-162627,1.24192214,2.045842171,1011.604187,1471.931152,0.0127394108333333,0.0476467248333333,1.8963777367391308,1.859228849,44.5,9.422764231544717,22559.0,21702.772357723577,2267.333252000001,2267.333252,37.0,10.024390243902438,4123.0,3864.288617886179,1.595419407,0.4479079400897436,0.0,0.0,Windows 11,AMD Ryzen 7 5700X 8-Core Processor,8,34265653248,NVIDIA GeForce RTX 5080,16303.0,,ppo,PushBlock,4096,0.0001,163840,0.008737,0.206,0.929,5.0,linear,True,64,1,simple,,,5,2000000,1024,12000
20251130-165117,2.375141621,4.822999954,4.542952061,1354.943726,0.018079115,0.0623247885,1.857477630493976,1.801316261,100.0,8.278124990890625,22060.0,21275.2578125,2267.3332520000004,2267.333252,31.0,11.4296875,4323.0,4031.5703125,0.979349554,0.4301247384939759,0.0,0.0,Windows 11,AMD Ryzen 7 5700X 8-Core Processor,8,34265653248,NVIDIA GeForce RTX 5080,16303.0,,ppo,PushBlock,2048,5.5e-05,163840,0.000803,0.226,0.938,4.0,linear,True,256,1,simple,,,5,2000000,64,12000
20251130-171410,-0.999633431,0.238922998,59.1336174,917.5335693,0.0128916562,0.0070410944,1.922772363314286,1.91154635,31.0,7.554464310428571,22955.0,22193.839285714286,2267.333252,2267.333252,38.0,12.169642857142858,4249.0,3976.116071428572,0.991826713,0.4581670465151515,0.0,0.0,Windows 11,AMD Ryzen 7 5700X 8-Core Processor,8,34265653248,NVIDIA GeForce RTX 5080,16303.0,,ppo,PushBlock,4096,0.000249,163840,0.000355,0.187,0.945,10.0,linear,False,64,1,simple,,,5,1000000,1024,12000
20251130-172943,0.595171392,4.708199978,6.001846313,339.2763367,0.0248240013,0.04679674525,1.929864139121951,1.922796011,17.5,7.464516101322581,22022.0,21636.3870967742,2267.3332519999994,2267.333252,23.0,11.67741935483871,4162.0,4151.354838709677,0.824663579,0.3393636261707317,0.0,0.0,Windows 11,AMD Ryzen 7 5700X 8-Core Processor,8,34265653248,NVIDIA GeForce RTX 5080,16303.0,,ppo,PushBlock,1024,2.1e-05,20480,0.003053,0.108,0.906,5.0,constant,True,128,1,simple,,,5,500000,512,12000
20251130-173539,-0.627842903,4.673999786,7.080783367,187.803421,0.0253543359999999,0.0497395184999999,1.9416117894761904,1.937057018,27.39999962,15.140000025333332,21509.0,20813.6,2267.3332519999994,2267.333252,34.0,7.333333333333333,4137.0,3172.5333333333333,0.82957226,0.4382574074761904,0.0,0.0,Windows 11,AMD Ryzen 7 5700X 8-Core Processor,8,34265653248,NVIDIA GeForce RTX 5080,16303.0,,ppo,PushBlock,1024,6.4e-05,81920,0.002062,0.112,0.907,10.0,linear,True,32,1,simple,,,5,250000,256,12000
20251130-173900,2.071409464,4.768399715,17.68907356,1103.019531,0.0179826433333333,0.11529245475,1.9068612721927711,1.834910512,26.60000038,7.86718749628125,22093.0,21079.515625,2267.3332520000004,2267.333252,38.0,4.1484375,2982.0,2938.0546875,0.928947747,0.3672114202289157,0.0,0.0,Windows 11,AMD Ryzen 7 5700X 8-Core Processor,8,34265653248,NVIDIA GeForce RTX 5080,16303.0,,ppo,PushBlock,2048,8.2e-05,163840,0.005552,0.105,0.946,3.0,linear,True,256,3,simple,,,5,2000000,64,12000
20251130-175737,-0.999600112,0.839639962,50.13666534,1268.074341,0.0138715979999999,0.0126608639166666,1.8366965401234563,1.784293771,24.60000038,8.340336142470587,22433.0,21787.91176470588,2267.3332520000004,2267.333252,37.0,5.357142857142857,3041.0,2855.281512605042,0.781368673,0.3730981909261745,0.0,0.0,Windows 11,AMD Ryzen 7 5700X 8-Core Processor,8,34265653248,NVIDIA GeForce RTX 5080,16303.0,,ppo,PushBlock,4096,0.00024,163840,0.003572,0.184,0.933,5.0,constant,True,512,1,simple,,,5,2000000,1024,12000
20251130-181857,0.424475044,4.594400406,20.11289215,588.0548096,0.0178355271666666,0.0108870471666666,1.9172121674457832,1.889737248,20.5,8.393650789063493,20273.0,19252.25396825397,2267.333252000001,2267.333252,28.0,6.619047619047619,2812.0,2773.492063492064,0.874217153,0.3732153921686746,0.0,0.0,Windows 11,AMD Ryzen 7 5700X 8-Core Processor,8,34265653248,NVIDIA GeForce RTX 5080,16303.0,,ppo,PushBlock,2048,0.00017,163840,0.004092,0.163,0.908,4.0,linear,True,128,3,simple,,,5,1000000,64,12000
20251130-182859,-0.099333376,4.828000069,4.920969963,119.4482117,0.0178515211999999,0.0238185255999999,1.94435139885,1.943380117,25.60000038,15.821428639214286,19312.0,19160.35714285714,2267.333252,2267.333252,19.0,9.857142857142858,2770.0,2767.285714285714,0.642178059,0.32573048305,0.0,0.0,Windows 11,AMD Ryzen 7 5700X 8-Core Processor,8,34265653248,NVIDIA GeForce RTX 5080,16303.0,,ppo,PushBlock,2048,0.000197,40960,0.003358,0.293,0.933,3.0,linear,False,32,1,simple,,,5,250000,512,12000
20251130-183113,0.224599928,0.592957139,28.09938812,357.5653076,0.0134169001999999,0.0221534964,1.9187078042424244,1.905866981,23.60000038,9.236206852275863,19856.0,19538.96551724138,2267.333252,2267.333252,38.0,4.120689655172414,2776.0,2765.793103448276,0.597343743,0.352759858,0.0,0.0,Windows 11,AMD Ryzen 7 5700X 8-Core Processor,8,34265653248,NVIDIA GeForce RTX 5080,16303.0,,ppo,PushBlock,4096,0.000138,81920,0.008234,0.187,0.943,8.0,linear,False,128,1,simple,,,5,500000,1024,12000
20251130-183724,-0.999800086,4.957400322,5.488193989,38.70422363,,,1.945383336777778,1.945509672,24.89999962,20.685714448571428,19404.0,19265.714285714286,2267.333252,2267.333252,16.0,11.571428571428571,2762.0,2753.428571428572,0.618276179,0.3600205832499999,0.0,0.0,Windows 11,AMD Ryzen 7 5700X 8-Core Processor,8,34265653248,NVIDIA GeForce RTX 5080,16303.0,,ppo,PushBlock,4096,0.000158,163840,0.008017,0.133,0.947,8.0,linear,True,512,2,simple,,,5,100000,512,12000
20251130-183814,1.036671519,4.761600018,5.640958786,570.3989258,0.0248946477608695,0.0150978931521739,1.8219186785903616,1.639306903,20.79999924,9.27142857752381,19535.0,18972.09523809524,2267.333252000001,2267.333252,25.0,6.761904761904762,2795.0,2777.9841269841268,0.645636618,0.3211251554698795,0.0,0.0,Windows 11,AMD Ryzen 7 5700X 8-Core Processor,8,34265653248,NVIDIA GeForce RTX 5080,16303.0,,ppo,PushBlock,1024,8.2e-05,20480,0.003041,0.265,0.906,5.0,constant,False,32,2,simple,,,5,1000000,256,12000
20251130-184802,1.778499961,3.049674988,521.5881958,571.8549194,0.025801352090909,0.0268539895454545,1.882638844283784,1.822778702,21.29999924,9.308771890596493,19929.0,19538.72807017544,2267.333252,2267.333252,27.0,10.482456140350877,2841.0,2779.4736842105262,0.759048223,0.3614311533478261,0.0,0.0,Windows 11,AMD Ryzen 7 5700X 8-Core Processor,8,34265653248,NVIDIA GeForce RTX 5080,16303.0,,ppo,PushBlock,1024,0.000274,81920,0.001707,0.142,0.9,4.0,constant,False,512,1,simple,,,5,1000000,1024,12000
20251130-185746,-0.377858847,4.512866497,27.66970062,113.2029037,0.0173580645,0.0130134755,1.9433615833333329,1.940026999,24.70000076,12.756250053562502,19805.0,19647.1875,2267.3332519999994,2267.333252,29.0,8.625,2799.0,2798.4375,0.609382927,0.3857853816666666,0.0,0.0,Windows 11,AMD Ryzen 7 5700X 8-Core Processor,8,34265653248,NVIDIA GeForce RTX 5080,16303.0,,ppo,PushBlock,2048,6.7e-05,81920,0.000274,0.237,0.925,3.0,linear,False,128,2,simple,,,5,250000,256,12000
20251130-185951,-1.0,4.896199226,3.814630032,50.16341782,0.0265904935,0.0207681965,1.944017842375,1.941175461,14.60000038,10.916666587333332,19396.0,19267.666666666668,2267.333252,2267.333252,25.0,11.333333333333334,2803.0,2799.6666666666665,0.493652582,0.313417815625,0.0,0.0,Windows 11,AMD Ryzen 7 5700X 8-Core Processor,8,34265653248,NVIDIA GeForce RTX 5080,16303.0,,ppo,PushBlock,1024,0.000145,40960,0.007707,0.188,0.923,3.0,linear,True,256,2,simple,,,5,100000,64,12000
20251130-190053,2.176227331,2.297638178,246.811142,302.4809875,0.0256491308,0.0715568248,1.900525510388889,1.87048924,22.5,10.2866665841,19861.0,19486.316666666666,2267.3332519999994,2267.333252,27.0,16.0,2799.5,2798.2166666666667,0.538493097,0.3368324120571428,0.0,0.0,Windows 11,AMD Ryzen 7 5700X 8-Core Processor,8,34265653248,NVIDIA GeForce RTX 5080,16303.0,,ppo,PushBlock,1024,0.000139,40960,0.006871,0.28,0.919,5.0,linear,True,64,1,simple,,,5,500000,2048,12000
20251130-190610,0.880613267,0.880613267,352.3138428,352.3138428,0.0141846525999999,0.012869645,1.8914769002903224,1.876961112,21.60000038,10.886538377423078,20717.0,20003.384615384617,2267.333252,2267.333252,23.5,17.057692307692307,3006.5,2813.403846153846,0.90977186,0.3713258567931034,0.0,0.0,Windows 11,AMD Ryzen 7 5700X 8-Core Processor,8,34265653248,NVIDIA GeForce RTX 5080,16303.0,,ppo,PushBlock,4096,0.00026,81920,0.000964,0.232,0.937,3.0,constant,True,512,3,simple,,,5,500000,2048,12000
20251130-191217,-0.832840085,4.806600094,3.834288359,71.58084869,0.0351272457142857,0.0125047415714285,1.9457365275,1.945706367,9.699999809,7.733333428666666,20515.0,20489.5,2267.333252,2267.333252,20.0,11.0,4025.0,4009.6666666666665,0.47957778,0.340157140125,0.0,0.0,Windows 11,AMD Ryzen 7 5700X 8-Core Processor,8,34265653248,NVIDIA GeForce RTX 5080,16303.0,,ppo,PushBlock,512,1.5e-05,10240,0.004594,0.165,0.903,5.0,linear,False,32,2,simple,,,5,100000,128,12000
20251130-191341,4.961731911,4.982406139,1877.285034,1909.216797,0.024640448185567,0.0863249513814432,0.7156193059638554,0.225954384,26.10000038,8.150000028701864,20956.0,20182.85714285714,2267.333252000001,2267.333252,34.0,15.403726708074537,4001.0,3620.083850931677,0.688368797,0.3175306473915662,0.0,0.0,Windows 11,AMD Ryzen 7 5700X 8-Core Processor,8,34265653248,NVIDIA GeForce RTX 5080,16303.0,,ppo,PushBlock,1024,0.000174,20480,0.002492,0.225,0.911,4.0,constant,False,512,3,simple,,,5,2000000,64,12000
20251130-194556,4.697775841,4.910199642,4.720724583,2198.028809,0.0134786987499999,0.132128779,1.3214019950000002,0.65796876,37.0,8.242805765683453,21604.0,20871.62949640288,2267.3332520000004,2267.333252,32.0,15.58273381294964,4096.0,3718.352517985612,0.958950818,0.4342240573795181,0.0,0.0,Windows 11,AMD Ryzen 7 5700X 8-Core Processor,8,34265653248,NVIDIA GeForce RTX 5080,16303.0,,ppo,PushBlock,4096,0.000262,81920,0.00011,0.288,0.929,10.0,constant,True,32,3,simple,,,5,2000000,64,12000
20251130-202250,-0.999700069,4.603000164,19.30657196,304.3695374,0.012313063,0.011052188,1.9451058201951223,1.943804979,51.59999847,9.896774115000005,21967.0,21291.58064516129,2267.3332519999994,2267.333252,20.0,14.03225806451613,4091.0,4043.870967741936,0.895798683,0.4544522617317073,0.0,0.0,Windows 11,AMD Ryzen 7 5700X 8-Core Processor,8,34265653248,NVIDIA GeForce RTX 5080,16303.0,,ppo,PushBlock,4096,0.0001,327680,0.008913,0.126,0.923,4.0,constant,True,64,3,simple,,,5,500000,128,12000
20251130-202810,1.879324913,1.879324913,446.3302917,446.3302917,0.0193357213846153,0.0307331436153846,1.8770377521538464,1.847074151,40.79999924,10.06410252751282,21363.0,21104.46153846154,2267.333252,2267.333252,32.0,11.384615384615383,4054.0,4015.025641025641,0.731416881,0.3761239858823529,0.0,0.0,Windows 11,AMD Ryzen 7 5700X 8-Core Processor,8,34265653248,NVIDIA GeForce RTX 5080,16303.0,,ppo,PushBlock,2048,0.000254,40960,0.006863,0.192,0.945,5.0,linear,True,512,1,simple,,,5,2000000,512,12000
20251130-205207,4.864272594,4.956129551,1540.240356,1608.470215,0.0185242588541666,0.2000833786041666,1.3852168300120482,1.036370754,35.20000076,9.5017361126875,21069.0,20544.277777777777,2267.3332520000004,2267.333252,37.0,7.145833333333333,2819.0,2747.9479166666665,0.73825711,0.3711193145722891,0.0,0.0,Windows 11,AMD Ryzen 7 5700X 8-Core Processor,8,34265653248,NVIDIA GeForce RTX 5080,16303.0,,ppo,PushBlock,2048,0.000155,40960,0.008456,0.292,0.912,8.0,linear,True,128,2,simple,,,5,2000000,256,12000
20251130-213448,-0.152785793,0.961385608,24.39673042,1165.635498,0.0126683809166666,0.0087273987499999,1.8963106205705127,1.88799572,37.5,8.970416692825,22534.0,21346.516666666663,2267.333252000001,2267.333252,36.0,12.941666666666666,4073.0,3340.275,1.070231318,0.4350339550657894,0.0,0.0,Windows 11,AMD Ryzen 7 5700X 8-Core Processor,8,34265653248,NVIDIA GeForce RTX 5080,16303.0,,ppo,PushBlock,4096,0.000124,163840,0.005723,0.119,0.91,3.0,linear,True,128,3,simple,,,5,2000000,1024,12000
20251130-215501,0.582471371,1.644317627,571.6390991,869.5922852,0.0174992953636363,0.0412319738636363,1.8998674456000004,1.860603571,32.20000076,10.431147559721312,19875.0,19248.245901639344,2267.3332520000004,2267.333252,22.0,7.967213114754099,2896.0,2784.0819672131147,0.803679407,0.3873698733783783,0.0,0.0,Windows 11,AMD Ryzen 7 5700X 8-Core Processor,8,34265653248,NVIDIA GeForce RTX 5080,16303.0,,ppo,PushBlock,2048,5.2e-05,40960,0.009558,0.137,0.928,10.0,linear,False,64,1,simple,,,5,1000000,2048,12000
20251130-220944,-0.999716759,0.971414208,9.200722694,284.1053772,0.0169435618888888,0.0144962874444444,1.9185470064333328,1.909849286,20.79999924,8.37399997732,19220.0,19070.64,2267.333252,2267.333252,11.0,8.84,2761.0,2757.36,0.510804176,0.3355526578571428,0.0,0.0,Windows 11,AMD Ryzen 7 5700X 8-Core Processor,8,34265653248,NVIDIA GeForce RTX 5080,16303.0,,ppo,PushBlock,2048,8.4e-05,40960,0.008002,0.109,0.925,3.0,linear,True,512,2,simple,,,5,500000,1024,12000
20251130-221441,0.588507593,0.657323003,124.7572098,150.1555939,0.011234619,0.01918624,1.945737855714286,1.945551157,20.20000076,11.089285646214288,20262.0,19594.5,2267.333252,2267.333252,35.0,16.821428571428573,2761.0,2757.535714285714,0.551933646,0.3790790990000001,0.0,0.0,Windows 11,AMD Ryzen 7 5700X 8-Core Processor,8,34265653248,NVIDIA GeForce RTX 5080,16303.0,,ppo,PushBlock,4096,2.2e-05,163840,0.003245,0.262,0.905,3.0,linear,True,512,3,simple,,,5,250000,1024,12000
20251130-221728,-0.999933481,0.877685666,20.12169456,73.27376556,0.0247145,0.027386827,1.94274178125,1.940014243,23.70000076,10.991666634666666,19263.0,19236.666666666668,2267.333252,2267.333252,22.0,20.0,2757.0,2757.0,0.440961331,0.36635519575,0.0,0.0,Windows 11,AMD Ryzen 7 5700X 8-Core Processor,8,34265653248,NVIDIA GeForce RTX 5080,16303.0,,ppo,PushBlock,1024,6.7e-05,40960,0.006547,0.269,0.926,10.0,linear,False,64,1,simple,,,5,100000,2048,12000
20251130-221857,1.568965197,4.933000088,6.070781231,1355.082275,0.0191800106666666,0.0281394983333333,1.8400042186445784,1.767863631,34.0,9.648031460157478,19793.0,19162.944881889765,2267.333252,2267.333252,33.0,15.448818897637794,2760.0,2755.6929133858266,0.786638558,0.399603459230303,0.0,0.0,Windows 11,AMD Ryzen 7 5700X 8-Core Processor,8,34265653248,NVIDIA GeForce RTX 5080,16303.0,,ppo,PushBlock,2048,0.000263,163840,0.009275,0.267,0.921,5.0,linear,True,256,1,simple,,,5,2000000,512,12000
20251130-224146,-0.573128641,4.59313345,17.32283783,658.8113403,0.0197569725,0.0429261883333333,1.905249038373494,1.866338849,19.29999924,8.279365096714285,18545.0,18298.47619047619,2267.333252000001,2267.333252,11.0,8.333333333333334,2760.0,2756.063492063492,0.675585985,0.3649124031445783,0.0,0.0,Windows 11,AMD Ryzen 7 5700X 8-Core Processor,8,34265653248,NVIDIA GeForce RTX 5080,16303.0,,ppo,PushBlock,2048,7.1e-05,163840,0.007595,0.199,0.939,5.0,linear,True,512,1,simple,,,5,1000000,64,12000
20251130-225258,-0.825772464,4.985199928,3.375952959,32.54996109,,,1.945883244375,1.94588244,34.70000076,15.716666856833331,18335.0,18163.5,2267.333252,2267.333252,10.0,4.833333333333333,2756.0,2756.0,0.537555397,0.369505308625,0.0,0.0,Windows 11,AMD Ryzen 7 5700X 8-Core Processor,8,34265653248,NVIDIA GeForce RTX 5080,16303.0,,ppo,PushBlock,2048,0.000237,163840,0.001997,0.261,0.903,5.0,constant,False,128,3,simple,,,5,100000,128,12000
20251130-225344,-0.559753954,0.612542808,61.38967514,280.5227051,0.0181259625,0.0089423985,1.9344073430857145,1.92501545,22.5,9.851724147896553,20619.0,19523.91379310345,2267.333252,2267.333252,24.0,14.224137931034482,4088.0,3480.137931034483,1.229542851,0.5098748197878787,0.0,0.0,Windows 11,AMD Ryzen 7 5700X 8-Core Processor,8,34265653248,NVIDIA GeForce RTX 5080,16303.0,,ppo,PushBlock,2048,6.8e-05,163840,0.001027,0.289,0.904,3.0,linear,False,128,3,simple,,,5,500000,2048,12000
20251130-225916,0.238969237,1.296099901,100.6725464,230.2539063,0.026059236375,0.016296782625,1.8976991175625,1.862809777,38.40000153,11.835714442571428,20106.0,19996.464285714286,2267.333252,2267.333252,21.0,16.285714285714285,4015.0,3997.0,0.838229418,0.4797646185333333,0.0,0.0,Windows 11,AMD Ryzen 7 5700X 8-Core Processor,8,34265653248,NVIDIA GeForce RTX 5080,16303.0,,ppo,PushBlock,1024,0.000274,20480,0.000389,0.244,0.922,8.0,linear,True,32,3,simple,,,5,250000,1024,12000
20251130-230334,4.372218609,4.861199856,4.769505024,820.4719849,0.0350430975416666,0.0934803695,1.725818779048193,1.453181505,46.59999847,9.726153806507693,20081.0,19928.169230769232,2267.3332520000004,2267.333252,34.0,15.492307692307692,3976.0,3967.630769230769,0.840034664,0.439300404313253,0.0,0.0,Windows 11,AMD Ryzen 7 5700X 8-Core Processor,8,34265653248,NVIDIA GeForce RTX 5080,16303.0,,ppo,PushBlock,512,0.000159,40960,0.008176,0.175,0.912,4.0,linear,False,256,3,simple,,,5,1000000,64,12000
20251130-231731,1.120049953,4.743800163,65.13124084,1330.732666,0.0135544263333333,0.0179287381666666,1.908357823475904,1.873643279,56.0,9.862204758181102,21959.0,21099.44881889764,2267.3332520000004,2267.333252,36.0,16.133858267716537,4047.0,3856.5433070866143,1.068241358,0.4671033106445783,0.0,0.0,Windows 11,AMD Ryzen 7 5700X 8-Core Processor,8,34265653248,NVIDIA GeForce RTX 5080,16303.0,,ppo,PushBlock,4096,0.000206,327680,0.004244,0.279,0.911,3.0,linear,True,128,2,simple,,,5,2000000,128,12000
20251130-233958,-0.561225057,4.841300011,4.353084087,42.49028778,,,1.94581946725,1.945818186,12.5,9.566666603000002,19932.0,19797.666666666668,2267.333252,2267.333252,25.0,15.5,3916.0,3915.0,0.490243673,0.428903352375,0.0,0.0,Windows 11,AMD Ryzen 7 5700X 8-Core Processor,8,34265653248,NVIDIA GeForce RTX 5080,16303.0,,ppo,PushBlock,4096,1.8e-05,327680,0.006481,0.127,0.907,3.0,constant,False,64,2,simple,,,5,100000,128,12000
20251130-234054,-1.000000119,0.58595711,11.20472336,51.60338974,,,1.9457786322,,14.30000019,9.721428734285714,20072.0,19905.571428571428,2267.333252,2267.333252,18.0,16.214285714285715,3917.0,3916.285714285714,0.602780402,0.4614852428000001,0.0,0.0,Windows 11,AMD Ryzen 7 5700X 8-Core Processor,8,34265653248,NVIDIA GeForce RTX 5080,16303.0,,ppo,PushBlock,4096,0.000225,327680,0.004923,0.124,0.931,4.0,linear,False,128,2,simple,,,5,100000,2048,12000
20251130-234201,-1.000000119,0.651461422,38.7526741,53.07270432,,,1.9456537962,,12.69999981,9.542857102,20114.0,19940.28571428572,2267.333252,2267.333252,24.0,16.857142857142858,3924.0,3917.571428571429,0.612738013,0.4422320246,0.0,0.0,Windows 11,AMD Ryzen 7 5700X 8-Core Processor,8,34265653248,NVIDIA GeForce RTX 5080,16303.0,,ppo,PushBlock,4096,4.1e-05,163840,0.003285,0.206,0.923,8.0,constant,True,128,2,simple,,,5,100000,2048,12000
20251130-234309,-0.999533415,4.854199886,4.560647964,170.7014618,0.035083078,0.0038501702,1.8922828912500005,1.83313787,20.29999924,12.039999977733334,20156.0,19194.0,2267.3332519999994,2267.333252,31.0,16.8,4155.0,3217.6,0.744943976,0.46348653205,0.0,0.0,Windows 11,AMD Ryzen 7 5700X 8-Core Processor,8,34265653248,NVIDIA GeForce RTX 5080,16303.0,,ppo,PushBlock,512,0.000153,40960,0.00172,0.226,0.914,4.0,linear,False,256,3,simple,,,5,250000,128,12000
20251130-234618,-1.0,4.802599907,4.697885513,69.84654999,0.02331036625,0.02800611275,1.942226335375,1.938440919,11.60000038,8.533333301333334,20149.0,20125.166666666668,2267.333252,2267.333252,17.0,16.5,4117.0,4114.833333333333,0.449987859,0.3657104893749999,0.0,0.0,Windows 11,AMD Ryzen 7 5700X 8-Core Processor,8,34265653248,NVIDIA GeForce RTX 5080,16303.0,,ppo,PushBlock,1024,7.5e-05,20480,0.003229,0.276,0.936,5.0,linear,False,64,1,simple,,,5,100000,64,12000
20251130-234741,-0.99948895,4.91380024,7.006144524,228.7319489,0.0353111469,0.0194811707,1.92978057865,1.919777632,22.60000038,10.079999955466665,20318.0,20238.866666666665,2267.3332519999994,2267.333252,19.0,13.466666666666669,4126.0,4110.2,0.658421576,0.3585737407499999,0.0,0.0,Windows 11,AMD Ryzen 7 5700X 8-Core Processor,8,34265653248,NVIDIA GeForce RTX 5080,16303.0,,ppo,PushBlock,512,9.9e-05,20480,0.005631,0.108,0.911,8.0,linear,True,32,3,simple,,,5,250000,256,12000
20251130-235148,-0.999950051,4.47393322,11.13025188,71.94353485,0.0236084064999999,0.01024688025,1.92826424525,1.892785072,26.79999924,16.416666666666668,21105.0,20600.5,2267.333252,2267.333252,24.0,19.5,4016.0,4007.8333333333335,0.658484817,0.4905620103749999,0.0,0.0,Windows 11,AMD Ryzen 7 5700X 8-Core Processor,8,34265653248,NVIDIA GeForce RTX 5080,16303.0,,ppo,PushBlock,1024,0.000212,20480,0.009206,0.129,0.904,3.0,constant,False,512,2,simple,,,5,100000,64,12000
20251130-235313,0.673733354,4.676866531,7.055281162,135.0947876,0.0196171365,0.0166174455,1.9340321839,1.9155792,13.10000038,9.2,20887.0,20732.6,2267.3332519999994,2267.333252,25.0,17.866666666666667,3983.0,3982.733333333333,0.954711318,0.42775318545,0.0,0.0,Windows 11,AMD Ryzen 7 5700X 8-Core Processor,8,34265653248,NVIDIA GeForce RTX 5080,16303.0,,ppo,PushBlock,2048,0.000202,81920,0.005999,0.172,0.921,3.0,constant,False,32,2,simple,,,5,250000,256,12000
20251130-235548,-0.999650061,4.84006691,4.796854019,149.3828583,0.0264000595,0.020878998,1.9340312541,1.918533087,18.70000076,9.2466666854,20965.0,20750.466666666667,2267.3332519999994,2267.333252,28.0,18.4,4063.0,3990.733333333333,0.738066375,0.4521377465499999,0.0,0.0,Windows 11,AMD Ryzen 7 5700X 8-Core Processor,8,34265653248,NVIDIA GeForce RTX 5080,16303.0,,ppo,PushBlock,1024,9.6e-05,81920,0.009025,0.223,0.918,4.0,linear,False,128,1,simple,,,5,250000,64,12000
20251130-235856,4.537754536,4.803686142,1358.622559,1450.076538,0.0352044489555555,0.1466357424444444,1.2429691680064516,0.635230899,43.09999847,9.731395322263566,21394.0,20739.868217054263,2267.333252000001,2267.333252,31.0,16.251937984496124,4095.0,3848.3255813953488,1.294179559,0.521499137192053,0.0,0.0,Windows 11,AMD Ryzen 7 5700X 8-Core Processor,8,34265653248,NVIDIA GeForce RTX 5080,16303.0,,ppo,PushBlock,512,0.000244,40960,0.000871,0.237,0.928,4.0,constant,False,128,1,simple,,,5,2000000,2048,12000
20251201-002335,-0.545846283,0.92368567,62.22896194,84.9169693,0.0341786183333333,0.0172540603333333,1.93011951425,1.915282845,18.64999962,8.808333317666667,20932.0,20819.916666666668,2267.333252,2267.333252,16.0,14.166666666666666,4010.0,4009.6666666666665,0.620377064,0.484786585,0.0,0.0,Windows 11,AMD Ryzen 7 5700X 8-Core Processor,8,34265653248,NVIDIA GeForce RTX 5080,16303.0,,ppo,PushBlock,512,6.8e-05,20480,0.005858,0.219,0.932,3.0,linear,False,512,3,simple,,,5,100000,2048,12000
20251201-002516,88.92224121,100.0000153,391.6915894,6206.159668,-9.24928909362,0.00088869909,-0.68915166718,-0.927644312,31.14999962,22.218166732555,20183.5,17458.3075,2267.3332520000004,2267.333252,34.0,3.29,2828.0,2529.5775,0.329090685,0.06989098984,0.0,0.0,Windows 11,AMD Ryzen 7 5700X 8-Core Processor,8,34265653248,NVIDIA GeForce RTX 5080,16303.0,,sac,3DBall,128,0.000124,200000,,,,,constant,True,128,1,simple,,,5,2000000,256,10000
20251201-020909,100.0000153,100.0000153,585.0524292,3227.427734,-1.10305540328,0.0014201902799999,0.4485151792,-0.098504037,26.10000038,22.8220000456,18886.5,18245.84,2267.3332519999994,2267.333252,3.0,0.56,2464.5,2425.9,0.25565666,0.0272474463599999,0.0,0.0,Windows 11,AMD Ryzen 7 5700X 8-Core Processor,8,34265653248,NVIDIA GeForce RTX 5080,16303.0,,sac,3DBall,1024,0.000299,500000,,,,,constant,True,64,2,simple,,,5,250000,256,10000
20251201-030332,100.0000153,100.0000153,3118.974854,5327.856934,-3.53335756276,0.01434347804,0.7629899196800001,-0.095639236,26.89999962,23.756666565200003,18480.5,18229.9333592,2267.3332519999994,2267.333252,3.0,0.34,2466.333252,2440.60666016,0.141529515,0.01710668248,0.0,0.0,Windows 11,AMD Ryzen 7 5700X 8-Core Processor,8,34265653248,NVIDIA GeForce RTX 5080,16303.0,,sac,3DBall,1024,4.5e-05,200000,,,,,constant,False,64,1,simple,,,5,250000,128,10000
20251201-043252,52.61075974,52.61075974,835.6691284,835.6691284,-0.990159541,0.0038607215,0.7148578615,0.302042097,20.26363564,19.69292927,18054.77734,18044.797850000003,2267.333252,2267.333252,1.666666627,1.0151515005,2431.0,2430.727295,0.12344899,0.105751421,0.0,0.0,Windows 11,AMD Ryzen 7 5700X 8-Core Processor,8,34265653248,NVIDIA GeForce RTX 5080,16303.0,,sac,3DBall,128,0.000107,50000,,,,,constant,False,128,1,simple,,,5,100000,1024,50000
20251201-044720,78.62857819,100.0000076,672.420166,745.1851807,-3.1797459364,0.0073448050999999,0.8047079474000001,0.165540278,26.04999924,24.143333244,18196.5,18089.716602,2267.333252,2267.333252,0.5,0.05,2462.0,2444.8,0.064860046,0.0309819145,0.0,0.0,Windows 11,AMD Ryzen 7 5700X 8-Core Processor,8,34265653248,NVIDIA GeForce RTX 5080,16303.0,,sac,3DBall,256,0.000168,500000,,,,,constant,False,128,1,simple,,,5,100000,64,10000
20251201-050012,84.68000793,100.0000076,302.6433105,21484.40039,-0.98111924142,5.0901615e-05,-0.5300583183,-0.522944689,30.20000076,24.5772500418,18726.5,18236.5225,2267.3332520000004,2267.333252,4.0,0.115,2528.0,2475.3375,0.03266196,0.02099055425,0.0,0.0,Windows 11,AMD Ryzen 7 5700X 8-Core Processor,8,34265653248,NVIDIA GeForce RTX 5080,16303.0,,sac,3DBall,128,0.000107,100000,,,,,constant,True,64,2,simple,,,5,2000000,64,10000
20251201-123614,7.241259575,7.241259575,529.980896,529.980896,0.0351152175,0.2012148735833333,1.4211064518292682,1.411445498,26.14999962,9.200812997000002,18243.0,16915.296732195122,2267.333252,2267.333252,21.66666603,14.361788574829268,4352.5,3930.5731707317073,1.381297708,0.5607151985121951,0.0,0.0,Windows 11,AMD Ryzen 7 5700X 8-Core Processor,8,34265653248,NVIDIA GeForce RTX 5080,16303.0,,ppo,3DBall,512,4.6e-05,40960,0.009978,0.285,0.929,10.0,linear,True,64,1,simple,,,5,500000,512,12000
20251201-124545,1.193295002,1.218181729,8.790603638,57.1928978,,,1.418938279,1.418938279,12.10000038,8.4395834205,17614.0,17490.75,2267.333252,2267.333252,17.66666603,13.458333255,4244.0,4243.25,0.714069366,0.556441981375,0.0,0.0,Windows 11,AMD Ryzen 7 5700X 8-Core Processor,8,34265653248,NVIDIA GeForce RTX 5080,16303.0,,ppo,3DBall,4096,0.000119,163840,0.008923,0.146,0.94,8.0,linear,False,64,3,simple,,,5,100000,512,12000
20251201-124656,1.6063205,1.6063205,100.3050613,100.3050613,0.0255080925,0.08963374325,1.412020519375,1.405022264,11.4333334,8.20833337325,17693.33398,17582.5002425,2267.333252,2267.333252,22.0,17.124999881249998,4246.666504,4241.583313,0.742840946,0.440172355625,0.0,0.0,Windows 11,AMD Ryzen 7 5700X 8-Core Processor,8,34265653248,NVIDIA GeForce RTX 5080,16303.0,,ppo,3DBall,1024,0.000129,20480,0.003186,0.1,0.926,8.0,linear,False,256,3,simple,,,5,100000,2048,12000
20251201-124850,1.329006076,1.478279471,701.6295776,808.4546509,0.0121751436666666,0.2048744213333333,1.418735844518072,1.417772532,28.43333244,8.55220885986747,17944.5,17317.83336060241,2267.3332520000004,2267.333252,24.33333397,14.363453916228917,4309.666504,3944.317262216867,0.961604059,0.5349652328554216,0.0,0.0,Windows 11,AMD Ryzen 7 5700X 8-Core Processor,8,34265653248,NVIDIA GeForce RTX 5080,16303.0,,ppo,3DBall,4096,3.8e-05,163840,0.008782,0.162,0.907,4.0,linear,True,64,3,simple,,,5,1000000,256,12000
20251201-130233,100.0000153,100.0000153,183.0235291,669.6204834,0.03442855275,0.0174951274583333,1.1871780185903615,1.073383808,33.75,8.439759064903614,18658.0,18105.68474674699,2267.3332520000004,2267.333252,28.5,12.23493977761446,4290.0,3650.775102361446,1.020208359,0.5743299833975903,0.0,0.0,Windows 11,AMD Ryzen 7 5700X 8-Core Processor,8,34265653248,NVIDIA GeForce RTX 5080,16303.0,,ppo,3DBall,512,0.000205,20480,0.003051,0.157,0.94,4.0,constant,True,512,1,simple,,,5,1000000,256,12000
20251201-131357,1.357668638,1.357668638,171.5190735,171.5190735,0.0169626775999999,0.0792590366,1.4168434382,1.415446997,12.39999962,7.5408332825,18421.5,16201.0748545,2267.3332519999994,2267.333252,17.0,8.649999976450001,4328.333496,4014.6999878,0.787624776,0.58030527085,0.0,0.0,Windows 11,AMD Ryzen 7 5700X 8-Core Processor,8,34265653248,NVIDIA GeForce RTX 5080,16303.0,,ppo,3DBall,2048,9.2e-05,40960,0.002149,0.266,0.928,4.0,linear,False,64,2,simple,,,5,250000,256,12000
20251201-131712,1.507825971,1.507825971,85.05960083,85.05960083,0.02405750525,0.0504878505,1.410436913375,1.400194168,7.150000095,5.712500035749999,17558.5,17122.2917475,2267.333252,2267.333252,10.5,7.4375,4320.0,4304.104187,0.700547099,0.4970827922499999,0.0,0.0,Windows 11,AMD Ryzen 7 5700X 8-Core Processor,8,34265653248,NVIDIA GeForce RTX 5080,16303.0,,ppo,3DBall,1024,0.000206,20480,0.003579,0.184,0.915,10.0,constant,False,32,2,simple,,,5,100000,512,12000
20251201-131851,100.0000153,100.0000153,807.7150269,807.7150269,0.0152099649999999,0.1789997331666666,1.390133895180723,1.333475351,26.56666756,8.486947818096386,18990.0,18466.24694120482,2267.3332520000004,2267.333252,26.5,15.497991975361446,4282.333496,4222.672692722891,0.85965234,0.5540201197228916,0.0,0.0,Windows 11,AMD Ryzen 7 5700X 8-Core Processor,8,34265653248,NVIDIA GeForce RTX 5080,16303.0,,ppo,3DBall,4096,0.000119,163840,0.001867,0.26,0.93,3.0,constant,True,512,2,simple,,,5,1000000,1024,12000
20251201-133232,1.146168232,1.197705507,15.8060627,98.28369904,0.017033175,0.453033626,1.418651089,1.416983247,12.0,7.837500035625,18894.33398,18785.833495,2267.333252,2267.333252,16.33333397,14.95833337375,4217.0,4214.708313,0.636833906,0.539132207625,0.0,0.0,Windows 11,AMD Ryzen 7 5700X 8-Core Processor,8,34265653248,NVIDIA GeForce RTX 5080,16303.0,,ppo,3DBall,2048,0.000168,81920,0.004785,0.152,0.91,10.0,linear,False,32,2,simple,,,5,100000,256,12000
20251201-133425,92.40001678,100.0000153,610.1466675,662.276001,0.0346727321445783,0.0121627888433734,1.3284387100240964,1.276699424,41.15000153,9.278514069421686,18993.0,18268.32530120482,2267.3332520000004,2267.333252,27.5,15.1907630773253,4369.5,3498.5803193253014,0.835071921,0.5270331787590361,0.0,0.0,Windows 11,AMD Ryzen 7 5700X 8-Core Processor,8,34265653248,NVIDIA GeForce RTX 5080,16303.0,,ppo,3DBall,512,0.000137,10240,0.004912,0.106,0.906,4.0,linear,False,256,1,simple,,,5,1000000,512,12000
20251201-134542,83.29334259,99.47501373,334.2442017,657.8790894,0.024762223875,0.5134813494166667,1.3822893622168675,1.325647831,13.26666641,8.098995984192772,18244.0,17632.73092759036,2267.3332520000004,2267.333252,23.0,15.06425699,4344.0,4278.544174746988,0.969033003,0.5973590403734939,0.0,0.0,Windows 11,AMD Ryzen 7 5700X 8-Core Processor,8,34265653248,NVIDIA GeForce RTX 5080,16303.0,,ppo,3DBall,1024,0.000203,40960,0.005824,0.214,0.913,3.0,constant,True,128,1,simple,,,5,1000000,512,12000
20251201-135654,1.970843911,1.970843911,927.9818726,927.9818726,0.0124127343333333,0.0322160403333333,1.4186594845903615,1.417625546,29.89999962,8.945983921216868,19788.5,18922.46785590361,2267.3332520000004,2267.333252,25.5,16.44377514821687,4264.0,4226.849397590361,0.903062463,0.5004251782891566,0.0,0.0,Windows 11,AMD Ryzen 7 5700X 8-Core Processor,8,34265653248,NVIDIA GeForce RTX 5080,16303.0,,ppo,3DBall,4096,4.1e-05,327680,0.006936,0.272,0.937,3.0,linear,True,512,3,simple,,,5,1000000,128,12000
20251201-141236,100.0000153,100.0000153,817.1350098,1190.181396,0.0181821861666666,0.0390147599166666,1.328177359481928,1.147470236,13.69999981,4.945582329493976,18715.5,18153.19378289157,2267.3332520000004,2267.333252,24.0,3.190763048433735,2811.0,2794.509034674699,0.858798683,0.5330387592228916,0.0,0.0,Windows 11,AMD Ryzen 7 5700X 8-Core Processor,8,34265653248,NVIDIA GeForce RTX 5080,16303.0,,ppo,3DBall,2048,0.00012,163840,0.003042,0.249,0.947,5.0,constant,True,32,2,simple,,,5,2000000,128,12000
20251201-143240,1.468736529,1.583668828,328.6476746,408.5433655,0.017685422,0.1122601753333333,1.4108349112195124,1.404423356,7.766666889,4.558130049097562,18038.33398,17859.723514146342,2267.333252,2267.333252,4.0,2.8536585481951224,2798.0,2794.4227622439025,0.649816036,0.4399351256341463,0.0,0.0,Windows 11,AMD Ryzen 7 5700X 8-Core Processor,8,34265653248,NVIDIA GeForce RTX 5080,16303.0,,ppo,3DBall,2048,4.9e-05,163840,0.001481,0.165,0.932,8.0,linear,True,256,2,simple,,,5,500000,128,12000
20251201-143942,100.0000153,100.0000153,147.347229,211.6842499,0.03441060355,0.0226911286499999,1.371733433,1.342829466,11.5,7.357499957100001,17791.66602,17634.158301,2267.3332519999994,2267.333252,4.0,2.7916666627,2794.0,2794.0,0.720799387,0.4626761346999999,0.0,0.0,Windows 11,AMD Ryzen 7 5700X 8-Core Processor,8,34265653248,NVIDIA GeForce RTX 5080,16303.0,,ppo,3DBall,512,0.000104,10240,0.009902,0.231,0.907,8.0,linear,False,512,2,simple,,,5,250000,2048,12000
20251201-144333,6.014793873,6.014793873,136.5796509,136.5796509,0.0358943636,0.1421022772,1.3722644271,1.31104672,7.733333111,4.757499968900001,17890.0,17747.933301,2267.3332519999994,2267.333252,3.0,2.9,2794.0,2794.0,0.735520601,0.4896359279499999,0.0,0.0,Windows 11,AMD Ryzen 7 5700X 8-Core Processor,8,34265653248,NVIDIA GeForce RTX 5080,16303.0,,ppo,3DBall,512,0.000216,40960,0.00859,0.298,0.93,4.0,constant,False,128,2,simple,,,5,250000,1024,12000
20251201-144611,100.0000153,100.0000153,134.0137329,558.706543,0.0352520089583333,0.0581343153333333,1.2552681744819278,1.189096928,11.25,6.694176722686748,18075.5,17859.08436072289,2267.3332520000004,2267.333252,3.5,2.8152610422650604,2799.0,2794.120481927711,1.062148929,0.5474978565301205,0.0,0.0,Windows 11,AMD Ryzen 7 5700X 8-Core Processor,8,34265653248,NVIDIA GeForce RTX 5080,16303.0,,ppo,3DBall,512,0.000192,40960,0.000947,0.269,0.94,4.0,linear,True,128,3,simple,,,5,1000000,2048,12000
20251201-145542,100.0000153,100.0000153,94.24350739,925.6127319,0.0344937858915662,0.0119719590240963,1.209060005373494,1.118302107,18.10000038,8.863052270433734,18412.0,18122.981927710844,2267.3332520000004,2267.333252,4.0,2.7570281143614457,2798.0,2794.102409638554,0.715420306,0.4702108215180722,0.0,0.0,Windows 11,AMD Ryzen 7 5700X 8-Core Processor,8,34265653248,NVIDIA GeForce RTX 5080,16303.0,,ppo,3DBall,512,0.000217,10240,0.009588,0.156,0.915,10.0,linear,True,256,3,simple,,,5,1000000,2048,12000
20251201-151119,1.219729185,1.219729185,52.94820023,52.94820023,0.0346367025,0.174773246,1.418951913625,1.418876886,6.75,4.80833339675,18319.66602,18229.8122575,2267.333252,2267.333252,3.0,2.7916666865,2794.0,2794.0,0.592873514,0.446579285125,0.0,0.0,Windows 11,AMD Ryzen 7 5700X 8-Core Processor,8,34265653248,NVIDIA GeForce RTX 5080,16303.0,,ppo,3DBall,512,1.7e-05,40960,0.005375,0.258,0.916,3.0,constant,False,64,2,simple,,,5,100000,128,12000
20251201-151223,1.198084235,1.244422674,265.2685852,330.7507629,0.0125301006666666,0.082002061,1.4145944178292682,1.410168886,11.63333321,5.212195134829268,18747.33398,18476.40239170732,2267.333252,2267.333252,3.0,2.8373983836585364,2794.0,2794.0,0.856715798,0.4648886322682926,0.0,0.0,Windows 11,AMD Ryzen 7 5700X 8-Core Processor,8,34265653248,NVIDIA GeForce RTX 5080,16303.0,,ppo,3DBall,4096,9.4e-05,163840,0.009334,0.208,0.908,5.0,linear,False,256,2,simple,,,5,500000,256,12000
20251201-151808,0.853074253,1.855058193,169.9675293,201.2591248,0.0253014935,0.4220266045,1.4184400916000002,1.417801142,14.66666698,6.25333337755,18618.33398,18495.300097,2267.3332519999994,2267.333252,2.0,1.7833333254000003,2792.0,2792.0,0.772490561,0.55665430205,0.0,0.0,Windows 11,AMD Ryzen 7 5700X 8-Core Processor,8,34265653248,NVIDIA GeForce RTX 5080,16303.0,,ppo,Crawler,1024,8.4e-05,81920,0.008584,0.203,0.926,3.0,linear,True,512,2,simple,,,5,250000,512,12000
20251201-152206,1.135051727,1.356935859,188.1271973,200.1752777,0.018444837,0.452239558,1.41720858805,1.415805697,8.600000381,5.7883333564,18638.33398,18518.070801,2267.3332519999994,2267.333252,2.0,1.7666666567499998,2792.0,2792.0,0.760875642,0.5387103827,0.0,0.0,Windows 11,AMD Ryzen 7 5700X 8-Core Processor,8,34265653248,NVIDIA GeForce RTX 5080,16303.0,,ppo,Crawler,2048,0.000109,81920,0.001582,0.247,0.933,4.0,linear,True,128,3,simple,,,5,250000,1024,12000
20251201-152601,-0.493893951,-0.43181619,317.9010315,381.2241821,0.012348235,0.238614038,1.4190709735609754,1.419335604,8.5,5.53719513004878,19511.66602,18870.65039073171,2267.333252,2267.333252,2.25,1.8617886043414635,2792.0,2792.0,0.821757555,0.5772776202926829,0.0,0.0,Windows 11,AMD Ryzen 7 5700X 8-Core Processor,8,34265653248,NVIDIA GeForce RTX 5080,16303.0,,ppo,Crawler,4096,7.3e-05,327680,0.00189,0.122,0.906,3.0,linear,False,256,2,simple,,,5,500000,2048,12000
20251201-153238,34.41160583,41.02266693,193.643219,233.350235,0.0359004548,0.5717867554,1.4209288954,1.425988436,13.30000019,6.921666645899999,18643.66602,18537.270898,2267.3332519999994,2267.333252,2.0,1.88749999405,2792.0,2792.0,0.934229612,0.5459817200999999,0.0,0.0,Windows 11,AMD Ryzen 7 5700X 8-Core Processor,8,34265653248,NVIDIA GeForce RTX 5080,16303.0,,ppo,Crawler,512,0.000111,40960,0.007769,0.19,0.931,8.0,constant,True,32,1,simple,,,5,250000,2048,12000
20251201-153707,49.94197845,155.8386993,701.2362061,724.0326538,0.0169926722499999,3.4100788483750004,1.4295908241204818,1.441470146,10.89999962,7.185140603975904,18787.5,18586.02207277108,2267.3332520000004,2267.333252,2.0,1.8453815213253009,2792.0,2792.0,1.019475579,0.5924593996746987,0.0,0.0,Windows 11,AMD Ryzen 7 5700X 8-Core Processor,8,34265653248,NVIDIA GeForce RTX 5080,16303.0,,ppo,Crawler,2048,6.6e-05,40960,0.009123,0.117,0.922,3.0,constant,True,64,1,simple,,,5,1000000,512,12000
20251201-154927,0.119442664,0.119442664,185.1115265,185.1115265,0.0152520505,0.186722629,1.4193506122,1.419125795,9.133333206,5.724999976200001,18702.66602,18575.241505,2267.3332519999994,2267.333252,2.0,1.7749999881,2792.0,2792.0,0.86712873,0.5685885198999999,0.0,0.0,Windows 11,AMD Ryzen 7 5700X 8-Core Processor,8,34265653248,NVIDIA GeForce RTX 5080,16303.0,,ppo,Crawler,2048,0.00024,81920,0.005861,0.108,0.915,3.0,linear,False,128,3,simple,,,5,250000,64,12000
20251201-155302,151.0871582,179.9934998,1529.609131,1663.842407,0.0124460987083333,1.6212225432083336,1.4330779715662652,1.451301575,17.29999924,7.292419670566264,20032.5,18702.554705240967,2267.3332520000004,2267.333252,24.0,3.564257017849397,4024.0,2905.518576746988,1.31993711,0.6501680458855421,0.0,0.0,Windows 11,AMD Ryzen 7 5700X 8-Core Processor,8,34265653248,NVIDIA GeForce RTX 5080,16303.0,,ppo,Crawler,4096,8.2e-05,81920,0.008171,0.105,0.919,4.0,constant,False,256,2,simple,,,5,2000000,512,12000
20251201-162106,36.50865936,68.4329834,232.4028931,252.5508423,0.0240371127272727,1.3860247840000002,1.4201216816000002,1.421480417,21.54999924,8.582916665199999,18664.0,18435.6375,2267.3332519999994,2267.333252,20.5,12.63750000025,4355.5,4115.425012199999,1.237207651,0.6468800440499999,0.0,0.0,Windows 11,AMD Ryzen 7 5700X 8-Core Processor,8,34265653248,NVIDIA GeForce RTX 5080,16303.0,,ppo,Crawler,1024,3.4e-05,20480,0.004419,0.265,0.907,4.0,constant,True,256,1,simple,,,5,250000,256,12000
20251201-162544,145.642746,209.91185,608.2468262,656.4614868,0.0249004793333333,1.6144832297500002,1.4162219936829266,1.413204312,22.06666756,8.429065064829267,19190.0,18865.95731707317,2267.333252,2267.333252,24.0,13.943089450195124,4020.25,3710.388201463415,1.254969001,0.6408026251219512,0.0,0.0,Windows 11,AMD Ryzen 7 5700X 8-Core Processor,8,34265653248,NVIDIA GeForce RTX 5080,16303.0,,ppo,Crawler,1024,0.00018,40960,0.006936,0.164,0.931,10.0,constant,True,64,1,simple,,,5,500000,128,12000
20251201-163718,-0.861827672,-0.798547685,9.682855606,73.67798615,,,1.418938264125,1.418938398,11.22500038,7.18958336075,18844.0,18495.416505,2267.333252,2267.333252,4.25,2.812500014875,2810.5,2802.1354065,0.660940766,0.4967021829999999,0.0,0.0,Windows 11,AMD Ryzen 7 5700X 8-Core Processor,8,34265653248,NVIDIA GeForce RTX 5080,16303.0,,ppo,Crawler,2048,2.4e-05,163840,0.001266,0.278,0.913,4.0,linear,False,512,3,simple,,,5,100000,128,12000
20251201-163850,321.0584717,521.2036743,2328.273193,3003.739258,0.0257348547916666,9.783574954520832,0.9179247344939758,0.537306666,24.29999924,8.347991966331323,23055.0,20778.60546843373,2267.3332520000004,2267.333252,21.0,6.629016076638554,2992.0,2846.2866431566267,1.01633656,0.5524015844277108,0.0,0.0,Windows 11,AMD Ryzen 7 5700X 8-Core Processor,8,34265653248,NVIDIA GeForce RTX 5080,16303.0,,ppo,Crawler,1024,0.000278,40960,0.007993,0.235,0.927,10.0,linear,False,512,3,simple,,,5,2000000,512,12000
20251201-172913,-0.720757902,-0.638968766,46.35102081,68.71700287,,,1.418938264125,1.418938279,8.566666603,6.28229165075,20682.33398,20502.4064925,2267.333252,2267.333252,11.66666698,8.156250059000001,2842.0,2842.0,0.740736663,0.556220322875,0.0,0.0,Windows 11,AMD Ryzen 7 5700X 8-Core Processor,8,34265653248,NVIDIA GeForce RTX 5080,16303.0,,ppo,Crawler,2048,7.8e-05,163840,0.004368,0.122,0.903,4.0,linear,False,256,3,simple,,,5,100000,64,12000
20251201-173039,60.25407791,93.99401855,427.8546753,466.3349609,0.0243357412727272,0.4554962639090909,1.4161277282439024,1.413953781,11.0666666,6.819918678926829,20976.5,20232.79868585366,2267.333252,2267.333252,13.0,3.993902439,2938.0,2886.1239817560977,0.960757375,0.5614839494146341,0.0,0.0,Windows 11,AMD Ryzen 7 5700X 8-Core Processor,8,34265653248,NVIDIA GeForce RTX 5080,16303.0,,ppo,Crawler,1024,0.000257,40960,0.009502,0.158,0.906,5.0,linear,False,512,2,simple,,,5,500000,128,12000
20251201-173900,723.9345093,723.9345093,1551.3302,1551.3302,0.0245483732947368,8.926402658231579,1.392102223560241,1.374858499,25.5,9.227309229933734,21089.5,20341.73041,2267.3332520000004,2267.333252,28.0,7.210843366228916,3025.0,2958.338349493976,1.107634664,0.6093199910240965,0.0,0.0,Windows 11,AMD Ryzen 7 5700X 8-Core Processor,8,34265653248,NVIDIA GeForce RTX 5080,16303.0,,ppo,Crawler,1024,0.000247,20480,0.003982,0.263,0.934,3.0,linear,True,256,1,simple,,,5,2000000,2048,12000
20251201-180511,1076.654663,1211.078247,1794.840332,2031.966553,0.0249702976666666,8.563726894875,1.4332559676024097,1.397639275,16.14999962,7.963554224433735,23157.0,21983.80367590361,2267.3332520000004,2267.333252,25.0,6.628012033999999,3039.333252,3007.25903173494,1.313931584,0.6279286605662651,0.0,0.0,Windows 11,AMD Ryzen 7 5700X 8-Core Processor,8,34265653248,NVIDIA GeForce RTX 5080,16303.0,,ppo,Crawler,1024,0.000196,40960,0.006621,0.199,0.911,8.0,constant,False,128,1,simple,,,5,2000000,2048,12000
20251201-183924,-0.654037774,-0.654037774,90.0736618,90.0736618,0.016264519,0.236193657,1.4188887625,1.418603897,9.949999809,6.644791722125,21583.0,21427.59375,2267.333252,2267.333252,15.66666698,4.239583365125,3007.0,3006.875,0.585964978,0.44385407875,0.0,0.0,Windows 11,AMD Ryzen 7 5700X 8-Core Processor,8,34265653248,NVIDIA GeForce RTX 5080,16303.0,,ppo,Crawler,2048,0.000145,81920,0.00211,0.112,0.924,4.0,linear,True,128,3,simple,,,5,100000,1024,12000
20251201-184113,44.58143997,79.48934174,180.7224731,225.7346039,0.0345361307272727,0.4441862093636363,1.4138337733,1.412372828,12.5,7.7925000192,22120.5,21811.504005000003,2267.3332519999994,2267.333252,20.66666603,11.00833330155,3016.0,3013.2916748,1.01743722,0.54430164995,0.0,0.0,Windows 11,AMD Ryzen 7 5700X 8-Core Processor,8,34265653248,NVIDIA GeForce RTX 5080,16303.0,,ppo,Crawler,512,0.000245,20480,0.006655,0.233,0.909,5.0,linear,False,32,1,simple,,,5,250000,64,12000
20251201-184521,190.6860352,200.9877014,704.1832275,872.9674683,0.035216230125,3.889984397833333,1.4235884281686748,1.427574873,25.64999962,8.787550230987952,22489.0,21634.517107228912,2267.3332520000004,2267.333252,22.5,11.210843373614455,3025.0,3019.913650698795,1.127934337,0.660474025554217,0.0,0.0,Windows 11,AMD Ryzen 7 5700X 8-Core Processor,8,34265653248,NVIDIA GeForce RTX 5080,16303.0,,ppo,Crawler,512,0.000123,40960,0.007813,0.24,0.936,4.0,linear,False,128,2,simple,,,5,1000000,2048,12000
20251201-190008,58.89759827,101.458374,192.0003052,252.9367218,0.0349131146363636,0.8726762858181817,1.41087745435,1.408548236,12.19999981,8.515000056899998,21777.0,21339.491699,2267.3332519999994,2267.333252,25.33333397,10.90833339675,3023.333252,3023.0166626,1.212456703,0.54934464465,0.0,0.0,Windows 11,AMD Ryzen 7 5700X 8-Core Processor,8,34265653248,NVIDIA GeForce RTX 5080,16303.0,,ppo,Crawler,512,0.000219,20480,0.003041,0.224,0.913,8.0,linear,False,32,2,simple,,,5,250000,512,12000
20251201-190453,5.63177681,11.37559414,200.5348358,218.3636322,0.0162725072,0.4364547907999999,1.4189197003500005,1.418467879,19.33333397,8.536666679300001,22195.0,21777.862597,2267.3332519999994,2267.333252,22.25,11.399999975699998,3024.75,2996.2916504,0.833696306,0.60175696755,0.0,0.0,Windows 11,AMD Ryzen 7 5700X 8-Core Processor,8,34265653248,NVIDIA GeForce RTX 5080,16303.0,,ppo,Crawler,2048,0.000243,40960,0.003463,0.179,0.905,4.0,linear,False,64,3,simple,,,5,250000,512,12000
20251201-190858,0.25,0.333333343,118.5422821,294.888916,0.017714884,0.00370688,2.1126681961666667,,27.45000076,23.941666920000003,23870.0,22835.25,2267.333252,2267.333252,9.0,6.5,2995.0,2987.25,2.808510542,2.5503855148333336,0.0,0.0,Windows 11,AMD Ryzen 7 5700X 8-Core Processor,8,34265653248,NVIDIA GeForce RTX 5080,16303.0,,ppo,GridFoodCollector,2048,6.9e-05,40960,0.00617,0.238,0.904,8.0,linear,False,64,1,simple,,,5,100000,2048,12000
20251201-191415,24.58333397,24.58333397,,1356.632324,0.03505939252,0.0657941314,1.876596964384616,,27.70000076,23.119230783846152,21737.0,21285.615384615383,2267.3332519999994,2267.333252,20.0,9.192307692307692,3017.0,2917.25,2.551709175,2.4328313241153845,0.0,0.0,Windows 11,AMD Ryzen 7 5700X 8-Core Processor,8,34265653248,NVIDIA GeForce RTX 5080,16303.0,,ppo,GridFoodCollector,512,0.000249,10240,0.007334,0.269,0.918,5.0,constant,True,32,1,simple,,,5,500000,1024,12000
20251201-193712,0.0,19.0,4973.455566,5315.589355,0.0251364249166666,0.0163429348333333,1.8914465530662647,1.698674321,47.40000153,22.967469870361445,24426.0,22393.74096385542,2267.3332520000004,2267.333252,31.0,11.451807228915662,2919.0,2881.5813253012047,2.762097359,2.4811009240481927,0.0,0.0,Windows 11,AMD Ryzen 7 5700X 8-Core Processor,8,34265653248,NVIDIA GeForce RTX 5080,16303.0,,ppo,GridFoodCollector,1024,0.000248,81920,0.000919,0.257,0.917,3.0,linear,False,512,3,simple,,,5,2000000,64,12000
20251201-210617,1.75,2.166666746,,1381.184448,0.0245101803333333,0.0032247029166666,2.1154839258846154,,33.04999924,23.97884603692308,22762.5,21991.55769230769,2267.3332519999994,2267.333252,21.0,14.134615384615383,2891.0,2880.0,2.804507494,2.484154334423077,0.0,0.0,Windows 11,AMD Ryzen 7 5700X 8-Core Processor,8,34265653248,NVIDIA GeForce RTX 5080,16303.0,,ppo,GridFoodCollector,1024,0.00013,20480,0.009679,0.262,0.947,5.0,linear,True,128,1,simple,,,5,500000,1024,12000
20251201-212938,0.0,2.0,1051.174072,1222.146729,0.0248869373636363,0.0042625996363636,2.091757326609756,2.025550127,33.34999847,23.79390232756098,22307.0,21608.658536585364,2267.333252,2267.333252,24.0,8.487804878048781,2898.0,2882.5243902439024,2.844114304,2.537440084780488,0.0,0.0,Windows 11,AMD Ryzen 7 5700X 8-Core Processor,8,34265653248,NVIDIA GeForce RTX 5080,16303.0,,ppo,GridFoodCollector,1024,0.000187,40960,0.005747,0.25,0.925,4.0,linear,True,64,2,simple,,,5,500000,64,12000
20251201-215049,13.5,19.85000038,5062.98877,5267.499512,0.0178596611666666,0.0386453627916666,1.875716178487952,1.56767869,91.59999847,23.691264991506028,25261.0,23507.15361445783,2267.3332520000004,2267.333252,26.0,9.981927710843374,3825.0,3570.89156626506,2.916219711,2.4866406350180723,0.0,0.0,Windows 11,AMD Ryzen 7 5700X 8-Core Processor,8,34265653248,NVIDIA GeForce RTX 5080,16303.0,,ppo,GridFoodCollector,2048,9.3e-05,81920,0.002254,0.203,0.928,8.0,linear,False,64,3,simple,,,5,2000000,64,12000
20251201-233335,20.0,23.5,4888.410156,5921.064941,0.0179855143939393,0.0552657461818181,1.7640470266435646,,47.79999924,23.93217819514852,25805.5,23854.618811881188,2267.333252,2267.333252,25.5,8.232673267326733,3542.5,3374.212871287129,2.887372494,2.538409362930693,0.0,0.0,Windows 11,AMD Ryzen 7 5700X 8-Core Processor,8,34265653248,NVIDIA GeForce RTX 5080,16303.0,,ppo,GridFoodCollector,2048,0.000248,40960,0.004582,0.219,0.949,8.0,constant,False,64,1,simple,,,5,2000000,1024,12000
20251202-011246,,0.0,142.5050659,283.7008972,0.017911588,0.0026939905,2.11198079575,2.111519814,28.79999924,23.612499715,23590.0,22688.5625,2267.333252,2267.333252,16.0,8.3125,3260.0,3260.0,2.844577074,2.489769891,0.0,0.0,Windows 11,AMD Ryzen 7 5700X 8-Core Processor,8,34265653248,NVIDIA GeForce RTX 5080,16303.0,,ppo,GridFoodCollector,2048,6.3e-05,40960,0.004144,0.16,0.916,8.0,linear,True,512,1,simple,,,5,100000,64,12000
20251202-011751,6.0,6.052631378,1575.919678,1622.313599,0.0355718748717948,0.0036157397948717,1.7952451270487804,1.573516488,25.60000038,22.0374998575,22277.0,20327.275,2267.333252,2267.333252,16.5,7.375,3260.0,2836.95,2.885128975,2.1644272048780486,0.0,0.0,Windows 11,AMD Ryzen 7 5700X 8-Core Processor,8,34265653248,NVIDIA GeForce RTX 5080,16303.0,,ppo,GridFoodCollector,512,0.000233,10240,0.002256,0.193,0.909,10.0,linear,False,512,1,simple,,,5,500000,128,12000
20251202-014540,0.5,1.25,,1374.337036,0.0253134478,0.0013776802,2.108803840692308,,23.60000038,20.66153856384616,21798.0,19772.32692307692,2267.3332519999994,2267.333252,18.0,10.5,2606.0,2581.826923076923,2.987750292,2.658399893653846,0.0,0.0,Windows 11,AMD Ryzen 7 5700X 8-Core Processor,8,34265653248,NVIDIA GeForce RTX 5080,16303.0,,ppo,GridFoodCollector,1024,0.000101,81920,0.00105,0.127,0.929,5.0,constant,True,256,3,simple,,,5,500000,1024,12000
20251202-020854,,14.0,1933.720459,2408.928955,0.0246609534782608,0.0196943228260869,1.9304608867590365,1.641235828,29.89999962,22.06024100963856,18537.0,17642.13855421687,2267.3332520000004,2267.333252,18.0,4.945783132530121,2587.0,2583.4578313253014,3.221003771,2.751354672746988,0.0,0.0,Windows 11,AMD Ryzen 7 5700X 8-Core Processor,8,34265653248,NVIDIA GeForce RTX 5080,16303.0,,ppo,GridFoodCollector,1024,7.2e-05,40960,0.006172,0.296,0.921,5.0,linear,True,128,2,simple,,,5,1000000,128,12000
20251202-024925,,0.25,200.4463501,224.3486176,0.017936613,0.0046509954999999,2.113323390375,2.114896536,27.70000076,25.0812499525,19716.0,18601.875,2267.333252,2267.333252,0.0,0.0,2583.0,2583.0,3.145341396,2.710285037625,0.0,0.0,Windows 11,AMD Ryzen 7 5700X 8-Core Processor,8,34265653248,NVIDIA GeForce RTX 5080,16303.0,,ppo,GridFoodCollector,2048,0.000205,40960,0.004379,0.238,0.947,4.0,linear,True,128,1,simple,,,5,100000,64,12000
20251202-025330,,0.349999994,244.651825,266.9907837,0.016079832,0.003531477,2.11134469475,2.107154131,25.20000076,23.0625,20332.0,18992.0,2267.333252,2267.333252,0.0,0.0,2583.0,2583.0,3.155851841,2.849808812125,0.0,0.0,Windows 11,AMD Ryzen 7 5700X 8-Core Processor,8,34265653248,NVIDIA GeForce RTX 5080,16303.0,,ppo,GridFoodCollector,2048,0.000244,81920,0.002138,0.188,0.945,10.0,constant,True,32,2,simple,,,5,100000,128,12000
20251202-025819,71.0,71.0,4484.691895,4484.691895,0.0346894474025157,0.283191774981132,1.5499773686144578,1.315932274,28.79999924,23.24066263228916,18357.0,18068.37650602409,2267.3332520000004,2267.333252,4.0,0.072289156626506,2584.0,2583.192771084337,3.159351826,2.704098313716868,0.0,0.0,Windows 11,AMD Ryzen 7 5700X 8-Core Processor,8,34265653248,NVIDIA GeForce RTX 5080,16303.0,,ppo,GridFoodCollector,512,0.000164,10240,0.002172,0.264,0.944,3.0,linear,True,256,3,simple,,,5,2000000,128,12000
20251202-041339,0.0,1.0,638.8692627,1027.572266,0.0118227064999999,0.0043199755,2.113110821390244,2.113407135,40.0,23.26097572097561,24496.0,21461.853658536584,2267.333252,2267.333252,0.5,0.0121951219512195,2583.0,2583.0,3.160767555,2.976234848902439,0.0,0.0,Windows 11,AMD Ryzen 7 5700X 8-Core Processor,8,34265653248,NVIDIA GeForce RTX 5080,16303.0,,ppo,GridFoodCollector,4096,0.000177,163840,0.00337,0.122,0.943,3.0,linear,False,64,2,simple,,,5,500000,64,12000
20251202-043207,7.699999809,10.0,1250.205688,1321.015381,0.0349174139999999,0.0165723113,1.9600616210952384,1.769711494,26.60000038,23.01410259333333,18837.0,18220.39743589744,2267.333252,2267.333252,2.0,0.1025641025641025,2584.0,2584.0,3.284587383,2.701820966714286,0.0,0.0,Windows 11,AMD Ryzen 7 5700X 8-Core Processor,8,34265653248,NVIDIA GeForce RTX 5080,16303.0,,ppo,GridFoodCollector,512,6.6e-05,20480,0.004009,0.185,0.908,8.0,constant,True,256,1,simple,,,5,500000,256,12000
20251202-045420,0.0,1.0,1241.054077,1397.879272,0.0344964342380952,0.0019904158095238,2.1123708166341464,2.118241787,26.10000038,22.89390238341464,18548.0,18136.548780487807,2267.333252,2267.333252,2.0,0.0609756097560975,2584.0,2584.0,3.155284166,2.6522101862195115,0.0,0.0,Windows 11,AMD Ryzen 7 5700X 8-Core Processor,8,34265653248,NVIDIA GeForce RTX 5080,16303.0,,ppo,GridFoodCollector,512,1.8e-05,20480,0.00851,0.162,0.931,10.0,constant,True,128,3,simple,,,5,500000,128,12000
20251202-051831,45.25,45.25,,4462.475098,0.0346263778799999,0.02408119218,2.03379215219802,,28.75,23.412871313465345,18268.5,17985.529702970296,2267.333252,2267.333252,2.0,0.2623762376237624,2584.0,2584.0,3.004225731,2.8246602870693067,0.0,0.0,Windows 11,AMD Ryzen 7 5700X 8-Core Processor,8,34265653248,NVIDIA GeForce RTX 5080,16303.0,,ppo,GridFoodCollector,512,2.7e-05,10240,0.007412,0.257,0.937,4.0,constant,True,32,2,simple,,,5,2000000,1024,12000
20251202-063312,0.166666672,0.333333343,,556.1799927,0.0186081349999999,0.0018607085,2.112384649384616,2.112547874,25.04999924,22.965384410769232,21407.5,19687.92307692308,2267.333252,2267.333252,2.0,0.1923076923076923,2584.0,2584.0,3.195129871,2.988254712153846,0.0,0.0,Windows 11,AMD Ryzen 7 5700X 8-Core Processor,8,34265653248,NVIDIA GeForce RTX 5080,16303.0,,ppo,GridFoodCollector,2048,4.5e-05,81920,0.006127,0.208,0.901,4.0,linear,True,128,1,simple,,,5,250000,2048,12000
20251202-064248,0.0,1.0,2207.086914,4236.271484,0.0171746859130434,0.0022131401521739,2.1213438209337347,2.124608994,48.5,23.0542169246988,20262.0,19567.072289156626,2267.3332520000004,2267.333252,2.0,0.072289156626506,2584.0,2584.0,3.208986044,2.889201889548193,0.0,0.0,Windows 11,AMD Ryzen 7 5700X 8-Core Processor,8,34265653248,NVIDIA GeForce RTX 5080,16303.0,,ppo,GridFoodCollector,2048,4.4e-05,40960,0.008982,0.201,0.94,3.0,linear,True,128,1,simple,,,5,2000000,128,12000
20251202-075407,-0.999833465,0.251984537,7.87084198,121.5557251,0.0295505825,0.052848318,1.9188442596153843,1.887577295,25.70000076,11.806249931500002,18205.0,18077.875,2267.3332519999994,2267.333252,1.0,0.875,2584.0,2584.0,0.650867701,0.3680462115384615,0.0,0.0,Windows 11,AMD Ryzen 7 5700X 8-Core Processor,8,34265653248,NVIDIA GeForce RTX 5080,16303.0,,ppo,PushBlock,1024,0.00013,81920,0.005645,0.252,0.936,5.0,constant,True,512,1,simple,,,5,250000,1024,12000
20251202-075623,2.076873779,4.457499981,7.152516842,382.5558777,0.0187121844545454,0.0267846625454545,1.906913763195122,1.879386425,16.5,9.103225784967742,18082.0,17974.774193548386,2267.3332519999994,2267.333252,5.0,0.967741935483871,2584.0,2584.0,0.489933878,0.3108257593170732,0.0,0.0,Windows 11,AMD Ryzen 7 5700X 8-Core Processor,8,34265653248,NVIDIA GeForce RTX 5080,16303.0,,ppo,PushBlock,2048,0.000169,40960,0.006766,0.119,0.947,10.0,constant,True,128,3,simple,,,5,500000,128,12000
20251202-080259,0.398816675,4.743466377,4.712435722,97.57913971,0.0253848925,0.021298346,1.94080801005,1.93385756,24.70000076,14.533333380733332,18237.0,18035.8,2267.3332519999994,2267.333252,1.0,0.9333333333333332,2584.0,2584.0,0.493935347,0.35336133835,0.0,0.0,Windows 11,AMD Ryzen 7 5700X 8-Core Processor,8,34265653248,NVIDIA GeForce RTX 5080,16303.0,,ppo,PushBlock,1024,0.000254,81920,0.005637,0.115,0.921,3.0,constant,True,128,3,simple,,,5,250000,512,12000
20251202-080450,-0.573230803,1.428046107,537.0736694,662.4085083,0.0245263496363636,0.0192098456363636,1.9117877421428573,1.896344066,27.20000076,8.733606533918033,18368.0,18126.61475409836,2267.3332520000004,2267.333252,2.0,0.8360655737704918,2584.0,2584.0,0.730635464,0.3558462635694444,0.0,0.0,Windows 11,AMD Ryzen 7 5700X 8-Core Processor,8,34265653248,NVIDIA GeForce RTX 5080,16303.0,,ppo,PushBlock,1024,1.8e-05,81920,0.009175,0.272,0.901,8.0,linear,False,128,2,simple,,,5,1000000,2048,12000
20251202-081604,-0.093633391,1.133924961,145.5958252,229.2480316,0.0364265546,0.0144585261999999,1.922495842,1.901784301,26.10000038,17.220000075933335,18116.0,18002.666666666668,2267.3332519999994,2267.333252,4.0,1.0,2585.0,2585.0,0.580538154,0.3116447195263158,0.0,0.0,Windows 11,AMD Ryzen 7 5700X 8-Core Processor,8,34265653248,NVIDIA GeForce RTX 5080,16303.0,,ppo,PushBlock,512,8.2e-05,40960,0.009306,0.21,0.939,10.0,linear,False,512,2,simple,,,5,250000,512,12000
20251202-082007,0.080837488,4.809066772,3.235246897,1130.695679,0.0148515585,0.0121612143333333,1.878570582493976,1.830332875,23.0,6.511811012346456,19805.0,19028.15748031496,2267.333252000001,2267.333252,2.0,0.9291338582677166,2585.0,2585.0,0.625990748,0.3564078225963855,0.0,0.0,Windows 11,AMD Ryzen 7 5700X 8-Core Processor,8,34265653248,NVIDIA GeForce RTX 5080,16303.0,,ppo,PushBlock,4096,0.000255,327680,0.006261,0.198,0.919,5.0,constant,False,256,1,simple,,,5,2000000,128,12000
20251202-083910,-0.999992907,4.41260004,7.010042191,45.79376602,0.0229466605,0.0155901355,1.941425636375,1.932261586,22.79999924,19.533333143333333,18018.0,17950.5,2267.333252,2267.333252,5.0,1.5,2585.0,2585.0,0.552873909,0.3102684727499999,0.0,0.0,Windows 11,AMD Ryzen 7 5700X 8-Core Processor,8,34265653248,NVIDIA GeForce RTX 5080,16303.0,,ppo,PushBlock,1024,0.000172,40960,0.001258,0.217,0.904,4.0,constant,True,64,2,simple,,,5,100000,256,12000
20251202-084008,1.723999977,4.906899929,4.653168201,662.9708862,0.035308644554054,0.0604760879594594,1.6301528459638557,1.399231672,27.5,11.826190479142856,18127.0,17974.31746031746,2267.333252000001,2267.333252,2.0,0.8571428571428571,2585.0,2585.0,0.603954375,0.255485823875,0.0,0.0,Windows 11,AMD Ryzen 7 5700X 8-Core Processor,8,34265653248,NVIDIA GeForce RTX 5080,16303.0,,ppo,PushBlock,512,0.00017,10240,0.007937,0.199,0.908,8.0,linear,True,32,1,simple,,,5,1000000,512,12000
20251202-085128,4.561607361,4.775840759,1473.901245,1544.109497,0.036028949347826,0.1865640085434782,1.5331117402515724,1.096787333,29.10000038,8.321374052404579,18246.0,18108.874045801527,2267.3332520000004,2267.333252,1.0,0.7442748091603053,2585.0,2585.0,0.670152187,0.3286409577405063,0.0,0.0,Windows 11,AMD Ryzen 7 5700X 8-Core Processor,8,34265653248,NVIDIA GeForce RTX 5080,16303.0,,ppo,PushBlock,512,0.000179,40960,0.005759,0.17,0.911,10.0,linear,True,32,2,simple,,,5,2000000,1024,12000
20251202-091725,3.433269262,4.842700481,3.338166952,198.9283142,0.0374945304545454,0.0355438952727272,1.89399377715,1.838957906,13.5,9.080000019066668,18126.0,18000.8,2267.3332519999994,2267.333252,1.0,1.0,2586.0,2586.0,0.487233162,0.26614037795,0.0,0.0,Windows 11,AMD Ryzen 7 5700X 8-Core Processor,8,34265653248,NVIDIA GeForce RTX 5080,16303.0,,ppo,PushBlock,512,0.000112,20480,0.002888,0.128,0.917,8.0,constant,True,512,2,simple,,,5,250000,128,12000
20251202-092058,0.286622167,4.445300102,7.113207817,247.8212891,0.026181674,0.0115590032,1.9339129226585363,1.921949387,15.89999962,8.570967705161292,18217.0,18088.322580645163,2267.3332519999994,2267.333252,7.0,1.064516129032258,2586.0,2586.0,0.594205081,0.3419278160487805,0.0,0.0,Windows 11,AMD Ryzen 7 5700X 8-Core Processor,8,34265653248,NVIDIA GeForce RTX 5080,16303.0,,ppo,PushBlock,1024,0.000169,81920,0.001018,0.128,0.906,5.0,constant,True,32,3,simple,,,5,500000,64,12000
20251202-092537,-0.999954581,4.463599682,64.99752045,105.879364,0.0180554408,0.0536123909999999,1.9295492708499995,1.920221686,26.89999962,19.706249774375,18126.0,18016.8125,2267.3332519999994,2267.333252,1.0,0.75,2586.0,2586.0,0.592010319,0.3501530137368421,0.0,0.0,Windows 11,AMD Ryzen 7 5700X 8-Core Processor,8,34265653248,NVIDIA GeForce RTX 5080,16303.0,,ppo,PushBlock,2048,0.000116,40960,0.004019,0.292,0.909,3.0,linear,True,128,1,simple,,,5,250000,512,12000
20251202-092735,-0.539850056,1.234093308,7.974381924,319.0502319,0.0220154007999999,0.026309611,1.86603669815625,1.809360027,24.5,8.586206863724136,18395.0,18234.01724137931,2267.333252,2267.333252,1.0,0.8275862068965517,2586.0,2586.0,0.578138828,0.3436135590645162,0.0,0.0,Windows 11,AMD Ryzen 7 5700X 8-Core Processor,8,34265653248,NVIDIA GeForce RTX 5080,16303.0,,ppo,PushBlock,2048,0.000293,81920,0.009586,0.294,0.931,8.0,constant,True,64,1,simple,,,5,500000,1024,12000
20251202-093307,-0.9999668,0.251199931,7.696671009,107.3813324,0.0311642275,0.00562714675,1.9319456815454543,,26.70000076,12.49230780923077,18267.5,18160.0,2267.333252,2267.333252,1.0,0.7307692307692307,2586.0,2586.0,0.466882646,0.384073355090909,0.0,0.0,Windows 11,AMD Ryzen 7 5700X 8-Core Processor,8,34265653248,NVIDIA GeForce RTX 5080,16303.0,,ppo,PushBlock,512,0.000164,40960,0.00944,0.179,0.91,4.0,linear,False,64,3,simple,,,5,250000,2048,12000
20251202-093515,-0.999533415,4.708499908,4.601320744,68.00822449,0.014813446,0.022401052,1.9400613043333328,1.92309165,30.29999924,21.98571423142857,18776.0,18302.714285714286,2267.333252,2267.333252,3.0,1.2857142857142858,2587.0,2587.0,0.574931324,0.3611537383333333,0.0,0.0,Windows 11,AMD Ryzen 7 5700X 8-Core Processor,8,34265653248,NVIDIA GeForce RTX 5080,16303.0,,ppo,PushBlock,4096,0.000265,81920,0.007804,0.289,0.927,8.0,constant,False,512,1,simple,,,5,100000,512,12000
20251202-093634,3.372724295,4.661599636,14.49139881,1120.736694,0.0130292441666666,0.0879039836666666,1.753684601879518,1.433812737,21.0,7.877343744039062,19042.0,18790.5390625,2267.3332520000004,2267.333252,5.0,0.9375,2587.0,2587.0,0.658465743,0.3486590658433735,0.0,0.0,Windows 11,AMD Ryzen 7 5700X 8-Core Processor,8,34265653248,NVIDIA GeForce RTX 5080,16303.0,,ppo,PushBlock,4096,5.8e-05,81920,0.004784,0.277,0.924,5.0,constant,True,256,1,simple,,,5,2000000,128,12000
20251202-095528,-1.0,4.716400146,4.628019333,185.7205353,0.0395713404666666,0.0142452710666666,1.6532476063333337,1.5604105,26.60000038,20.92500007125,18217.0,18039.125,2267.3332519999994,2267.333252,1.0,0.875,2587.0,2587.0,0.665638268,0.2946748758095238,0.0,0.0,Windows 11,AMD Ryzen 7 5700X 8-Core Processor,8,34265653248,NVIDIA GeForce RTX 5080,16303.0,,ppo,PushBlock,512,0.000199,10240,0.000501,0.281,0.904,10.0,constant,True,128,1,simple,,,5,250000,512,12000
20251202-095846,-0.812692881,4.442699909,6.807480335,49.15465546,0.026347653,0.017611127,1.940643146375,1.92816925,13.19999981,10.420000076,18063.0,18019.2,2267.3332519999994,2267.333252,5.0,1.8,2587.0,2587.0,0.380524576,0.3181467615,0.0,0.0,Windows 11,AMD Ryzen 7 5700X 8-Core Processor,8,34265653248,NVIDIA GeForce RTX 5080,16303.0,,ppo,PushBlock,1024,5.1e-05,40960,0.00679,0.213,0.922,5.0,constant,False,256,1,simple,,,5,100000,128,12000
20251202-095946,1.182312489,2.804492235,848.7178955,1087.85083,0.0125799655,0.0378144859999999,1.9148195937562504,1.897926688,25.70000076,9.035999986711998,19236.0,18924.552,2267.3332520000004,2267.333252,2.0,0.848,2587.0,2587.0,0.636150718,0.3546329629480519,0.0,0.0,Windows 11,AMD Ryzen 7 5700X 8-Core Processor,8,34265653248,NVIDIA GeForce RTX 5080,16303.0,,ppo,PushBlock,4096,0.000268,163840,0.00915,0.196,0.928,5.0,linear,True,32,1,simple,,,5,2000000,1024,12000
20251202-101807,-0.999709129,4.829400539,14.83504677,490.4005432,0.0257039155833333,0.0348847599166666,1.8638725726265064,1.829746604,17.89999962,7.114285707444445,18330.0,18092.126984126982,2267.333252000001,2267.333252,5.0,0.8253968253968254,2587.0,2587.0,0.626279354,0.3282912919397591,0.0,0.0,Windows 11,AMD Ryzen 7 5700X 8-Core Processor,8,34265653248,NVIDIA GeForce RTX 5080,16303.0,,ppo,PushBlock,1024,8.9e-05,81920,0.003015,0.214,0.91,4.0,linear,True,128,1,simple,,,5,1000000,64,12000
20251202-102630,100.0000153,100.0000153,1154.821655,28860.68164,-14.226828517919998,0.0153800097799999,0.0106978746599999,0.117303185,29.20000076,15.3820000836,20665.0,18813.47,2267.333252,2267.333252,20.0,7.68,4716.0,3333.25,0.228247926,0.0395215413399999,0.0,0.0,Windows 11,AMD Ryzen 7 5700X 8-Core Processor,8,34265653248,NVIDIA GeForce RTX 5080,16303.0,,sac,3DBall,1024,8.5e-05,200000,,,,,constant,False,128,3,simple,,,5,500000,512,10000
20251202-182910,100.0000153,100.0000153,1248.145386,32206.77539,-1.954424917675,0.0001310719,-0.6332719933875,-0.572070539,26.68000031,18.20262502445,23940.25,21726.7733155,2267.333252,2267.333252,20.0,9.7039583408625,4762.0,3941.5116668625,0.119654596,0.0196289692625,0.0,0.0,Windows 11,AMD Ryzen 7 5700X 8-Core Processor,8,34265653248,NVIDIA GeForce RTX 5080,16303.0,,sac,3DBall,1024,0.000115,200000,,,,,constant,False,64,2,simple,,,5,2000000,128,25000
20251203-032635,70.72353363,100.0000076,332.3685913,2965.627686,-1.8972759747,0.00027093478,-0.3888252436999999,-0.970574856,34.59999847,25.1419999694,18550.0,18110.8033204,2267.333252,2267.333252,6.0,0.34666666686,2949.0,2949.0,0.327993155,0.03932860158,0.0,0.0,Windows 11,AMD Ryzen 7 5700X 8-Core Processor,8,34265653248,NVIDIA GeForce RTX 5080,16303.0,,sac,3DBall,128,8.6e-05,50000,,,,,constant,False,64,3,simple,,,5,500000,64,10000
20251203-041621,100.0000153,100.0000153,713.4473877,2661.614014,-12.2028913192,0.0066523834999999,0.5904988079999999,0.174619988,27.02499962,24.844499779,18814.5,18610.375195,2267.333252,2267.333252,4.5,1.0350000024,2949.0,2949.0,0.130456507,0.0315323649,0.0,0.0,Windows 11,AMD Ryzen 7 5700X 8-Core Processor,8,34265653248,NVIDIA GeForce RTX 5080,16303.0,,sac,3DBall,256,6.1e-05,100000,,,,,constant,False,512,3,simple,,,5,250000,128,25000
20251203-050104,94.26863861,100.0000076,8068.197266,55575.45313,-10.751448559725,0.0039574547999999,-0.1676403555999999,-0.548188329,27.04444504,25.7070834635,21276.375,19539.696533,2267.333252,2267.333252,15.625,1.15000001215,4397.5,2989.8319458,0.016328022,0.009471131075,0.0,0.0,Windows 11,AMD Ryzen 7 5700X 8-Core Processor,8,34265653248,NVIDIA GeForce RTX 5080,16303.0,,sac,3DBall,1024,5.9e-05,500000,,,,,constant,False,128,3,simple,,,5,2000000,64,50000
20251203-202818,94.11225891,100.0000153,416.8122559,2196.921875,-1.9316526532,0.0011250824,0.2566980867999999,-0.294211775,26.41250038,24.332462121,19818.0,19729.991211,2267.333252,2267.333252,2.0,0.5301767677,2920.0,2920.0,0.147633389,0.0547210451,0.0,0.0,Windows 11,AMD Ryzen 7 5700X 8-Core Processor,8,34265653248,NVIDIA GeForce RTX 5080,16303.0,,sac,3DBall,256,0.000194,200000,,,,,constant,True,32,2,simple,,,5,500000,256,50000
20251125-162650,4.194734573,31.95236015,246.4824982,320.3642883,0.0249455626,0.9296954156,1.4178974152,1.417130828,40.03333282,27.201249982,3742.666748,3675.0208374,2536.0,2536.0,-1.0,-1.0,-1.0,-1.0,10.42071819,8.345954537099999,219.09375,198.861328125,macOS,Apple M2,8,8589934592,Chipset Model: Apple M2,,,ppo,Crawler,1024,5e-05,40960,0.003972,0.293,0.925,8.0,linear,True,256,1,simple,,,5,250000,1024,12000
20251125-162650,4.194734573,31.95236015,246.4824982,320.3642883,0.0249455626,0.9296954156,1.4178974152,1.417130828,40.03333282,27.201249982,3742.666748,3675.0208374,2536.0,2536.0,-1.0,-1.0,-1.0,-1.0,10.42071819,8.345954537099999,219.09375,198.861328125,macOS,Apple M2,8,8589934592,Chipset Model: Apple M2,,,ppo,Crawler,1024,5e-05,40960,0.003972,0.293,0.925,8.0,linear,True,256,1,simple,,,5,250000,1024,12000
20251125-200635,362.721344,482.6182251,1324.289185,1380.346802,0.0345877543829787,5.8283438204468085,1.39710426473494,1.344533324,33.13333511,26.888554125060235,3709.333252,3667.58432853012,2536.0,2536.0,-1.0,-1.0,-1.0,-1.0,9.922128677,8.280832612385543,217.546875,199.82123501325304,macOS,Apple M2,8,8589934592,Chipset Model: Apple M2,,,ppo,Crawler,512,0.000123,20480,0.006019,0.296,0.932,10.0,constant,False,128,1,simple,,,5,1000000,2048,12000
20251125-200635,362.721344,482.6182251,1324.289185,1380.346802,0.0345877543829787,5.8283438204468085,1.39710426473494,1.344533324,33.13333511,26.888554125060235,3709.333252,3667.58432853012,2536.0,2536.0,-1.0,-1.0,-1.0,-1.0,9.922128677,8.280832612385543,217.546875,199.82123501325304,macOS,Apple M2,8,8589934592,Chipset Model: Apple M2,,,ppo,Crawler,512,0.000123,20480,0.006019,0.296,0.932,10.0,constant,False,128,1,simple,,,5,1000000,2048,12000
20251125-233508,-0.387090653,-0.288494349,311.2296143,337.8468933,0.017931234,0.5188604295,1.4192556679000004,1.419307828,32.76666641,24.266249752,3840.25,3801.6083252,2536.0,2536.0,-1.0,-1.0,-1.0,-1.0,8.167058945,7.26600854405,223.859375,214.59054718,macOS,Apple M2,8,8589934592,Chipset Model: Apple M2,,,ppo,Crawler,2048,9.4e-05,81920,0.005132,0.225,0.939,4.0,linear,True,32,2,simple,,,5,250000,512,12000
20251125-233508,-0.387090653,-0.288494349,311.2296143,337.8468933,0.017931234,0.5188604295,1.4192556679000004,1.419307828,32.76666641,24.266249752,3840.25,3801.6083252,2536.0,2536.0,-1.0,-1.0,-1.0,-1.0,8.167058945,7.26600854405,223.859375,214.59054718,macOS,Apple M2,8,8589934592,Chipset Model: Apple M2,,,ppo,Crawler,2048,9.4e-05,81920,0.005132,0.225,0.939,4.0,linear,True,32,2,simple,,,5,250000,512,12000
20251125-234111,53.81033325,85.54816437,564.3996582,9030.234375,0.0349495345454545,0.8641281941818182,1.4217331816341463,1.425554991,37.75,25.799999934634144,3834.5,3784.924798731707,2536.0,2536.0,-1.0,-1.0,-1.0,-1.0,9.521017075,8.028272011756098,249.4375,224.31953132439023,macOS,Apple M2,8,8589934592,Chipset Model: Apple M2,,,ppo,Crawler,512,0.000189,40960,0.005634,0.108,0.931,3.0,constant,False,256,1,simple,,,5,500000,512,12000
20251125-234111,53.81033325,85.54816437,564.3996582,9030.234375,0.0349495345454545,0.8641281941818182,1.4217331816341463,1.425554991,37.75,25.799999934634144,3834.5,3784.924798731707,2536.0,2536.0,-1.0,-1.0,-1.0,-1.0,9.521017075,8.028272011756098,249.4375,224.31953132439023,macOS,Apple M2,8,8589934592,Chipset Model: Apple M2,,,ppo,Crawler,512,0.000189,40960,0.005634,0.108,0.931,3.0,constant,False,256,1,simple,,,5,500000,512,12000
20251125-163243,25.73763657,25.73763657,294.0444946,294.0444946,0.0184753955,0.659172565,1.41173617245,1.404268265,40.63333511,27.9895835875,3669.5,3627.4041626,2536.0,2536.0,-1.0,-1.0,-1.0,-1.0,10.55310917,9.0989088049,226.5625,218.162109375,macOS,Apple M2,8,8589934592,Chipset Model: Apple M2,,,ppo,Crawler,2048,0.000293,81920,0.001403,0.243,0.93,4.0,constant,False,512,1,simple,,,5,250000,1024,12000
20251125-163243,25.73763657,25.73763657,294.0444946,294.0444946,0.0184753955,0.659172565,1.41173617245,1.404268265,40.63333511,27.9895835875,3669.5,3627.4041626,2536.0,2536.0,-1.0,-1.0,-1.0,-1.0,10.55310917,9.0989088049,226.5625,218.162109375,macOS,Apple M2,8,8589934592,Chipset Model: Apple M2,,,ppo,Crawler,2048,0.000293,81920,0.001403,0.243,0.93,4.0,constant,False,512,1,simple,,,5,250000,1024,12000
20251126-074438,-0.448932886,-0.448932886,12931.33691,12931.33691,0.017492797,0.1829955353333333,1.419111306902439,1.418741226,50.72499847,31.138861678536585,3564.25,3426.0308867804883,2536.0,2536.0,-1.0,-1.0,-1.0,-1.0,8.287148476,5.135755949878049,177.2265625,105.68235518292684,macOS,Apple M2,8,8589934592,Chipset Model: Apple M2,,,ppo,Crawler,2048,0.000204,163840,0.001317,0.103,0.903,4.0,constant,False,64,2,simple,,,5,500000,1024,12000
20251126-074438,-0.448932886,-0.448932886,12931.33691,12931.33691,0.017492797,0.1829955353333333,1.419111306902439,1.418741226,50.72499847,31.138861678536585,3564.25,3426.0308867804883,2536.0,2536.0,-1.0,-1.0,-1.0,-1.0,8.287148476,5.135755949878049,177.2265625,105.68235518292684,macOS,Apple M2,8,8589934592,Chipset Model: Apple M2,,,ppo,Crawler,2048,0.000204,163840,0.001317,0.103,0.903,4.0,constant,False,64,2,simple,,,5,500000,1024,12000
20251125-191135,0.854435563,0.854435563,348.589325,348.589325,0.0255584215,0.1883840115,1.41933718905,1.41815722,31.73333359,25.056249809,3683.0,3655.0041382,2536.0,2536.0,-1.0,-1.0,-1.0,-1.0,9.115879059,7.673351717049999,221.609375,208.87257843,macOS,Apple M2,8,8589934592,Chipset Model: Apple M2,,,ppo,Crawler,1024,0.00022,81920,0.009322,0.157,0.915,10.0,linear,False,32,3,simple,,,5,250000,1024,12000
20251125-191135,0.854435563,0.854435563,348.589325,348.589325,0.0255584215,0.1883840115,1.41933718905,1.41815722,31.73333359,25.056249809,3683.0,3655.0041382,2536.0,2536.0,-1.0,-1.0,-1.0,-1.0,9.115879059,7.673351717049999,221.609375,208.87257843,macOS,Apple M2,8,8589934592,Chipset Model: Apple M2,,,ppo,Crawler,1024,0.00022,81920,0.009322,0.157,0.915,10.0,linear,False,32,3,simple,,,5,250000,1024,12000
20251125-202945,45.04515457,54.47411346,542.8293457,646.9974976,0.0130099988,0.2807575016,1.418471289780488,1.418765187,34.56666565,25.68861789195122,3683.0,3638.713420585366,2536.0,2536.0,-1.0,-1.0,-1.0,-1.0,9.561257362,8.331624170609757,198.765625,188.9456556365853,macOS,Apple M2,8,8589934592,Chipset Model: Apple M2,,,ppo,Crawler,4096,0.000292,81920,0.007736,0.29,0.937,3.0,linear,True,64,2,simple,,,5,500000,512,12000
20251125-202945,45.04515457,54.47411346,542.8293457,646.9974976,0.0130099988,0.2807575016,1.418471289780488,1.418765187,34.56666565,25.68861789195122,3683.0,3638.713420585366,2536.0,2536.0,-1.0,-1.0,-1.0,-1.0,9.561257362,8.331624170609757,198.765625,188.9456556365853,macOS,Apple M2,8,8589934592,Chipset Model: Apple M2,,,ppo,Crawler,4096,0.000292,81920,0.007736,0.29,0.937,3.0,linear,True,64,2,simple,,,5,500000,512,12000
20251125-222515,0.645154119,1.14298749,680.9783936,693.7600098,0.0118238883333333,0.1984544493333333,1.4177419848780486,1.415994287,34.86666489,24.81056906536585,3684.25,3573.786591317073,2536.0,2536.0,-1.0,-1.0,-1.0,-1.0,9.054042816,7.653143952536586,216.125,182.96147118536584,macOS,Apple M2,8,8589934592,Chipset Model: Apple M2,,,ppo,Crawler,4096,0.000143,163840,0.001821,0.175,0.901,5.0,linear,True,128,2,simple,,,5,500000,1024,12000
20251125-222515,0.645154119,1.14298749,680.9783936,693.7600098,0.0118238883333333,0.1984544493333333,1.4177419848780486,1.415994287,34.86666489,24.81056906536585,3684.25,3573.786591317073,2536.0,2536.0,-1.0,-1.0,-1.0,-1.0,9.054042816,7.653143952536586,216.125,182.96147118536584,macOS,Apple M2,8,8589934592,Chipset Model: Apple M2,,,ppo,Crawler,4096,0.000143,163840,0.001821,0.175,0.901,5.0,linear,True,128,2,simple,,,5,500000,1024,12000
20251125-161808,-0.449637622,-0.133854181,439.1213989,494.2449951,0.0121793905,0.391235694,1.4193709491,1.41968286,34.625,26.9420834545,3853.75,3677.95,2536.0,2536.0,-1.0,-1.0,-1.0,-1.0,8.279135704,5.329132807200001,179.6242218,128.77886733999998,macOS,Apple M2,8,8589934592,Chipset Model: Apple M2,,,ppo,Crawler,4096,4.2e-05,81920,0.003347,0.247,0.926,4.0,constant,True,128,2,simple,,,5,250000,2048,12000
20251125-161808,-0.449637622,-0.133854181,439.1213989,494.2449951,0.0121793905,0.391235694,1.4193709491,1.41968286,34.625,26.9420834545,3853.75,3677.95,2536.0,2536.0,-1.0,-1.0,-1.0,-1.0,8.279135704,5.329132807200001,179.6242218,128.77886733999998,macOS,Apple M2,8,8589934592,Chipset Model: Apple M2,,,ppo,Crawler,4096,4.2e-05,81920,0.003347,0.247,0.926,4.0,constant,True,128,2,simple,,,5,250000,2048,12000
20251126-063500,-0.840597868,-0.840597868,3202.463379,3202.463379,0.024557436,0.297467619,1.4194580166250002,1.422481775,55.97499847,33.764999865,3792.75,3625.368743875,2536.0,2536.0,-1.0,-1.0,-1.0,-1.0,5.11687851,2.5390905738750003,174.1632843,113.98017597125,macOS,Apple M2,8,8589934592,Chipset Model: Apple M2,,,ppo,Crawler,1024,0.000264,81920,0.009584,0.118,0.902,10.0,constant,False,256,2,simple,,,5,100000,1024,12000
20251126-063500,-0.840597868,-0.840597868,3202.463379,3202.463379,0.024557436,0.297467619,1.4194580166250002,1.422481775,55.97499847,33.764999865,3792.75,3625.368743875,2536.0,2536.0,-1.0,-1.0,-1.0,-1.0,5.11687851,2.5390905738750003,174.1632843,113.98017597125,macOS,Apple M2,8,8589934592,Chipset Model: Apple M2,,,ppo,Crawler,1024,0.000264,81920,0.009584,0.118,0.902,10.0,constant,False,256,2,simple,,,5,100000,1024,12000
20251126-112043,0.270798802,0.591891944,384.0083618,437.8096313,0.018592481,0.47818318,1.4185349820500002,1.417668581,46.16666794,31.0200001715,3469.0,3336.5541626,2536.0,2536.0,-1.0,-1.0,-1.0,-1.0,9.12720108,6.648974943149999,196.5609436,120.184687805,macOS,Apple M2,8,8589934592,Chipset Model: Apple M2,,,ppo,Crawler,2048,4.6e-05,163840,0.003656,0.243,0.95,4.0,constant,False,512,3,simple,,,5,250000,64,12000
20251126-112043,0.270798802,0.591891944,384.0083618,437.8096313,0.018592481,0.47818318,1.4185349820500002,1.417668581,46.16666794,31.0200001715,3469.0,3336.5541626,2536.0,2536.0,-1.0,-1.0,-1.0,-1.0,9.12720108,6.648974943149999,196.5609436,120.184687805,macOS,Apple M2,8,8589934592,Chipset Model: Apple M2,,,ppo,Crawler,2048,4.6e-05,163840,0.003656,0.243,0.95,4.0,constant,False,512,3,simple,,,5,250000,64,12000
20251125-232910,-0.487193316,-0.261464119,284.8919067,339.4754944,0.013349667,0.193898022,1.41826254125,1.416808963,25.16666603,23.2837500575,3839.25,3792.5124878,2536.0,2536.0,-1.0,-1.0,-1.0,-1.0,8.234546661,6.75721640585,221.421875,186.413594055,macOS,Apple M2,8,8589934592,Chipset Model: Apple M2,,,ppo,Crawler,4096,0.000195,163840,0.001785,0.237,0.943,4.0,constant,False,32,2,simple,,,5,250000,64,12000
20251125-232910,-0.487193316,-0.261464119,284.8919067,339.4754944,0.013349667,0.193898022,1.41826254125,1.416808963,25.16666603,23.2837500575,3839.25,3792.5124878,2536.0,2536.0,-1.0,-1.0,-1.0,-1.0,8.234546661,6.75721640585,221.421875,186.413594055,macOS,Apple M2,8,8589934592,Chipset Model: Apple M2,,,ppo,Crawler,4096,0.000195,163840,0.001785,0.237,0.943,4.0,constant,False,32,2,simple,,,5,250000,64,12000
20251125-180906,-0.642606795,-0.356202424,278.2786865,348.5010681,0.011780431,0.21194151,1.41846335525,1.417442203,23.76666641,22.8979165075,3747.25,3656.9958252000006,2536.0,2536.0,-1.0,-1.0,-1.0,-1.0,8.039723396,6.995658826800001,220.375,191.925390625,macOS,Apple M2,8,8589934592,Chipset Model: Apple M2,,,ppo,Crawler,4096,0.000208,163840,0.000252,0.287,0.924,4.0,linear,True,256,2,simple,,,5,250000,64,12000
20251125-180906,-0.642606795,-0.356202424,278.2786865,348.5010681,0.011780431,0.21194151,1.41846335525,1.417442203,23.76666641,22.8979165075,3747.25,3656.9958252000006,2536.0,2536.0,-1.0,-1.0,-1.0,-1.0,8.039723396,6.995658826800001,220.375,191.925390625,macOS,Apple M2,8,8589934592,Chipset Model: Apple M2,,,ppo,Crawler,4096,0.000208,163840,0.000252,0.287,0.924,4.0,linear,True,256,2,simple,,,5,250000,64,12000
20251125-232316,19.37168694,46.23410797,317.0788269,329.17276,0.0357143934,0.9116531314,1.4152893006,1.411560416,35.93333435,25.807499981,3840.333252,3822.2874878,2536.0,2536.0,-1.0,-1.0,-1.0,-1.0,9.416611671,7.898055839499999,225.484375,209.62527313,macOS,Apple M2,8,8589934592,Chipset Model: Apple M2,,,ppo,Crawler,512,7.2e-05,40960,0.001114,0.293,0.906,4.0,constant,False,64,3,simple,,,5,250000,2048,12000
20251125-232316,19.37168694,46.23410797,317.0788269,329.17276,0.0357143934,0.9116531314,1.4152893006,1.411560416,35.93333435,25.807499981,3840.333252,3822.2874878,2536.0,2536.0,-1.0,-1.0,-1.0,-1.0,9.416611671,7.898055839499999,225.484375,209.62527313,macOS,Apple M2,8,8589934592,Chipset Model: Apple M2,,,ppo,Crawler,512,7.2e-05,40960,0.001114,0.293,0.906,4.0,constant,False,64,3,simple,,,5,250000,2048,12000
20251125-204057,327.9593201,868.3334351,2452.097412,2699.890137,0.0124708481666666,2.6494869421666665,1.3859771102710845,1.344686389,32.70000076,25.46755019759036,3686.25,3611.46686746988,2536.0,2536.0,-1.0,-1.0,-1.0,-1.0,9.831790924,8.351647603963855,217.5,182.4225291975904,macOS,Apple M2,8,8589934592,Chipset Model: Apple M2,,,ppo,Crawler,4096,0.000254,81920,0.000539,0.171,0.914,4.0,constant,True,256,1,simple,,,5,2000000,2048,12000
20251125-204057,327.9593201,868.3334351,2452.097412,2699.890137,0.0124708481666666,2.6494869421666665,1.3859771102710845,1.344686389,32.70000076,25.46755019759036,3686.25,3611.46686746988,2536.0,2536.0,-1.0,-1.0,-1.0,-1.0,9.831790924,8.351647603963855,217.5,182.4225291975904,macOS,Apple M2,8,8589934592,Chipset Model: Apple M2,,,ppo,Crawler,4096,0.000254,81920,0.000539,0.171,0.914,4.0,constant,True,256,1,simple,,,5,2000000,2048,12000
20251125-155424,80.07778931,105.4299927,1357.98877,1406.019165,0.01777589075,1.2154847744166666,1.416748851192771,1.415941358,45.15000153,27.519879398433737,3862.666748,3481.1204966265063,2536.0,2536.0,-1.0,-1.0,-1.0,-1.0,9.521183968,8.07679244120482,213.4296875,135.89086978397592,macOS,Apple M2,8,8589934592,Chipset Model: Apple M2,,,ppo,Crawler,2048,0.000102,81920,0.005654,0.19,0.924,4.0,linear,False,256,3,simple,,,5,1000000,64,12000
20251125-155424,80.07778931,105.4299927,1357.98877,1406.019165,0.01777589075,1.2154847744166666,1.416748851192771,1.415941358,45.15000153,27.519879398433737,3862.666748,3481.1204966265063,2536.0,2536.0,-1.0,-1.0,-1.0,-1.0,9.521183968,8.07679244120482,213.4296875,135.89086978397592,macOS,Apple M2,8,8589934592,Chipset Model: Apple M2,,,ppo,Crawler,2048,0.000102,81920,0.005654,0.19,0.924,4.0,linear,False,256,3,simple,,,5,1000000,64,12000
20251125-212621,36.85333252,54.35910416,350.1434937,406.6421204,0.0247871942,0.7311928271999999,1.4188003718,1.42015636,34.06666565,24.4708333965,3639.5,3625.5291748,2536.0,2536.0,-1.0,-1.0,-1.0,-1.0,8.312493324,6.8715530395,216.625,166.3953125,macOS,Apple M2,8,8589934592,Chipset Model: Apple M2,,,ppo,Crawler,1024,2.2e-05,40960,0.009789,0.226,0.946,10.0,constant,True,512,3,simple,,,5,250000,2048,12000
20251125-212621,36.85333252,54.35910416,350.1434937,406.6421204,0.0247871942,0.7311928271999999,1.4188003718,1.42015636,34.06666565,24.4708333965,3639.5,3625.5291748,2536.0,2536.0,-1.0,-1.0,-1.0,-1.0,8.312493324,6.8715530395,216.625,166.3953125,macOS,Apple M2,8,8589934592,Chipset Model: Apple M2,,,ppo,Crawler,1024,2.2e-05,40960,0.009789,0.226,0.946,10.0,constant,True,512,3,simple,,,5,250000,2048,12000
20251125-163807,376.0584106,410.9083252,2256.422119,2473.314453,0.0346839008125,3.490369154604166,1.4567063989036144,1.457391143,29.93333244,25.957981959578312,3780.5,3731.621987951807,2536.0,2536.0,-1.0,-1.0,-1.0,-1.0,10.1432972,8.82101952022289,294.171875,259.86567678795177,macOS,Apple M2,8,8589934592,Chipset Model: Apple M2,,,ppo,Crawler,512,0.00018,40960,0.007519,0.187,0.924,3.0,constant,False,256,1,simple,,,5,2000000,512,12000
20251125-163807,376.0584106,410.9083252,2256.422119,2473.314453,0.0346839008125,3.490369154604166,1.4567063989036144,1.457391143,29.93333244,25.957981959578312,3780.5,3731.621987951807,2536.0,2536.0,-1.0,-1.0,-1.0,-1.0,10.1432972,8.82101952022289,294.171875,259.86567678795177,macOS,Apple M2,8,8589934592,Chipset Model: Apple M2,,,ppo,Crawler,512,0.00018,40960,0.007519,0.187,0.924,3.0,constant,False,256,1,simple,,,5,2000000,512,12000
20251125-182736,214.1143341,350.5280151,2321.720703,2618.685303,0.016998948,2.446561834458333,1.436864877253012,1.445638895,34.0,25.79101406216867,3720.5,3648.380521108434,2536.0,2536.0,-1.0,-1.0,-1.0,-1.0,9.866409302,8.632968487493978,221.625,175.13257249578314,macOS,Apple M2,8,8589934592,Chipset Model: Apple M2,,,ppo,Crawler,2048,0.00026,81920,0.009101,0.193,0.922,3.0,linear,True,64,1,simple,,,5,2000000,512,12000
20251125-182736,214.1143341,350.5280151,2321.720703,2618.685303,0.016998948,2.446561834458333,1.436864877253012,1.445638895,34.0,25.79101406216867,3720.5,3648.380521108434,2536.0,2536.0,-1.0,-1.0,-1.0,-1.0,9.866409302,8.632968487493978,221.625,175.13257249578314,macOS,Apple M2,8,8589934592,Chipset Model: Apple M2,,,ppo,Crawler,2048,0.00026,81920,0.009101,0.193,0.922,3.0,linear,True,64,1,simple,,,5,2000000,512,12000
20251125-181514,239.2243805,239.2243805,720.579895,720.579895,0.024531596347826,1.274355635652174,1.411257889195122,1.409058213,28.20000076,24.682926736097563,3743.0,3680.609756097561,2536.0,2536.0,-1.0,-1.0,-1.0,-1.0,8.957985878,7.530724746414633,242.34375,226.54397880731707,macOS,Apple M2,8,8589934592,Chipset Model: Apple M2,,,ppo,Crawler,1024,0.000278,20480,0.006859,0.186,0.932,10.0,linear,False,64,2,simple,,,5,500000,64,12000
20251125-181514,239.2243805,239.2243805,720.579895,720.579895,0.024531596347826,1.274355635652174,1.411257889195122,1.409058213,28.20000076,24.682926736097563,3743.0,3680.609756097561,2536.0,2536.0,-1.0,-1.0,-1.0,-1.0,8.957985878,7.530724746414633,242.34375,226.54397880731707,macOS,Apple M2,8,8589934592,Chipset Model: Apple M2,,,ppo,Crawler,1024,0.000278,20480,0.006859,0.186,0.932,10.0,linear,False,64,2,simple,,,5,500000,64,12000
20251125-213347,1011.520569,1696.693604,2801.15332,3067.025879,0.0348038243999999,4.428250915389474,1.335837676578313,1.290213108,29.33333397,25.38177708560241,3661.0,3625.2459819759033,2536.0,2536.0,-1.0,-1.0,-1.0,-1.0,9.345248222,7.48079638596988,274.9375,224.5623964975904,macOS,Apple M2,8,8589934592,Chipset Model: Apple M2,,,ppo,Crawler,512,8.9e-05,20480,0.002071,0.145,0.933,10.0,linear,True,256,3,simple,,,5,2000000,2048,12000
20251125-213347,1011.520569,1696.693604,2801.15332,3067.025879,0.0348038243999999,4.428250915389474,1.335837676578313,1.290213108,29.33333397,25.38177708560241,3661.0,3625.2459819759033,2536.0,2536.0,-1.0,-1.0,-1.0,-1.0,9.345248222,7.48079638596988,274.9375,224.5623964975904,macOS,Apple M2,8,8589934592,Chipset Model: Apple M2,,,ppo,Crawler,512,8.9e-05,20480,0.002071,0.145,0.933,10.0,linear,True,256,3,simple,,,5,2000000,2048,12000
20251125-223725,477.0981445,842.366333,2610.78125,2732.996826,0.0347709804791666,3.4239139259583333,1.3858456044096386,1.332451463,38.0,25.74216864481928,3826.5,3701.199796746988,2536.0,2536.0,-1.0,-1.0,-1.0,-1.0,9.237534523,8.313866839367469,216.125,179.87287277771085,macOS,Apple M2,8,8589934592,Chipset Model: Apple M2,,,ppo,Crawler,512,8.6e-05,40960,0.00344,0.3,0.929,4.0,constant,False,512,1,simple,,,5,2000000,128,12000
20251125-223725,477.0981445,842.366333,2610.78125,2732.996826,0.0347709804791666,3.4239139259583333,1.3858456044096386,1.332451463,38.0,25.74216864481928,3826.5,3701.199796746988,2536.0,2536.0,-1.0,-1.0,-1.0,-1.0,9.237534523,8.313866839367469,216.125,179.87287277771085,macOS,Apple M2,8,8589934592,Chipset Model: Apple M2,,,ppo,Crawler,512,8.6e-05,40960,0.00344,0.3,0.929,4.0,constant,False,512,1,simple,,,5,2000000,128,12000
20251125-171940,232.984787,576.8876343,2611.556396,2946.454346,0.024530860875,0.9457363070416668,1.4335153576927713,1.427743793,36.70000076,24.33463856120482,3772.5,3716.6014095421688,2536.0,2536.0,-1.0,-1.0,-1.0,-1.0,9.749978065,7.8794520849036145,232.84375,188.10725715361448,macOS,Apple M2,8,8589934592,Chipset Model: Apple M2,,,ppo,Crawler,1024,0.000242,81920,0.009234,0.189,0.941,5.0,linear,False,256,3,simple,,,5,2000000,256,12000
20251125-171940,232.984787,576.8876343,2611.556396,2946.454346,0.024530860875,0.9457363070416668,1.4335153576927713,1.427743793,36.70000076,24.33463856120482,3772.5,3716.6014095421688,2536.0,2536.0,-1.0,-1.0,-1.0,-1.0,9.749978065,7.8794520849036145,232.84375,188.10725715361448,macOS,Apple M2,8,8589934592,Chipset Model: Apple M2,,,ppo,Crawler,1024,0.000242,81920,0.009234,0.189,0.941,5.0,linear,False,256,3,simple,,,5,2000000,256,12000
20251125-191758,491.6560974,1081.983765,2719.676514,2898.273926,0.0352521211041666,11.588328700375,1.2097245213915662,0.963788092,33.45000076,26.361897606626503,3697.0,3664.361947301205,2536.0,2536.0,-1.0,-1.0,-1.0,-1.0,10.12710381,8.263942586469879,229.390625,194.96583207831324,macOS,Apple M2,8,8589934592,Chipset Model: Apple M2,,,ppo,Crawler,512,0.000283,40960,0.005018,0.128,0.935,10.0,constant,False,256,2,simple,,,5,2000000,256,12000
20251125-191758,491.6560974,1081.983765,2719.676514,2898.273926,0.0352521211041666,11.588328700375,1.2097245213915662,0.963788092,33.45000076,26.361897606626503,3697.0,3664.361947301205,2536.0,2536.0,-1.0,-1.0,-1.0,-1.0,10.12710381,8.263942586469879,229.390625,194.96583207831324,macOS,Apple M2,8,8589934592,Chipset Model: Apple M2,,,ppo,Crawler,512,0.000283,40960,0.005018,0.128,0.935,10.0,constant,False,256,2,simple,,,5,2000000,256,12000
20251126-112820,0.124904536,0.569064081,2998.9646,4300.607422,0.0127226983333333,0.2056021043333333,1.418163758804878,1.417464733,53.06666565,31.490772386829267,3486.666748,3200.7979706585365,2536.0,2536.0,-1.0,-1.0,-1.0,-1.0,8.27885437,3.563144817902439,215.53125,91.7678163107317,macOS,Apple M2,8,8589934592,Chipset Model: Apple M2,,,ppo,Crawler,4096,5e-05,163840,0.009116,0.212,0.911,5.0,linear,False,128,3,simple,,,5,500000,128,12000
20251126-112820,0.124904536,0.569064081,2998.9646,4300.607422,0.0127226983333333,0.2056021043333333,1.418163758804878,1.417464733,53.06666565,31.490772386829267,3486.666748,3200.7979706585365,2536.0,2536.0,-1.0,-1.0,-1.0,-1.0,8.27885437,3.563144817902439,215.53125,91.7678163107317,macOS,Apple M2,8,8589934592,Chipset Model: Apple M2,,,ppo,Crawler,4096,5e-05,163840,0.009116,0.212,0.911,5.0,linear,False,128,3,simple,,,5,500000,128,12000
20251127-141734,-0.300000012,-0.300000012,577.623291,577.623291,2.913111925,0.002010785,2.028073788,2.028073788,24.63333321,24.63333321,3760.0,3760.0,2536.0,2536.0,-1.0,-1.0,-1.0,-1.0,6.222749233,6.222749233,181.5205994,181.5205994,macOS,Apple M2,8,8589934592,Chipset Model: Apple M2,,,sac,GridFoodCollector,128,0.000199,50000,,,,,constant,True,128,2,simple,,,5,500000,512,25000
20251127-140153,4.980579376,13.60802841,787.0327148,898.3235474,-351.28152541900005,10.7178326851,0.8841065706,0.742800295,26.23999977,23.668285561,3979.285645,3867.7985841,2536.0,2536.0,-1.0,-1.0,-1.0,-1.0,3.634931326,3.2135207891999995,177.8203125,158.639113607,macOS,Apple M2,8,8589934592,Chipset Model: Apple M2,,,sac,Crawler,128,5.1e-05,500000,,,,,constant,True,32,2,simple,,,5,250000,2048,25000
20251127-093019,0.865324974,0.883473098,2718.696045,2777.342041,0.0353597041463414,0.0660526964146341,0.9223142280975608,0.379045308,43.84999847,24.857316924146343,3585.0,3374.581310731707,2536.0,2536.0,-1.0,-1.0,-1.0,-1.0,6.114064217,2.495303837292683,179.003479,127.22222211463416,macOS,Apple M2,8,8589934592,Chipset Model: Apple M2,,,ppo,GridWorld,512,0.00017,10240,0.000761,0.199,0.931,8.0,linear,True,32,3,simple,,,5,500000,64,12000
20251127-112104,-0.651715338,-0.647971749,62.73487854,147.1793213,0.0171057719999999,0.1781423015,1.420361176,1.42245996,34.96666718,28.6385417,3616.666748,3513.3333435,2536.0,2536.0,-1.0,-1.0,-1.0,-1.0,9.790484428,8.87640970925,212.265625,199.285058975,macOS,Apple M2,8,8589934592,Chipset Model: Apple M2,,,ppo,Walker,2048,0.000127,40960,0.004604,0.141,0.937,4.0,constant,True,64,2,simple,,,5,100000,512,12000
20251126-233714,2.179451942,2.179451942,192.3317566,192.3317566,0.0242978347999999,0.0667696236,1.4075796782,1.391699553,42.56666565,21.952499867,4300.666504,4069.7416382,2536.0,2536.0,-1.0,-1.0,-1.0,-1.0,4.574923515,4.1226887225,213.4661407,188.45708236,macOS,Apple M2,8,8589934592,Chipset Model: Apple M2,,,ppo,3DBall,1024,0.000103,40960,0.00752,0.202,0.919,8.0,constant,False,32,3,simple,,,5,250000,1024,12000
20251127-001916,0.0,0.454545468,27.92207146,33047.97266,0.011727839,0.00502863,2.112204038,2.112471104,42.95000076,26.769230476153844,4006.0,3685.8846153846152,2536.0,2536.0,-1.0,-1.0,-1.0,-1.0,9.25514698,6.478749383461538,213.5757751,126.38187466076924,macOS,Apple M2,8,8589934592,Chipset Model: Apple M2,,,ppo,GridFoodCollector,4096,0.000159,163840,0.008613,0.261,0.939,3.0,linear,False,64,1,simple,,,5,250000,1024,12000
20251127-104534,-1.004328609,-0.796930015,1071.8125,1936.36084,0.0172924026,0.0086821472,3.260839072707317,3.25293684,37.56666565,21.85975609756097,3471.666748,3318.10568907317,2536.0,2536.0,-1.0,-1.0,-1.0,-1.0,2.625304461,2.507686574268293,117.71875,103.8272059387805,macOS,Apple M2,8,8589934592,Chipset Model: Apple M2,,,ppo,Sorter,2048,5.6e-05,81920,0.007741,0.27,0.942,8.0,linear,True,64,2,simple,,,5,500000,1024,12000
20251127-000557,1.21579957,1.266666651,69.45818329,97.18003082,0.017043805,0.104880072,1.422386512,1.424867034,24.83333397,20.0312502375,4018.0,3956.4375,2536.0,2536.0,-1.0,-1.0,-1.0,-1.0,3.574131727,3.370121419375,237.5500031,223.10240745,macOS,Apple M2,8,8589934592,Chipset Model: Apple M2,,,ppo,3DBallHard,2048,0.00028,40960,0.005148,0.142,0.921,8.0,linear,False,128,3,simple,,,5,100000,1024,12000
20251127-112512,80.75834656,100.0000153,1133.815552,6029.525391,-19.075061083,0.0061438308,-0.0886054094,-0.321393281,28.06666756,18.443749857,3989.625,3585.5118042000004,2536.0,2536.0,-1.0,-1.0,-1.0,-1.0,0.745885909,0.6038412362999999,117.2049026,88.716380307,macOS,Apple M2,8,8589934592,Chipset Model: Apple M2,,,sac,3DBall,512,0.000172,500000,,,,,constant,True,32,2,simple,,,5,1000000,128,50000
20251127-101754,-0.999889016,-0.999889016,31.94516754,249.7064514,0.026200018,0.004423668,1.5963825100952378,1.578546882,45.5,22.36904761952381,3495.0,3425.0,2536.0,2536.0,-1.0,-1.0,-1.0,-1.0,4.412462711,4.197371312523809,188.171875,164.92981248571428,macOS,Apple M2,8,8589934592,Chipset Model: Apple M2,,,ppo,Hallway,1024,0.000279,81920,0.008109,0.205,0.941,10.0,constant,True,256,1,simple,,,5,250000,1024,12000
20251127-104007,-0.999987543,1.335000038,12.26107216,299.012146,0.0247059055,0.0170358325,1.6053303241,1.598192811,46.0,26.840000057500003,3428.5,3357.425,2536.0,2536.0,-1.0,-1.0,-1.0,-1.0,4.782376766,4.38917741775,237.03125,210.083361065,macOS,Apple M2,8,8589934592,Chipset Model: Apple M2,,,ppo,Pyramids,1024,0.000119,81920,0.002295,0.278,0.922,3.0,linear,True,64,2,simple,,,5,250000,64,12000
20251127-130602,55.74881363,55.78261185,1984.901978,3334.480469,-1.9683236361,0.0013291142,-0.1055143987999999,-0.157772779,17.94444466,16.153333474,4024.777832,3928.298584,2536.0,2536.0,-1.0,-1.0,-1.0,-1.0,0.899959862,0.6057244598,290.7054749,225.09636383000003,macOS,Apple M2,8,8589934592,Chipset Model: Apple M2,,,sac,3DBallHard,128,0.000196,50000,,,,,constant,False,128,3,simple,,,5,500000,64,50000
20251127-112351,0.558112741,0.60677737,51.65166855,66.15005493,,,1.418938428375,1.418938279,31.60000038,29.5625,3502.333252,3491.1249695,2536.0,2536.0,-1.0,-1.0,-1.0,-1.0,11.95686531,11.074860693125,195.90625,185.128808975,macOS,Apple M2,8,8589934592,Chipset Model: Apple M2,,,ppo,Worm,4096,0.000259,163840,0.006102,0.113,0.918,4.0,constant,True,512,3,simple,,,5,100000,128,12000
20251127-000746,28.84918976,53.03329849,583.3296509,663.6685791,0.0117113743333333,0.4753171405,1.4195209131463415,1.420080781,39.90000153,26.01747968731708,4014.0,3962.569115609756,2536.0,2536.0,-1.0,-1.0,-1.0,-1.0,10.2362051,8.362297907170731,220.171875,185.2074886414634,macOS,Apple M2,8,8589934592,Chipset Model: Apple M2,,,ppo,Crawler,4096,0.000162,81920,0.00573,0.156,0.915,3.0,constant,True,512,2,simple,,,5,500000,256,12000
20251127-102213,-0.999633431,0.538185656,286.0801697,1062.23584,0.016974082,0.0050684523999999,1.9213815766081084,1.904835343,26.5,21.16071435357143,3496.0,3326.7678571428573,2536.0,2536.0,-1.0,-1.0,-1.0,-1.0,3.197329044,2.9391161942238804,204.6754913,143.6971597328358,macOS,Apple M2,8,8589934592,Chipset Model: Apple M2,,,ppo,PushBlock,2048,6.7e-05,163840,0.000124,0.184,0.908,5.0,linear,False,512,1,simple,,,5,1000000,2048,12000
20251126-234132,24.93542099,24.93542099,1453.457031,1453.457031,0.0144929521666666,0.2440685978333333,1.3863779572228918,1.339553714,33.29999924,20.466867504216868,4070.0,3975.431727397591,2536.0,2536.0,-1.0,-1.0,-1.0,-1.0,5.10477066,4.441387203789156,258.78125,209.2002227066265,macOS,Apple M2,8,8589934592,Chipset Model: Apple M2,,,ppo,3DBall,4096,0.000211,327680,0.004423,0.22,0.923,4.0,constant,True,64,1,simple,,,5,2000000,512,12000
20251215-152322,26.94878578186035,92.82308959960938,805.600830078125,1038.147705078125,0.0123430158322055,0.6149148860325416,1.404300452714943,1.3830045461654663,18.350000381469727,4.115662650171533,13061.3330078125,11199.86948771649,2267.333251953125,2267.333251953125,26.0,7.850401596671127,894.0,809.6285143013461,1.3019615411758425,0.6934482904083757,0.0,0.0,Windows 11,AMD Ryzen 7 5700X 8-Core Processor,8,34265653248,NVIDIA GeForce RTX 5080,16303.0,,ppo,3DBall,4096,0.000175,81920,0.00849,0.155,0.904,5.0,linear,True,32,2,simple,,,5,2000000,128,12000
20251215-154053,1.2210423946380615,1.2330738306045532,42.839691162109375,70.92552185058594,0.0334635963663458,0.2994982916861772,1.419360876083374,1.4168243408203125,5.099999904632568,3.447916656732559,13110.0,12804.604248046877,2267.333251953125,2267.333251953125,15.5,4.687500044703484,869.0,867.5,0.4493863582611084,0.3538714312016964,0.0,0.0,Windows 11,AMD Ryzen 7 5700X 8-Core Processor,8,34265653248,NVIDIA GeForce RTX 5080,16303.0,,ppo,3DBallHard,512,7.8e-05,10240,0.00341,0.14,0.91,8.0,constant,False,32,1,simple,,,5,100000,2048,12000
20251215-154216,1.2510435581207275,2.234609603881836,399.2206726074219,431.5168151855469,0.0122324498370289,0.5983950555324554,1.4192115242888288,1.4191797971725464,7.300000190734863,2.924593489344527,13687.6669921875,13269.115901295732,2267.333251953125,2267.333251953125,15.333333015441896,1.2784552828567783,881.0,868.2845518530869,1.2092467546463013,0.6636643754999813,0.0,0.0,Windows 11,AMD Ryzen 7 5700X 8-Core Processor,8,34265653248,NVIDIA GeForce RTX 5080,16303.0,,ppo,Crawler,4096,4.6e-05,81920,0.003987,0.209,0.91,8.0,linear,True,32,3,simple,,,5,500000,1024,12000
20251215-155011,0.6666666865348816,0.8333333134651184,399.515380859375,594.1625366210938,0.0340880472213029,0.0007477462810735,2.0915667093717136,2.0778708457946777,21.799999237060547,16.142307648291954,13267.0,12891.576923076924,2267.333251953125,2267.333251953125,18.5,4.923076923076923,871.5,856.4615384615385,2.7706515789031982,2.627427908090445,0.0,0.0,Windows 11,AMD Ryzen 7 5700X 8-Core Processor,8,34265653248,NVIDIA GeForce RTX 5080,16303.0,,ppo,GridFoodCollector,512,0.000233,10240,0.005215,0.281,0.926,4.0,constant,True,512,3,simple,,,5,250000,2048,12000
20251215-160024,-0.3046713173389435,-0.1415335834026336,93.3545913696289,152.20101928710938,0.0354310059919953,0.1176416818052529,1.4377493858337402,1.4470677375793457,6.933333396911621,3.587499976158142,11716.5,11622.895874023438,2267.333251953125,2267.333251953125,8.0,7.041666626930237,807.0,807.0,0.2690323293209076,0.1091176719637587,0.0,0.0,Windows 11,AMD Ryzen 7 5700X 8-Core Processor,8,34265653248,NVIDIA GeForce RTX 5080,16303.0,,ppo,GridWorld,512,0.000179,10240,0.009941,0.172,0.949,5.0,linear,False,32,2,simple,,,5,100000,128,12000
20251215-160324,-0.999175488948822,-0.9251459240913392,56.3623046875,595.7698364257812,0.0189188532531261,0.0030112877202554,1.4923546745116452,1.4106590747833252,10.399999618530272,5.202409617872124,11714.0,11316.67469879518,2267.333251953125,2267.333251953125,35.0,7.463855421686747,807.0,798.7409638554217,0.7691377997398376,0.5314150007374315,0.0,0.0,Windows 11,AMD Ryzen 7 5700X 8-Core Processor,8,34265653248,NVIDIA GeForce RTX 5080,16303.0,,ppo,Hallway,2048,0.000262,81920,0.000399,0.167,0.943,4.0,constant,True,256,2,simple,,,5,1000000,128,12000
20251215-161333,4.85157585144043,4.96720027923584,3.124239683151245,1099.9453125,0.0179241778872285,0.1476909818593411,1.285126457731408,0.55689537525177,18.0,7.877272747613333,11567.0,11357.800699300698,2267.333251953125,2267.333251953125,19.0,10.454545454545457,790.0,789.986013986014,0.6606650352478027,0.3116324845791222,0.0,0.0,Windows 11,AMD Ryzen 7 5700X 8-Core Processor,8,34265653248,NVIDIA GeForce RTX 5080,16303.0,,ppo,PushBlock,2048,0.000255,40960,0.006062,0.28,0.924,3.0,constant,True,256,3,simple,,,5,2000000,128,12000
20251215-163208,-0.9999334812164308,-0.8459231853485107,139.6670379638672,163.8826141357422,0.0243922870606183,0.0024860702687874,1.608019940993365,1.6063562631607056,18.700000762939453,6.323529467863195,11505.5,11303.29411764706,2267.333251953125,2267.333251953125,13.5,9.058823529411764,790.0,790.0,0.6267204880714417,0.4990127552300691,0.0,0.0,Windows 11,AMD Ryzen 7 5700X 8-Core Processor,8,34265653248,NVIDIA GeForce RTX 5080,16303.0,,ppo,Pyramids,1024,0.000226,40960,0.003173,0.102,0.934,3.0,linear,True,32,2,simple,,,5,250000,2048,12000
20251215-163505,-1.0794470310211182,-0.9573262929916382,542.79248046875,1196.8399658203125,0.0121322497725486,0.0052677424003679,3.2920408016297875,3.288963794708252,12.0,6.854268283378787,22927.666015625,14078.542659108232,2267.333251953125,2267.333251953125,44.66666793823242,6.286585408013042,9650.5,1461.6707257526675,0.5433611869812012,0.3735802856887259,0.0,0.0,Windows 11,AMD Ryzen 7 5700X 8-Core Processor,8,34265653248,NVIDIA GeForce RTX 5080,16303.0,,ppo,Sorter,4096,3.2e-05,163840,0.006688,0.101,0.941,5.0,constant,False,512,3,simple,,,5,500000,128,12000
20251215-170050,5.11333703994751,5.11333703994751,818.9681396484375,818.9681396484375,0.0174902380676939,0.6041019406790534,1.4024792047868293,1.3747049570083618,12.600000381469728,4.958835331790419,12213.25,11907.488951901356,2267.333251953125,2267.333251953125,3.75,0.4006024107157466,930.5,912.2098381318242,0.9118677377700806,0.6285035933356687,0.0,0.0,Windows 11,AMD Ryzen 7 5700X 8-Core Processor,8,34265653248,NVIDIA GeForce RTX 5080,16303.0,,ppo,Walker,2048,0.000273,40960,0.002099,0.257,0.946,3.0,constant,True,32,2,simple,,,5,1000000,128,12000
20251215-171446,139.00595092773438,139.00595092773438,1692.62255859375,1692.62255859375,0.0246943924964094,0.2710212679230607,1.4280699426869312,1.36603045463562,10.199999809265137,5.143072273357805,11990.0,11881.013077701433,2267.333251953125,2267.333251953125,9.5,0.6285140607730452,924.5,911.9578309576196,1.224809646606445,0.6327751235789564,0.0,0.0,Windows 11,AMD Ryzen 7 5700X 8-Core Processor,8,34265653248,NVIDIA GeForce RTX 5080,16303.0,,ppo,Worm,1024,0.000142,40960,0.009166,0.12,0.932,10.0,linear,True,64,3,simple,,,5,2000000,128,12000
20251215-174313,76.26364135742188,100.00000762939452,966.6360473632812,51999.54296875,-21.899344050884245,0.0264225914288544,-0.3081999324727803,-0.0103572802618145,21.799999237060547,17.64612495303154,17366.5,10893.11875,2267.333251953125,2267.333251953125,46.0,4.156874993443489,8164.0,1816.1575012207031,0.188516616821289,0.011611308378633,0.0,0.0,Windows 11,AMD Ryzen 7 5700X 8-Core Processor,8,34265653248,NVIDIA GeForce RTX 5080,16303.0,,sac,3DBall,512,0.000215,50000,,,,,constant,False,32,3,simple,,,5,2000000,64,25000
20251216-081029,81.33607482910156,98.04903411865234,10188.9345703125,19509.845703125,-1.1217294484376907,0.0008702412263687,-0.1721841340884566,-0.6145484447479248,15.627272605895996,10.859780263900756,12186.875,10437.81494140625,2267.333251953125,2267.333251953125,14.125,4.092361092567444,988.75,939.3118041992188,0.391792356967926,0.2140301915816962,0.0,0.0,Windows 11,AMD Ryzen 7 5700X 8-Core Processor,8,34265653248,NVIDIA GeForce RTX 5080,16303.0,,sac,3DBallHard,1024,0.000138,50000,,,,,constant,False,64,3,simple,,,5,1000000,1024,50000
20251216-133612,55.13194274902344,55.13194274902344,1499.1585693359375,1499.1585693359375,-19.134233713150024,0.7271554246544838,1.1726879477500916,1.06836199760437,17.65999984741211,17.35727310180664,12017.7275390625,11967.31396484375,2267.333251953125,2267.333251953125,0.0,0.0,985.0,985.0,0.0212381910532712,0.0206954535096883,0.0,0.0,Windows 11,AMD Ryzen 7 5700X 8-Core Processor,8,34265653248,NVIDIA GeForce RTX 5080,16303.0,,sac,Crawler,1024,0.000221,50000,,,,,constant,True,64,2,simple,,,5,100000,1024,50000
20251201-132837,100.00001525878906,100.00001525878906,132.9261016845703,605.0978393554688,0.0246113098304097,0.0086085615944284,1.2635940830391574,1.1773065328598022,50.900001525878906,32.52329316196671,3678.5,3539.5722891566265,2536.0,2536.0,-1.0,-1.0,-1.0,-1.0,6.9590253829956055,5.995080476783844,190.5,109.57024976431606,macOS,Apple M2,8,8589934592,Chipset Model: Apple M2,,,ppo,3DBall,1024,0.000132,20480,0.000249,0.143,0.929,8.0,constant,True,256,2,simple,,,5,1000000,128,12000
20251128-134819,1414.0025634765625,1414.0025634765625,1432.2989501953125,1432.2989501953125,0.0349616801055768,81.09084695391357,1.316203115934349,1.22105872631073,44.54999923706055,31.96335332939424,3879.0,3716.688756000565,2536.0,2536.0,-1.0,-1.0,-1.0,-1.0,11.856508255004885,9.915303936923843,149.984375,79.33205000176487,macOS,Apple M2,8,8589934592,Chipset Model: Apple M2,,,ppo,Crawler,512,0.000114,20480,0.000793,0.188,0.949,8.0,constant,True,512,1,simple,,,5,1000000,64,12000
20251202-170958,1.2177605628967283,1.2882235050201416,269.341064453125,338.0132751464844,0.0120623307302593,0.3511244604984919,1.4168520584339048,1.4146913290023804,36.13333511352539,30.99146335880931,3373.0,3289.548780487805,2536.0,2536.0,-1.0,-1.0,-1.0,-1.0,4.762820720672607,4.568902661160725,157.796875,115.20356992395912,macOS,Apple M2,8,8589934592,Chipset Model: Apple M2,,,ppo,3DBallHard,4096,0.000169,163840,0.000374,0.286,0.902,3.0,constant,True,32,1,simple,,,5,500000,128,12000
20251206-002843,0.2995027303695678,0.6149292588233948,84.26953125,421.1454772949219,0.0247192319948225,0.0704794186749495,1.426349458240327,1.4299544095993042,37.775001525878906,36.44880939665295,3592.5,3554.2261904761904,2536.0,2536.0,-1.0,-1.0,-1.0,-1.0,14.06378173828125,12.781798362731934,155.4375,133.56395103817894,macOS,Apple M2,8,8589934592,Chipset Model: Apple M2,,,ppo,Worm,1024,0.000186,20480,0.005977,0.109,0.91,3.0,constant,False,256,1,simple,,,5,500000,1024,12000
20251202-175044,100.00001525878906,100.00001525878906,235.6641845703125,1516.4202880859375,0.0243009617061991,0.0497366954131345,1.348819980420262,1.319859266281128,54.63333511352539,30.41656632021249,3828.5,3680.710843373494,2536.0,2536.0,-1.0,-1.0,-1.0,-1.0,5.354392051696777,4.776225509413754,497.4375,273.2763443912368,macOS,Apple M2,8,8589934592,Chipset Model: Apple M2,,,ppo,3DBallHard,1024,0.000208,20480,0.003358,0.131,0.946,5.0,linear,True,256,2,simple,,,5,2000000,1024,12000
20251202-174357,1.115896463394165,1.1800379753112793,291.640869140625,373.0706176757813,0.0116072005281845,0.2250877122084299,1.4168986169303337,1.415191411972046,35.0,30.70609757958389,3348.0,3263.2642494759907,2536.0,2536.0,-1.0,-1.0,-1.0,-1.0,4.797042369842529,4.573030134526695,154.421875,117.77088463015671,macOS,Apple M2,8,8589934592,Chipset Model: Apple M2,,,ppo,3DBallHard,4096,5.4e-05,163840,0.004116,0.192,0.941,5.0,linear,False,512,1,simple,,,5,500000,1024,12000
20251201-140845,100.00001525878906,100.00001525878906,356.7013244628906,590.9297485351562,0.0184509227983652,0.0145959560525928,1.2903166722102335,1.1436823606491089,53.34999847412109,36.47329307464232,3774.0,3613.925698889307,2536.0,2536.0,-1.0,-1.0,-1.0,-1.0,7.521286487579346,6.215024540223271,137.9036407470703,90.86026589267225,macOS,Apple M2,8,8589934592,Chipset Model: Apple M2,,,ppo,3DBall,2048,0.000171,81920,0.000167,0.231,0.947,8.0,constant,True,64,3,simple,,,5,1000000,256,12000
20251204-220300,-0.935293436050415,-0.935293436050415,428.1156005859375,428.1156005859375,0.0255084104835986,0.0004078187586855,1.5893455947317727,1.573636531829834,42.29999923706055,32.449999832525485,3451.0,3307.5853658536585,2536.0,2536.0,-1.0,-1.0,-1.0,-1.0,4.448714256286621,4.135840142645487,106.79654693603516,74.32697035626667,macOS,Apple M2,8,8589934592,Chipset Model: Apple M2,,,ppo,Hallway,1024,0.00015,81920,0.00244,0.218,0.903,3.0,linear,True,128,3,simple,,,5,500000,1024,12000
20251130-132848,0.1578947305679321,0.3499999940395355,155.6779022216797,826.6972045898438,0.0171290934085845,0.0028088446706533,2.112987077236176,2.114941120147705,52.20000076293945,40.07250003814697,4201.0,3537.375,2536.0,2536.0,-1.0,-1.0,-1.0,-1.0,9.688932418823242,9.017247843742371,126.9935531616211,72.71422176361084,macOS,Apple M2,8,8589934592,Chipset Model: Apple M2,,,ppo,GridFoodCollector,2048,0.000183,163840,0.002368,0.283,0.915,4.0,linear,True,128,1,simple,,,5,250000,64,12000
20251130-191152,0.6315789222717285,1.0,534.4854125976562,661.455322265625,0.0238621003925799,0.0024091531522571,2.110544168949127,2.097019910812378,31.89999961853028,27.447500133514403,3792.0,3672.2,2536.0,2536.0,-1.0,-1.0,-1.0,-1.0,10.266182899475098,9.0831529378891,160.71875,103.89861297607422,macOS,Apple M2,8,8589934592,Chipset Model: Apple M2,,,ppo,GridFoodCollector,1024,0.000154,40960,0.006244,0.197,0.914,4.0,constant,False,128,2,simple,,,5,250000,64,12000
20251204-221022,-0.9997223615646362,-0.9532800912857056,23.26924705505371,253.60769653320312,0.0355225548148154,0.0149891954846679,1.5993923175902591,1.5916472673416138,69.80000305175781,32.89761906578427,3554.0,3322.6666666666665,2536.0,2536.0,-1.0,-1.0,-1.0,-1.0,4.39340353012085,4.123390061514718,143.1495819091797,82.19997860136486,macOS,Apple M2,8,8589934592,Chipset Model: Apple M2,,,ppo,Hallway,512,3.4e-05,40960,0.006609,0.129,0.931,8.0,linear,True,512,1,simple,,,5,250000,512,12000
20251206-003556,0.712685227394104,0.7990060448646545,203.9306030273437,258.66864013671875,0.0349987014196812,0.0127603002474642,1.4168483075641451,1.415344476699829,38.75,36.081746055966335,3596.0,3567.944440569197,2536.0,2536.0,-1.0,-1.0,-1.0,-1.0,13.053930282592772,10.72415844599406,156.640625,141.64203898111978,macOS,Apple M2,8,8589934592,Chipset Model: Apple M2,,,ppo,Worm,512,0.000105,20480,0.002304,0.3,0.911,8.0,linear,False,512,2,simple,,,5,250000,2048,12000
20251128-103855,2.1452829837799072,2.1452829837799072,534.1282958984375,534.1282958984375,0.0177322591965396,0.129165711502234,1.4108358865760895,1.404199481010437,73.9000015258789,51.002409647746255,4296.0,3539.979921639684,2536.0,2536.0,-1.0,-1.0,-1.0,-1.0,7.604304790496826,5.472376079444426,146.99063110351562,56.99545733899955,macOS,Apple M2,8,8589934592,Chipset Model: Apple M2,,,ppo,3DBall,2048,0.000198,163840,0.000916,0.143,0.902,3.0,linear,True,512,1,simple,,,5,1000000,2048,12000
20251130-173223,7.5,13.0,3655.161376953125,4116.6435546875,0.0121888065372,0.0029292656532064,2.0288692684058685,1.853613257408142,39.900001525878906,27.32164177965762,3823.0,3558.111940298508,2536.0,2536.0,-1.0,-1.0,-1.0,-1.0,11.56753158569336,9.728813131171536,161.15625,87.36180087169969,macOS,Apple M2,8,8589934592,Chipset Model: Apple M2,,,ppo,GridFoodCollector,4096,0.000202,81920,0.003681,0.195,0.924,8.0,constant,True,64,2,simple,,,5,1000000,256,12000
20251205-122613,-0.9995077252388,-0.7385000586509705,821.0901489257812,2501.59423828125,0.0340638230668335,0.0009686137007453,3.0975032608683515,3.004598617553711,51.76666641235352,36.08353675284037,3729.0,3614.918713081174,2536.0,2536.0,-1.0,-1.0,-1.0,-1.0,2.3503267765045166,2.1094031799130324,144.677734375,68.92792659852563,macOS,Apple M2,8,8589934592,Chipset Model: Apple M2,,,ppo,Sorter,512,0.000237,10240,0.006541,0.21,0.91,8.0,linear,False,256,3,simple,,,5,500000,128,12000
20251128-121708,1.1633269786834717,1.2063461542129517,208.9550018310547,292.6632080078125,0.0341047003865241,0.2881489396095276,1.4187172651290894,1.4186527729034424,70.06666564941406,49.46999969482422,4854.0,4290.708349609375,2536.0,2536.0,-1.0,-1.0,-1.0,-1.0,4.127652168273926,3.688415157794952,102.96875,64.66158943176269,macOS,Apple M2,8,8589934592,Chipset Model: Apple M2,,,ppo,3DBallHard,512,1e-05,40960,0.003779,0.245,0.928,3.0,linear,False,32,3,simple,,,5,250000,2048,12000
20251204-105830,2.3333332538604736,3.5833332538604736,26652.46875,26687.90234375,0.0126738116483796,0.0027161108181726,2.0662917252814417,,76.05000305175781,34.94653482720403,3760.5,3556.6485148514853,2536.0,2536.0,-1.0,-1.0,-1.0,-1.0,10.984633445739746,9.17880391004947,161.13436889648438,65.44717331688003,macOS,Apple M2,8,8589934592,Chipset Model: Apple M2,,,ppo,GridFoodCollector,4096,0.000175,163840,0.004808,0.122,0.926,8.0,constant,False,128,1,simple,,,5,2000000,2048,12000
20251201-205638,1.1114180088043213,1.1717802286148071,10.948945999145508,100.4288558959961,0.0248036701232194,0.0372139886021614,1.4185423254966736,1.4162324666976929,28.56666755676269,26.15416693687439,3741.0,3726.645812988281,2536.0,2536.0,-1.0,-1.0,-1.0,-1.0,4.021467685699463,3.7736794650554657,231.9031219482422,221.7356414794922,macOS,Apple M2,8,8589934592,Chipset Model: Apple M2,,,ppo,3DBallHard,1024,0.000134,81920,0.007785,0.111,0.913,8.0,constant,False,256,2,simple,,,5,100000,1024,12000
20251129-182027,24.33333396911621,29.33333396911621,10395.0,10395.0,0.0354623122513293,0.1029190137190743,1.3718643726087083,,56.650001525878906,30.193137224982767,3894.5,3379.225490196078,2536.0,2536.0,-1.0,-1.0,-1.0,-1.0,10.218628883361816,9.431935684353698,121.87921905517578,70.60752449783624,macOS,Apple M2,8,8589934592,Chipset Model: Apple M2,,,ppo,GridFoodCollector,512,0.000202,10240,0.001551,0.3,0.938,10.0,linear,False,32,2,simple,,,5,1000000,1024,12000
20251130-104145,17.0,17.0,1429.156494140625,1429.156494140625,0.0349094544577857,0.0173569596777467,2.013664193269684,1.84906804561615,38.70000076293945,27.918292859705485,3649.0,3497.9024390243903,2536.0,2536.0,-1.0,-1.0,-1.0,-1.0,11.114513397216797,8.670121088260558,121.13671875,87.33446018870283,macOS,Apple M2,8,8589934592,Chipset Model: Apple M2,,,ppo,GridFoodCollector,512,0.000103,20480,0.004101,0.251,0.912,3.0,constant,False,512,3,simple,,,5,500000,64,12000
20251128-111901,4.690821647644043,4.962814331054688,1894.171875,2042.628173828125,0.0174097890655199,0.0392515799030661,1.4198358920683345,1.4050222635269165,85.25,55.455823139972,4893.33349609375,4283.702822030309,2536.0,2536.0,-1.0,-1.0,-1.0,-1.0,4.712233543395996,3.355107798633805,118.03646087646484,51.36777418205537,macOS,Apple M2,8,8589934592,Chipset Model: Apple M2,,,ppo,3DBallHard,2048,0.000224,81920,0.008501,0.183,0.924,5.0,linear,True,512,1,simple,,,5,1000000,2048,12000
20251128-141227,0.8979517817497253,1.6791341304779053,500.9697570800781,682.1995849609375,0.0173927638679742,0.3930714825789134,1.4165153445267096,1.4140417575836182,39.56666564941406,31.389227657783323,3712.75,3647.380067406631,2536.0,2536.0,-1.0,-1.0,-1.0,-1.0,11.715702056884766,9.906084107189644,156.234375,110.42414260492092,macOS,Apple M2,8,8589934592,Chipset Model: Apple M2,,,ppo,Crawler,2048,0.000131,163840,0.003989,0.257,0.909,8.0,linear,True,64,2,simple,,,5,500000,1024,12000
20251201-162718,100.00001525878906,100.00001525878906,363.1486511230469,504.0046997070313,0.0260647608136588,0.1587044738910414,1.2859467820423405,1.1129266023635864,33.150001525878906,25.97398371812774,3729.0,3629.3983660442073,2536.0,2536.0,-1.0,-1.0,-1.0,-1.0,4.78450870513916,4.001324415206909,193.3156280517578,155.33995949349753,macOS,Apple M2,8,8589934592,Chipset Model: Apple M2,,,ppo,3DBall,1024,0.000281,40960,0.000977,0.235,0.925,10.0,constant,False,256,1,simple,,,5,500000,1024,12000
20251204-182329,,0.1052631586790084,231.5538024902344,436.6300659179688,0.0246493080630897,0.0019157220958731,2.1116521656513214,2.103068590164185,31.299999237060547,29.49375009536743,3755.0,3716.1875,2536.0,2536.0,-1.0,-1.0,-1.0,-1.0,9.9905424118042,8.067548632621765,151.568359375,105.53442478179932,macOS,Apple M2,8,8589934592,Chipset Model: Apple M2,,,ppo,GridFoodCollector,1024,0.000278,20480,0.00478,0.256,0.929,10.0,linear,True,64,1,simple,,,5,100000,64,12000
20251203-191253,13.656472206115724,100.00001525878906,261.4573974609375,12538.3291015625,0.0366023739309686,0.0013691647514022,1.11955731891724,0.9125716090202332,65.0,33.29533128853304,4459.0,4158.891070630177,2536.0,2536.0,-1.0,-1.0,-1.0,-1.0,5.16535234451294,4.189896852137094,339.88751220703125,188.12124477524355,macOS,Apple M2,8,8589934592,Chipset Model: Apple M2,,,ppo,3DBallHard,512,0.00026,20480,0.002876,0.167,0.919,10.0,constant,True,512,3,simple,,,5,2000000,1024,12000
20251202-165302,4.178508758544922,4.178508758544922,274.2305603027344,274.2305603027344,0.0252280331527192,0.0479519233728448,1.3974008065898245,1.3669008016586304,60.09999847412109,32.21626007266161,3703.0,3647.686987900152,2536.0,2536.0,-1.0,-1.0,-1.0,-1.0,6.730091094970703,6.135799884796143,268.640625,188.6997645308332,macOS,Apple M2,8,8589934592,Chipset Model: Apple M2,,,ppo,3DBall,1024,0.000213,81920,0.006502,0.219,0.917,5.0,constant,True,64,1,simple,,,5,500000,64,12000
20251203-124739,100.00001525878906,100.00001525878906,182.74270629882807,274.19195556640625,0.0250231672240339,0.0342714401561786,1.3602837120614402,1.3240950107574463,51.900001525878906,30.621951405594988,4045.5,4023.142274437881,2536.0,2536.0,-1.0,-1.0,-1.0,-1.0,7.206389427185059,6.249993940679039,288.265625,219.0311993854802,macOS,Apple M2,8,8589934592,Chipset Model: Apple M2,,,ppo,3DBall,1024,0.0002,20480,0.004776,0.162,0.939,4.0,linear,False,512,2,simple,,,5,500000,512,12000
20251129-211401,0.0,0.4166666567325592,16185.720703125,48449.14453125,0.0171597661450504,0.001529389648931,2.1125241214153814,,75.25,32.690196130789964,3958.0,3384.43137254902,2536.0,2536.0,-1.0,-1.0,-1.0,-1.0,9.753032684326172,7.75965159751621,152.3487548828125,63.314849703919656,macOS,Apple M2,8,8589934592,Chipset Model: Apple M2,,,ppo,GridFoodCollector,2048,1.9e-05,81920,0.000926,0.181,0.933,4.0,linear,True,512,1,simple,,,5,1000000,1024,12000
20251201-144151,20.85185432434082,20.85185432434082,1814.559326171875,1814.559326171875,0.0154156597952047,0.0456964926173289,1.3913615259779506,1.3153191804885864,81.5,34.87118469376162,3704.0,3420.7891507436,2536.0,2536.0,-1.0,-1.0,-1.0,-1.0,5.302011489868164,4.481166458991637,123.1531219482422,67.22891876496465,macOS,Apple M2,8,8589934592,Chipset Model: Apple M2,,,ppo,3DBallHard,4096,0.000234,327680,0.004515,0.209,0.929,10.0,constant,False,128,2,simple,,,5,2000000,512,12000
20251202-001356,44.396392822265625,55.91780090332031,1345.9857177734375,1488.095458984375,0.0179055395225683,0.3641003817319869,1.4252685279731292,1.43602192401886,40.45000076293945,34.10903590558523,3686.333251953125,3590.0602380224022,2536.0,2536.0,-1.0,-1.0,-1.0,-1.0,11.262264251708984,10.633859054151788,182.546875,167.84403237951807,macOS,Apple M2,8,8589934592,Chipset Model: Apple M2,,,ppo,Crawler,2048,7.3e-05,163840,0.007904,0.166,0.91,4.0,constant,False,32,1,simple,,,5,1000000,256,12000
20251201-141843,1.386128306388855,1.4628204107284546,316.6073303222656,333.5457458496094,0.012395963538438,0.2601594800750414,1.421874761581421,1.4253758192062378,58.86666488647461,42.02601623535156,3576.666748046875,3421.292706745427,2536.0,2536.0,-1.0,-1.0,-1.0,-1.0,6.2509613037109375,5.480886610542855,116.83615112304688,64.33547889895556,macOS,Apple M2,8,8589934592,Chipset Model: Apple M2,,,ppo,3DBall,4096,8.5e-05,81920,0.00156,0.173,0.912,10.0,linear,True,256,1,simple,,,5,500000,128,12000
20251201-195801,100.00001525878906,100.00001525878906,275.8743591308594,489.7425537109375,0.0345739361060702,0.0236213071545099,1.3209931007245692,1.243759274482727,39.54999923706055,26.689024343723204,3863.5,3844.024384289253,2536.0,2536.0,-1.0,-1.0,-1.0,-1.0,4.146100521087647,3.8434703757123247,323.75,272.08711912573835,macOS,Apple M2,8,8589934592,Chipset Model: Apple M2,,,ppo,3DBallHard,512,0.000296,20480,0.007476,0.193,0.922,3.0,constant,False,512,3,simple,,,5,500000,128,12000
20251207-222055,124.71711730957033,124.71711730957033,1757.869873046875,1757.869873046875,-7.860145449638367,0.2065415158867835,0.5846365243196487,0.4476516246795654,31.200000762939453,25.95333366394043,3994.39990234375,3887.210009765625,2536.0,2536.0,-1.0,-1.0,-1.0,-1.0,2.1271674633026123,2.0303302526474,158.0260467529297,130.2879180908203,macOS,Apple M2,8,8589934592,Chipset Model: Apple M2,,,sac,Crawler,256,0.000177,200000,,,,,constant,False,128,3,simple,,,5,250000,128,25000
20251202-171932,92.423095703125,100.00001525878906,650.1066284179688,1454.447509765625,0.0245260052615776,0.0198819587676552,1.4059085810040852,1.3881149291992188,43.400001525878906,31.98172687622438,3414.333251953125,3294.534134094973,2536.0,2536.0,-1.0,-1.0,-1.0,-1.0,5.2390570640563965,4.7742103984557005,166.31875610351562,106.55966494456833,macOS,Apple M2,8,8589934592,Chipset Model: Apple M2,,,ppo,3DBallHard,1024,6e-05,40960,0.000922,0.195,0.909,4.0,constant,True,512,1,simple,,,5,2000000,256,12000
20251207-152357,80.97144317626953,100.00001525878906,936.7597045898438,17716.23046875,-11.881530702114103,0.0104853329481556,-0.1290860474575311,-0.1286723166704177,36.43333435058594,29.2063889503479,4097.125,3905.5600769042967,2536.0,2536.0,-1.0,-1.0,-1.0,-1.0,0.7660351395606995,0.4117500878870487,134.4765625,58.12453031539917,macOS,Apple M2,8,8589934592,Chipset Model: Apple M2,,,sac,3DBallHard,128,0.000169,200000,,,,,constant,False,256,2,simple,,,5,2000000,256,50000
20251201-181838,100.00001525878906,100.00001525878906,1019.8861694335938,2017.822265625,0.017707879267012,0.0157194846008981,1.39545245773821,1.4127705097198486,37.900001525878906,25.742771102721434,4098.5,3918.402604068618,2536.0,2536.0,-1.0,-1.0,-1.0,-1.0,4.001463890075684,3.807372719408518,240.7375030517578,178.0228609291904,macOS,Apple M2,8,8589934592,Chipset Model: Apple M2,,,ppo,3DBallHard,2048,4.9e-05,81920,0.005134,0.213,0.932,5.0,constant,True,256,2,simple,,,5,2000000,1024,12000
20251206-002706,0.7009210586547852,0.7009210586547852,84.06417846679688,84.06417846679688,0.0101324580609798,0.1512646824121475,1.4185774193869696,1.4173144102096558,37.95000076293945,36.7620366414388,3595.5,3571.8888888888887,2536.0,2536.0,-1.0,-1.0,-1.0,-1.0,13.815337181091309,12.12053484386868,149.03125,138.8365444607205,macOS,Apple M2,8,8589934592,Chipset Model: Apple M2,,,ppo,Worm,4096,0.000239,81920,0.006642,0.235,0.92,3.0,constant,True,256,1,simple,,,5,100000,2048,12000
20251201-151218,1.357786774635315,1.4024999141693115,331.3560791015625,385.9767761230469,0.0123698779692252,0.1585159748792648,1.412177670292738,1.4044876098632812,54.46666717529297,29.64390252276165,3461.0,3370.349591511052,2536.0,2536.0,-1.0,-1.0,-1.0,-1.0,4.834543228149414,4.593936082793445,165.515625,109.55929900378716,macOS,Apple M2,8,8589934592,Chipset Model: Apple M2,,,ppo,3DBallHard,4096,0.000112,163840,0.000156,0.236,0.906,8.0,constant,False,512,1,simple,,,5,500000,512,12000
20251207-122623,100.00001525878906,100.00001525878906,681.3734130859375,4138.42236328125,-1.8198654264211656,0.0008972619196356,0.5395286026308895,-0.4327202439308166,34.79999923706055,26.75179166793823,3990.60009765625,3710.984167480469,2536.0,2536.0,-1.0,-1.0,-1.0,-1.0,1.9598792791366573,0.7988217651844025,118.9000015258789,70.75132112503051,macOS,Apple M2,8,8589934592,Chipset Model: Apple M2,,,sac,3DBallHard,128,4e-05,500000,,,,,constant,False,128,3,simple,,,5,1000000,256,25000
20251206-004608,73.60001373291016,100.00001525878906,129.37449645996094,78402.03125,-1.968821234139965,0.0001287828333658,-0.4546689791185781,-0.4626506865024566,70.19999694824219,28.020250062942505,4209.5,3503.595,2536.0,2536.0,-1.0,-1.0,-1.0,-1.0,4.848482608795166,0.4181617018894758,151.625,51.02118101119995,macOS,Apple M2,8,8589934592,Chipset Model: Apple M2,,,sac,3DBall,512,0.000261,50000,,,,,constant,True,64,2,simple,,,5,2000000,128,10000
20251201-142608,1.5296051502227783,1.5594234466552734,840.81689453125,931.0641479492188,0.0178562467917799,0.0250008034830291,1.4137122200196048,1.4030147790908811,75.5999984741211,42.87248974535839,3663.0,3424.8172769201806,2536.0,2536.0,-1.0,-1.0,-1.0,-1.0,4.800447940826416,4.101287238569145,121.16927337646484,64.09801703763296,macOS,Apple M2,8,8589934592,Chipset Model: Apple M2,,,ppo,3DBallHard,2048,0.000153,163840,0.007883,0.165,0.903,8.0,linear,False,256,2,simple,,,5,1000000,128,12000
20251128-104901,1.264173150062561,1.264173150062561,55.85025024414063,55.85025024414063,0.0169260632246732,0.2253719270229339,1.4187392443418505,1.417966604232788,74.43333435058594,59.31458377838135,3733.0,3597.3125,2536.0,2536.0,-1.0,-1.0,-1.0,-1.0,6.102512359619141,5.038460224866867,93.2578125,63.86054754257202,macOS,Apple M2,8,8589934592,Chipset Model: Apple M2,,,ppo,3DBall,2048,0.000184,40960,0.00279,0.229,0.923,5.0,linear,True,64,3,simple,,,5,100000,128,12000
20251204-225151,-0.9999185800552368,4.848800182342529,7.167323112487793,120.91454315185548,0.0353987310081719,0.0114916963502764,1.942910522222519,1.9343881607055664,32.70000076293945,30.333333651224773,3830.0,3780.5,2536.0,2536.0,-1.0,-1.0,-1.0,-1.0,3.1057019233703613,2.711591526865959,164.3515625,146.0731201171875,macOS,Apple M2,8,8589934592,Chipset Model: Apple M2,,,ppo,PushBlock,512,4.5e-05,40960,0.003288,0.123,0.928,10.0,constant,False,64,2,simple,,,5,100000,64,12000
20251202-192333,2.7211802005767822,12.379674911499023,322.127197265625,348.7791442871094,0.0353193812072276,0.4224100291728973,1.4194284617900848,1.4193012714385986,37.56666564941406,35.100416564941405,3839.0,3804.091662597656,2536.0,2536.0,-1.0,-1.0,-1.0,-1.0,11.67658233642578,10.316848826408386,164.96875,156.79367218017578,macOS,Apple M2,8,8589934592,Chipset Model: Apple M2,,,ppo,Crawler,512,4.6e-05,40960,0.005553,0.134,0.908,4.0,linear,False,32,3,simple,,,5,250000,2048,12000
20251201-132148,1.4746780395507812,1.5086956024169922,281.786376953125,344.3811340332031,0.0176656134426593,0.0682410771648088,1.4012958247487135,1.3849254846572876,52.96666717529297,37.260569409626285,3593.0,3445.4024449790395,2536.0,2536.0,-1.0,-1.0,-1.0,-1.0,6.1468915939331055,5.625335495646407,131.5906219482422,78.2549539891685,macOS,Apple M2,8,8589934592,Chipset Model: Apple M2,,,ppo,3DBall,2048,0.000252,163840,0.000262,0.158,0.913,10.0,linear,False,512,2,simple,,,5,500000,128,12000
20251201-173115,100.00001525878906,100.00001525878906,233.5961456298828,953.6926879882812,0.034812197399636,0.0731524291453145,1.26171635719667,1.10601806640625,38.25,28.699598358338136,3828.0,3637.4738946018447,2536.0,2536.0,-1.0,-1.0,-1.0,-1.0,5.326925754547119,3.96410000898752,177.6927032470703,123.50484117255154,macOS,Apple M2,8,8589934592,Chipset Model: Apple M2,,,ppo,3DBall,512,0.000122,20480,0.000612,0.103,0.908,4.0,constant,True,512,1,simple,,,5,1000000,256,12000
20251130-193143,-0.2337272316217422,-0.2227790057659149,4218.197265625,5401.439453125,0.0256854654289781,1.0292094238102436,1.44295471906662,1.442291021347046,25.13333320617676,22.18125009536743,3606.0,3004.3125,2536.0,2536.0,-1.0,-1.0,-1.0,-1.0,0.7778882384300232,0.4585154233500361,112.765625,56.42079019546509,macOS,Apple M2,8,8589934592,Chipset Model: Apple M2,,,ppo,GridWorld,1024,0.000219,20480,0.001791,0.132,0.939,5.0,constant,True,512,2,simple,,,5,100000,128,12000
20251206-004026,0.4774538278579712,0.809582531452179,88.75896453857422,215.79151916503903,0.0171283949166535,0.1397175136953592,1.4184236168861388,1.4182660579681396,40.59999847412109,35.980832958221434,3608.5,3572.15,2536.0,2536.0,-1.0,-1.0,-1.0,-1.0,13.603899002075195,12.094776904582975,148.765625,127.78667984008788,macOS,Apple M2,8,8589934592,Chipset Model: Apple M2,,,ppo,Worm,2048,0.000295,81920,0.006165,0.177,0.948,10.0,constant,False,256,1,simple,,,5,250000,64,12000
20251201-142445,1.1885713338851929,1.247553825378418,49.73188400268555,72.99671936035156,0.0170819833874702,0.0790597721934318,1.4177896529436111,1.4110698699951172,48.29999923706055,43.16458368301392,3534.0,3451.5416259765625,2536.0,2536.0,-1.0,-1.0,-1.0,-1.0,4.232816696166992,3.947396785020828,116.328125,89.92467403411865,macOS,Apple M2,8,8589934592,Chipset Model: Apple M2,,,ppo,3DBallHard,2048,0.000187,81920,0.00161,0.2,0.912,3.0,constant,False,128,2,simple,,,5,100000,512,12000
20251201-200625,1.381611466407776,1.381611466407776,460.2453308105469,460.2453308105469,0.0128953851138551,0.2123947143554687,1.4128674733929518,1.4027799367904663,46.900001525878906,26.96951210208056,3860.333251953125,3836.2154332602895,2536.0,2536.0,-1.0,-1.0,-1.0,-1.0,4.005851268768311,3.837622991422328,283.5,252.58350018757145,macOS,Apple M2,8,8589934592,Chipset Model: Apple M2,,,ppo,3DBallHard,4096,0.000299,81920,0.000319,0.2,0.903,4.0,constant,False,32,1,simple,,,5,500000,512,12000
20251128-143029,192.6966094970703,249.43907165527344,2843.341796875,2915.359130859375,0.0124329910225544,3.2339244335889816,1.4411819347416062,1.4659024477005005,58.45000076293945,33.791014177253444,3988.666748046875,3687.5120437805913,2536.0,2536.0,-1.0,-1.0,-1.0,-1.0,12.64463996887207,10.924175170530756,150.046875,92.24646556808288,macOS,Apple M2,8,8589934592,Chipset Model: Apple M2,,,ppo,Crawler,4096,4.5e-05,81920,0.007499,0.138,0.947,10.0,constant,True,32,3,simple,,,5,2000000,64,12000
20251204-183100,1.75,2.25,,2470.3447265625,0.0244234201187888,0.0011925080859024,2.0567066852863016,,31.89999961853028,29.3249998826247,3762.0,3638.3653846153848,2536.0,2536.0,-1.0,-1.0,-1.0,-1.0,10.356822967529297,9.11609726685744,153.19468688964844,91.77697078998273,macOS,Apple M2,8,8589934592,Chipset Model: Apple M2,,,ppo,GridFoodCollector,1024,0.000272,20480,0.005136,0.132,0.905,10.0,linear,False,32,1,simple,,,5,500000,2048,12000
20251128-012302,19.51509666442871,19.51509666442871,138.53611755371094,138.53611755371094,0.0355014597827737,0.2697363610972057,1.3990792274475097,1.3741462230682373,80.0999984741211,37.79916667938232,4051.5,3532.991674804688,2536.0,2536.0,-1.0,-1.0,-1.0,-1.0,6.646217346191406,5.4136513590812685,93.56771087646484,70.2911979675293,macOS,Apple M2,8,8589934592,Chipset Model: Apple M2,,,ppo,3DBall,512,0.000275,20480,0.008002,0.105,0.949,3.0,linear,False,512,3,simple,,,5,250000,64,12000
20251205-214607,14.212881088256836,14.758545875549316,3337.717529296875,3547.19677734375,0.0339264836364301,4.928975494017443,1.325449170836483,1.2665727138519287,60.82500076293945,39.04518067693136,3946.333251953125,3725.5055240493225,2536.0,2536.0,-1.0,-1.0,-1.0,-1.0,10.664521217346191,9.741417069032968,119.7257843017578,63.56166699420975,macOS,Apple M2,8,8589934592,Chipset Model: Apple M2,,,ppo,Walker,512,0.000255,10240,0.007711,0.148,0.916,5.0,linear,False,256,1,simple,,,5,2000000,1024,12000
20251204-221724,-0.5761847496032715,0.6413538455963135,509.9877014160156,646.0966186523438,0.012851788662374,0.032787024974823,1.9442378244092384,1.942556858062744,51.70000076293945,35.33958315849304,3654.0,3400.395833333333,2536.0,2536.0,-1.0,-1.0,-1.0,-1.0,3.0790185928344727,2.858074911709489,144.2277374267578,79.39444574816474,macOS,Apple M2,8,8589934592,Chipset Model: Apple M2,,,ppo,PushBlock,4096,4.2e-05,327680,0.00388,0.128,0.926,8.0,linear,True,256,2,simple,,,5,500000,1024,12000
20251203-224358,-0.705149233341217,-0.705149233341217,1829.346435546875,1829.346435546875,0.0182155314832925,0.1897711157798767,1.4183470010757446,1.4149187803268433,61.22499847412109,47.24166679382324,4051.0,3997.8958435058594,2536.0,2536.0,-1.0,-1.0,-1.0,-1.0,7.975395202636719,3.4761229567229748,141.6164093017578,102.88564491271973,macOS,Apple M2,8,8589934592,Chipset Model: Apple M2,,,ppo,Crawler,2048,0.000141,81920,0.001453,0.14,0.935,5.0,constant,True,512,2,simple,,,5,100000,512,12000
20251130-192413,0.1666666716337204,0.5,163.4441375732422,436.7281188964844,,,2.1120853424072266,2.1120853424072266,26.600000381469727,25.83461526724009,3776.0,3611.307692307693,2536.0,2536.0,-1.0,-1.0,-1.0,-1.0,10.329030990600586,9.88158079294058,162.99374389648438,103.19490286020132,macOS,Apple M2,8,8589934592,Chipset Model: Apple M2,,,ppo,GridFoodCollector,4096,4.5e-05,327680,0.009057,0.187,0.926,4.0,linear,True,256,2,simple,,,5,250000,2048,12000
20251201-181213,88.51429748535156,100.00001525878906,289.655029296875,370.4692993164063,0.0342721820554949,0.0713533966548063,1.4138155303350308,1.407049298286438,32.70000076293945,26.716260305265106,4157.66650390625,4069.4552984470274,2536.0,2536.0,-1.0,-1.0,-1.0,-1.0,5.334225177764893,4.578536824482243,233.6875,217.799327199052,macOS,Apple M2,8,8589934592,Chipset Model: Apple M2,,,ppo,3DBall,512,2.6e-05,40960,0.008938,0.29,0.931,3.0,constant,True,128,3,simple,,,5,500000,256,12000
20251128-120126,8.972650527954102,9.415790557861328,904.7706909179688,915.9581909179688,0.0357947967325647,0.2235145506759484,1.4085214138031006,1.3822661638259888,71.69999694824219,58.04471541614068,4689.5,4220.743938166921,2536.0,2536.0,-1.0,-1.0,-1.0,-1.0,4.267116546630859,3.286745588953902,92.77842712402344,44.98158468851229,macOS,Apple M2,8,8589934592,Chipset Model: Apple M2,,,ppo,3DBallHard,512,0.000242,40960,0.006475,0.109,0.931,5.0,constant,True,256,1,simple,,,5,500000,1024,12000
20251207-215032,10.606091499328612,14.182609558105469,700.8014526367188,1720.6292724609375,-83.05772247314454,2.251832979917526,1.013379454612732,0.9556484818458556,24.920000076293945,24.35563621520996,4089.0,4022.03095703125,2536.0,2536.0,-1.0,-1.0,-1.0,-1.0,2.105153799057007,2.03955283164978,147.98411560058594,115.19854278564452,macOS,Apple M2,8,8589934592,Chipset Model: Apple M2,,,sac,Crawler,512,3.3e-05,500000,,,,,constant,False,64,3,simple,,,5,250000,64,50000
20251205-110012,-1.0000001192092896,-1.0000001192092896,15.582112312316896,166.19886779785156,0.0243560308590531,0.0023202477896119,1.607458063534328,1.6050506830215454,37.59999847412109,34.842856543404714,3545.0,3513.0,2536.0,2536.0,-1.0,-1.0,-1.0,-1.0,4.485457897186279,4.048315695353916,206.3500061035156,187.50982230050224,macOS,Apple M2,8,8589934592,Chipset Model: Apple M2,,,ppo,Pyramids,1024,0.000264,40960,0.004975,0.142,0.945,10.0,linear,True,256,2,simple,,,5,100000,2048,12000
20251128-013416,1.305811643600464,1.3310344219207764,210.0336151123047,257.151123046875,0.0133090252056717,0.0960879847407341,1.4166694588777495,1.4121438264846802,35.599998474121094,28.25040649786228,3379.0,3226.247975419208,2536.0,2536.0,-1.0,-1.0,-1.0,-1.0,6.326405048370361,6.062730021593048,175.796875,119.85351916057309,macOS,Apple M2,8,8589934592,Chipset Model: Apple M2,,,ppo,3DBall,4096,7.9e-05,327680,0.004931,0.193,0.915,5.0,constant,False,256,2,simple,,,5,500000,1024,12000
20251128-110341,1.3636549711227417,1.3979166746139526,863.0836791992188,904.9979858398438,0.0121639948338269,0.1028530274828274,1.4081832989152656,1.4014910459518433,75.26667022705078,36.520281251654566,4199.66650390625,3473.465867375753,2536.0,2536.0,-1.0,-1.0,-1.0,-1.0,4.88012170791626,4.506271997130061,140.0187530517578,78.51142432890742,macOS,Apple M2,8,8589934592,Chipset Model: Apple M2,,,ppo,3DBallHard,4096,0.000138,163840,0.001054,0.11,0.92,5.0,linear,False,128,2,simple,,,5,1000000,256,12000
20251203-123153,1.3028055429458618,1.336991786956787,101.40229034423828,123.14826965332033,0.0123268556781112,0.3430030047893524,1.418007004261017,1.416736721992493,35.5,30.538333415985107,3992.0,3965.016662597656,2536.0,2536.0,-1.0,-1.0,-1.0,-1.0,6.361106872558594,6.04140305519104,205.3249969482422,178.5955337524414,macOS,Apple M2,8,8589934592,Chipset Model: Apple M2,,,ppo,3DBall,4096,0.000297,81920,0.00496,0.295,0.931,4.0,linear,False,32,3,simple,,,5,250000,64,12000
20251201-235932,-0.532932698726654,-0.4788562357425689,315.8272705078125,389.7134704589844,0.0119998035952448,0.1949275285005569,1.41961367726326,1.421062707901001,38.70000076293945,32.402499961853025,3697.5,3624.587512207031,2536.0,2536.0,-1.0,-1.0,-1.0,-1.0,10.2058744430542,8.505078911781311,188.2648468017578,177.43746109008788,macOS,Apple M2,8,8589934592,Chipset Model: Apple M2,,,ppo,Crawler,4096,0.000136,163840,0.006378,0.158,0.942,10.0,constant,True,64,3,simple,,,5,250000,64,12000
20251201-214841,1905.6077880859373,2019.8603515625,2744.94921875,3212.9560546875,0.0351114180715133,8.041999489068985,1.292775952672384,1.0821468830108645,40.5,33.6798694449735,3746.333251953125,3695.3182711314007,2536.0,2536.0,-1.0,-1.0,-1.0,-1.0,11.055556297302246,9.842452043510344,216.515625,191.1834008090468,macOS,Apple M2,8,8589934592,Chipset Model: Apple M2,,,ppo,Crawler,512,0.000147,40960,0.004464,0.295,0.914,8.0,constant,False,128,2,simple,,,5,2000000,512,12000
20251202-000636,19.858470916748047,38.6688232421875,343.78094482421875,411.753662109375,0.0166576344519853,1.4891702592372895,1.4137531101703644,1.4116305112838743,34.96666717529297,33.01250009536743,3695.0,3666.2708251953127,2536.0,2536.0,-1.0,-1.0,-1.0,-1.0,10.827882766723633,9.03682782649994,218.125,176.09835968017578,macOS,Apple M2,8,8589934592,Chipset Model: Apple M2,,,ppo,Crawler,2048,0.000225,40960,0.007265,0.269,0.918,5.0,linear,False,512,3,simple,,,5,250000,64,12000
20251202-165744,0.8224359154701233,0.8224359154701233,63.08225631713867,63.08225631713867,0.024471066892147,0.2568768560886383,1.4183997213840485,1.4152659177780151,39.96666717529297,33.95833373069763,3699.333251953125,3531.1458435058594,2536.0,2536.0,-1.0,-1.0,-1.0,-1.0,5.976967811584473,5.524482905864716,153.1687469482422,110.54296779632568,macOS,Apple M2,8,8589934592,Chipset Model: Apple M2,,,ppo,3DBall,1024,4.2e-05,81920,0.007339,0.2,0.938,10.0,constant,False,256,1,simple,,,5,100000,128,12000
20251202-163955,100.00001525878906,100.00001525878906,148.95594787597656,162.65504455566406,0.0352130278267643,0.3326487378640608,1.3928737461566925,1.3174476623535156,80.30000305175781,42.22249975204468,4108.5,3796.533325195313,2536.0,2536.0,-1.0,-1.0,-1.0,-1.0,6.878831386566162,5.382248401641846,108.17708587646484,67.11632823944092,macOS,Apple M2,8,8589934592,Chipset Model: Apple M2,,,ppo,3DBall,512,0.000203,20480,0.006693,0.192,0.937,8.0,constant,True,64,1,simple,,,5,250000,2048,12000
20251207-133609,96.0461654663086,100.00001525878906,2662.425048828125,5564.1103515625,-19.604912853240968,0.0797707060584798,-0.0687261529266834,-0.502886176109314,31.237499237060547,28.9463607788086,3816.111083984375,3697.047778320312,2536.0,2536.0,-1.0,-1.0,-1.0,-1.0,1.5318763256072998,0.8927105665206909,103.70963287353516,65.63382225036621,macOS,Apple M2,8,8589934592,Chipset Model: Apple M2,,,sac,3DBallHard,512,0.00021,500000,,,,,constant,True,256,2,simple,,,5,500000,1024,50000
20251128-115322,1.5559734106063845,1.6596773862838743,364.9553527832031,424.3614501953125,0.0171860018745064,0.0348657872527837,1.4190514087677002,1.414360761642456,59.59999847412109,54.63833312988281,4359.0,4160.825,2536.0,2536.0,-1.0,-1.0,-1.0,-1.0,3.6398651599884033,3.400467157363892,75.77017974853516,60.50671138763428,macOS,Apple M2,8,8589934592,Chipset Model: Apple M2,,,ppo,3DBallHard,2048,0.000285,81920,0.007001,0.187,0.928,8.0,constant,True,64,3,simple,,,5,250000,256,12000
20251128-132356,1.6595401763916016,1.6595401763916016,1453.1153564453125,1453.1153564453125,0.0127819829309979,0.1386561368902523,1.4186558170490955,1.41328763961792,57.66666793823242,25.43865468128618,4021.5,3760.0733010165663,2536.0,2536.0,-1.0,-1.0,-1.0,-1.0,4.714772701263428,4.574783198804741,205.8374938964844,119.68951926173932,macOS,Apple M2,8,8589934592,Chipset Model: Apple M2,,,ppo,3DBallHard,4096,3.8e-05,327680,0.00885,0.226,0.914,4.0,constant,False,64,3,simple,,,5,2000000,64,12000
20251204-234349,-0.999950110912323,-0.8233078122138977,26057.619140625,34647.67578125,0.0175408704206347,0.0001191238043247,1.5984474023183186,1.597525954246521,76.5,45.424242771033086,3929.5,3732.792931758996,2536.0,2536.0,-1.0,-1.0,-1.0,-1.0,4.955621719360352,2.938289764421908,174.94686889648438,115.20963287353516,macOS,Apple M2,8,8589934592,Chipset Model: Apple M2,,,ppo,Pyramids,2048,0.000127,81920,0.005948,0.252,0.949,4.0,constant,False,32,3,simple,,,5,500000,2048,12000
20251128-142442,-0.5669293403625488,-0.335733026266098,266.1561889648437,329.1656494140625,0.0165283344686031,0.2573922872543335,1.4183210372924804,1.4169930219650269,36.20000076293945,31.7441668510437,3712.5,3572.4375,2536.0,2536.0,-1.0,-1.0,-1.0,-1.0,10.813697814941406,9.341211915016174,151.609375,114.36050796508788,macOS,Apple M2,8,8589934592,Chipset Model: Apple M2,,,ppo,Crawler,2048,0.000214,163840,0.005201,0.183,0.907,5.0,linear,True,64,3,simple,,,5,250000,64,12000
20251207-201929,100.00001525878906,100.00001525878906,661.6372680664062,5443.5166015625,-12.86368602514267,0.0261782855786122,0.3981947463471442,-0.9457099437713624,29.625,24.49920835494995,4098.7998046875,4047.323742675781,2536.0,2536.0,-1.0,-1.0,-1.0,-1.0,0.8395421504974365,0.6039282709360123,178.55313110351562,123.70101585388184,macOS,Apple M2,8,8589934592,Chipset Model: Apple M2,,,sac,3DBallHard,512,4.3e-05,100000,,,,,constant,True,64,3,simple,,,5,1000000,256,25000
20251201-134922,100.00001525878906,100.00001525878906,276.1580810546875,1154.298828125,0.0346117862353198,0.0148858812447829,1.1845009061227365,1.0809615850448608,47.25,32.96074297341956,3945.0,3660.064258989081,2536.0,2536.0,-1.0,-1.0,-1.0,-1.0,7.195681095123291,6.133680076484221,224.1875,136.31681734108062,macOS,Apple M2,8,8589934592,Chipset Model: Apple M2,,,ppo,3DBall,512,9.9e-05,20480,0.007609,0.152,0.926,8.0,constant,False,32,2,simple,,,5,2000000,2048,12000
20251201-201426,100.00000762939452,100.00000762939452,228.53289794921875,2275.642333984375,0.024077813035434,0.0715511878304298,1.2634290557309806,1.244572401046753,40.25,25.68855423525155,4104.0,3808.646585855139,2536.0,2536.0,-1.0,-1.0,-1.0,-1.0,4.087256908416748,3.647188558635941,455.140625,314.5161039053676,macOS,Apple M2,8,8589934592,Chipset Model: Apple M2,,,ppo,3DBallHard,1024,0.000251,20480,0.005305,0.287,0.918,10.0,linear,False,256,3,simple,,,5,2000000,64,12000
20251204-222823,-0.0826462134718895,4.814800262451172,13.380803108215332,1393.2657470703125,0.0355123322043153,0.0320259573481355,1.7748479053198574,1.5394132137298584,85.4000015258789,36.22258057132844,3916.0,3697.411290322581,2536.0,2536.0,-1.0,-1.0,-1.0,-1.0,3.23075795173645,2.545736625970128,136.3484649658203,65.60275466183582,macOS,Apple M2,8,8589934592,Chipset Model: Apple M2,,,ppo,PushBlock,512,3.9e-05,20480,0.001118,0.29,0.901,10.0,constant,False,32,1,simple,,,5,1000000,512,12000
20251202-165854,100.00001525878906,100.00001525878906,393.2192993164063,657.1072998046875,0.0248376060432443,0.0934522666890794,1.3395844539964057,1.2883923053741455,37.53333282470703,31.34016076053481,3479.0,3404.0441718044053,2536.0,2536.0,-1.0,-1.0,-1.0,-1.0,7.326075553894043,6.375519695052182,184.3374938964844,156.49148458457856,macOS,Apple M2,8,8589934592,Chipset Model: Apple M2,,,ppo,3DBall,1024,7.1e-05,40960,0.009942,0.141,0.91,10.0,linear,False,256,2,simple,,,5,1000000,1024,12000
20251130-110559,1.058823585510254,5.25,7032.98974609375,8562.8037109375,0.0122912201014431,0.0039872299477626,2.0831979320434755,2.029688835144043,51.70000076293945,28.92227714840729,3642.0,3438.371287128713,2536.0,2536.0,-1.0,-1.0,-1.0,-1.0,11.659321784973145,9.728746936706726,152.6824951171875,70.86124666865001,macOS,Apple M2,8,8589934592,Chipset Model: Apple M2,,,ppo,GridFoodCollector,4096,0.000271,163840,0.007301,0.154,0.915,8.0,constant,True,32,2,simple,,,5,2000000,512,12000
20251205-110307,-0.9162001013755798,-0.7700308561325073,1824.437255859375,4970.33837890625,0.0173176038078963,0.0017885064856575,3.229944608297693,3.221656560897827,61.33333206176758,28.45873499491129,3533.0,3380.903620340738,2536.0,2536.0,-1.0,-1.0,-1.0,-1.0,3.086960792541504,2.636782901832856,134.78082275390625,79.9851670322648,macOS,Apple M2,8,8589934592,Chipset Model: Apple M2,,,ppo,Sorter,2048,0.000153,81920,0.0066,0.189,0.906,10.0,constant,False,256,2,simple,,,5,1000000,1024,12000
20251207-115503,100.00001525878906,100.00001525878906,421.7934875488281,1128.2232666015625,-9.413993793725968,0.0109070165664888,0.1550889320671558,-0.243090733885765,36.875,30.81000003814697,3759.800048828125,3591.2583251953124,2536.0,2536.0,-1.0,-1.0,-1.0,-1.0,1.0333250761032104,0.7320421576499939,160.0968780517578,91.51479415893554,macOS,Apple M2,8,8589934592,Chipset Model: Apple M2,,,sac,3DBall,512,0.000126,500000,,,,,constant,True,256,1,simple,,,5,250000,512,25000
20251202-181611,-0.8519836664199829,-0.7845268845558167,311.67120361328125,325.82244873046875,,,1.4189382910728454,1.4189382791519165,36.900001525878906,33.16833362579346,3856.666748046875,3804.375,2536.0,2536.0,-1.0,-1.0,-1.0,-1.0,9.288066864013672,8.886068511009217,161.234375,147.5819534301758,macOS,Apple M2,8,8589934592,Chipset Model: Apple M2,,,ppo,Crawler,4096,0.000224,327680,0.005663,0.163,0.936,10.0,linear,True,256,1,simple,,,5,250000,2048,12000
20251201-230949,468.8465576171875,990.9407958984376,2617.057373046875,2959.6904296875,0.0175204560509882,38.38791350834072,1.443814373159983,1.4656996726989746,39.84999847412109,34.15527096713882,3711.0,3667.940257612481,2536.0,2536.0,-1.0,-1.0,-1.0,-1.0,11.171844482421877,10.46312353697168,204.640625,183.9669615963856,macOS,Apple M2,8,8589934592,Chipset Model: Apple M2,,,ppo,Crawler,2048,0.0001,40960,0.009543,0.162,0.909,3.0,constant,True,128,3,simple,,,5,2000000,2048,12000
20251205-162739,-0.7067154049873352,-0.6608167290687561,115.96459197998048,148.7572784423828,,,1.4189382940530777,1.4189382791519165,40.13333511352539,36.016666889190674,4036.0,3858.09375,2536.0,2536.0,-1.0,-1.0,-1.0,-1.0,12.055131912231444,11.257827162742617,153.78125,149.08193397521973,macOS,Apple M2,8,8589934592,Chipset Model: Apple M2,,,ppo,Walker,4096,0.000159,327680,0.00239,0.274,0.917,4.0,linear,False,256,3,simple,,,5,100000,128,12000
20251201-165905,92.91429901123048,100.00001525878906,326.79180908203125,1818.9345703125,0.0343866047332994,0.0510124692467191,1.2936435700899147,1.247540831565857,38.20000076293945,26.457730994167097,3804.5,3698.0993975903616,2536.0,2536.0,-1.0,-1.0,-1.0,-1.0,5.482150077819824,4.154874205589294,182.53125,135.8857147492558,macOS,Apple M2,8,8589934592,Chipset Model: Apple M2,,,ppo,3DBall,512,0.000138,20480,0.002092,0.103,0.931,3.0,linear,False,512,2,simple,,,5,2000000,256,12000
20251205-224534,0.4252083301544189,0.4252083301544189,1985.90771484375,1985.90771484375,0.012360684107989,0.1526729526619115,1.4290018727980465,1.4367327690124512,58.125,42.16656627425228,4251.33349609375,3695.762051134224,2536.0,2536.0,-1.0,-1.0,-1.0,-1.0,12.130908012390137,10.670771050165934,140.1007843017578,60.35250376506024,macOS,Apple M2,8,8589934592,Chipset Model: Apple M2,,,ppo,Walker,4096,4.5e-05,163840,0.007837,0.249,0.916,10.0,constant,False,32,3,simple,,,5,1000000,1024,12000
20251203-125356,92.33847045898438,100.00000762939452,524.0515747070312,1408.837646484375,0.034706722673339,0.111792859378814,1.3770752836422748,1.4197980165481567,51.5,30.11626505564494,4036.666748046875,3995.89558281956,2536.0,2536.0,-1.0,-1.0,-1.0,-1.0,5.531466007232666,4.642136010778955,373.46875,276.4455287887389,macOS,Apple M2,8,8589934592,Chipset Model: Apple M2,,,ppo,3DBallHard,512,8.6e-05,40960,0.007297,0.127,0.935,4.0,constant,True,32,3,simple,,,5,2000000,64,12000
20251203-183957,1.6180994510650637,1.6321183443069458,1689.1490478515625,1960.9033203125,0.0127934186408916,0.0605754430095354,1.4114982765841195,1.4043916463851929,66.16666412353516,41.09277120842991,4557.0,4311.736942888742,2536.0,2536.0,-1.0,-1.0,-1.0,-1.0,4.389505863189697,4.062723431242517,107.830078125,55.09201419784362,macOS,Apple M2,8,8589934592,Chipset Model: Apple M2,,,ppo,3DBallHard,4096,9.5e-05,327680,0.006484,0.168,0.942,5.0,linear,False,256,2,simple,,,5,2000000,2048,12000
20251128-131750,46.3416748046875,46.3416748046875,350.0751647949219,350.0751647949219,0.0356725423850795,0.0836222554472359,1.3937981128692627,1.3449456691741943,34.349998474121094,25.55487823486328,4014.0,3965.995944883765,2536.0,2536.0,-1.0,-1.0,-1.0,-1.0,5.0505218505859375,4.544196791765167,246.03125,195.8930005329412,macOS,Apple M2,8,8589934592,Chipset Model: Apple M2,,,ppo,3DBallHard,512,8.5e-05,40960,0.000222,0.156,0.942,4.0,constant,True,64,3,simple,,,5,500000,512,12000
20251201-154021,1.4056366682052612,1.5004338026046753,386.4676818847656,477.217041015625,0.0126049773146708,0.1080932642022768,1.414452314376831,1.4127060174942017,47.79999923706055,29.995528383952816,3669.333251953125,3520.8617925876524,2536.0,2536.0,-1.0,-1.0,-1.0,-1.0,4.8766374588012695,3.981839616124223,176.8489532470703,87.10214214790159,macOS,Apple M2,8,8589934592,Chipset Model: Apple M2,,,ppo,3DBall,4096,6.6e-05,163840,0.007242,0.266,0.946,5.0,constant,False,128,2,simple,,,5,500000,1024,12000
20251204-221443,-0.999950110912323,0.6683075428009033,26.56106948852539,136.88597106933594,0.0247394554316997,0.0130171990022063,1.9442441761493685,1.9426283836364744,31.600000381469727,28.614285605294363,3311.0,3283.8571428571427,2536.0,2536.0,-1.0,-1.0,-1.0,-1.0,2.955640316009521,2.740176379680633,131.53994750976562,121.06571388244627,macOS,Apple M2,8,8589934592,Chipset Model: Apple M2,,,ppo,PushBlock,1024,0.000186,40960,0.0058,0.143,0.902,8.0,linear,True,512,3,simple,,,5,100000,2048,12000
20251203-131735,100.00001525878906,100.00001525878906,291.44989013671875,19329.744140625,0.0242113466717694,0.0028598789265072,1.2927860876163804,1.315656065940857,78.3499984741211,37.96345370648855,4329.0,3977.8092393990014,2536.0,2536.0,-1.0,-1.0,-1.0,-1.0,5.27463960647583,4.131300581506936,349.453125,119.8540657916701,macOS,Apple M2,8,8589934592,Chipset Model: Apple M2,,,ppo,3DBallHard,1024,0.000157,20480,0.006105,0.248,0.903,10.0,constant,False,128,3,simple,,,5,2000000,2048,12000
20251204-220108,-0.9998473525047302,-0.946569561958313,62.75320816040039,105.12051391601562,0.0309188971295952,0.0415599183179437,1.5971250385046003,1.5762474536895752,54.34999847412109,35.581249475479126,3519.0,3390.0,2536.0,2536.0,-1.0,-1.0,-1.0,-1.0,4.489653587341309,4.13757586479187,117.48421478271484,86.48384666442871,macOS,Apple M2,8,8589934592,Chipset Model: Apple M2,,,ppo,Hallway,1024,0.000235,40960,0.004777,0.253,0.905,10.0,constant,True,64,1,simple,,,5,100000,1024,12000
20251201-163605,69.48889923095703,86.74287414550781,1304.0621337890625,1370.2618408203125,0.0245633929346998,0.0203092336450935,1.3818850876337074,1.3401947021484375,52.20000076293945,27.58514048105263,3971.5,3678.2128465032,2536.0,2536.0,-1.0,-1.0,-1.0,-1.0,4.70224666595459,3.6094868847404618,186.140625,129.0246392675193,macOS,Apple M2,8,8589934592,Chipset Model: Apple M2,,,ppo,3DBall,1024,6.9e-05,40960,0.006547,0.134,0.937,3.0,constant,False,256,2,simple,,,5,1000000,128,12000
20251202-182210,57.35731887817383,85.04071807861328,353.5672302246094,394.0724182128906,0.0245157234370708,0.4869353115558624,1.419755870103836,1.4218839406967163,36.73333358764648,35.29250030517578,3832.0,3709.512487792969,2536.0,2536.0,-1.0,-1.0,-1.0,-1.0,11.560766220092772,9.668127417564392,165.390625,157.4187110900879,macOS,Apple M2,8,8589934592,Chipset Model: Apple M2,,,ppo,Crawler,1024,2.9e-05,40960,0.006837,0.227,0.918,10.0,constant,False,256,3,simple,,,5,250000,64,12000
20251205-093729,-1.0,-1.0,1191.4674072265625,1969.986328125,0.0345560308636688,6.546566556807289e-05,1.518391783644513,1.4652026891708374,91.5999984741211,39.61341453180081,3811.0,3505.4024390243903,2536.0,2536.0,-1.0,-1.0,-1.0,-1.0,4.59177303314209,3.630551902259268,158.2708282470703,119.10485356028488,macOS,Apple M2,8,8589934592,Chipset Model: Apple M2,,,ppo,Pyramids,512,0.000118,10240,0.000385,0.142,0.907,8.0,linear,False,512,3,simple,,,5,500000,64,12000
20251201-124734,100.00001525878906,100.00001525878906,269.7060546875,508.4505615234375,0.0355532284205158,0.1105781168444081,1.2672250931521496,1.1541768312454224,58.26666641235352,35.869076280708775,3967.0,3679.516066217997,2536.0,2536.0,-1.0,-1.0,-1.0,-1.0,6.980499267578125,6.135244582072798,153.3093719482422,98.33603020173958,macOS,Apple M2,8,8589934592,Chipset Model: Apple M2,,,ppo,3DBall,512,0.000245,40960,0.003457,0.191,0.905,4.0,linear,False,32,3,simple,,,5,1000000,2048,12000
20251201-193027,1.1969406604766846,1.2297086715698242,53.20441055297852,84.7467269897461,,,1.418938249349594,1.4189382791519165,32.900001525878906,28.12916755676269,3879.666748046875,3866.6041564941406,2536.0,2536.0,-1.0,-1.0,-1.0,-1.0,3.895283937454224,3.7953907251358032,234.84375,220.523178100586,macOS,Apple M2,8,8589934592,Chipset Model: Apple M2,,,ppo,3DBallHard,4096,0.000154,163840,0.003593,0.107,0.932,5.0,linear,False,32,1,simple,,,5,100000,512,12000
20251208-155120,2120.67431640625,2753.3671875,11005.59375,12408.169921875,-48.086992466449736,0.4936333849094808,0.4857080221176147,0.3807576894760132,45.05454635620117,34.91947226524353,3887.9091796875,3686.464959716797,2536.0,2536.0,-1.0,-1.0,-1.0,-1.0,2.7131810188293457,2.371945840120316,128.15078735351562,63.88709011077881,macOS,Apple M2,8,8589934592,Chipset Model: Apple M2,,,sac,Crawler,128,0.000104,500000,,,,,constant,True,256,2,simple,,,5,2000000,2048,50000
20251128-014109,3.3128676414489746,3.3128676414489746,32111.572265625,32111.572265625,0.0180793423205613,0.1893924921751022,1.4091584179774823,1.3988168239593506,81.33333587646484,43.38493960736746,3868.333251953125,3671.096388483622,2536.0,2536.0,-1.0,-1.0,-1.0,-1.0,7.433243751525879,5.3483904614506,176.53125,82.58342600443277,macOS,Apple M2,8,8589934592,Chipset Model: Apple M2,,,ppo,3DBall,2048,0.000243,163840,0.006949,0.134,0.916,5.0,constant,True,32,1,simple,,,5,1000000,1024,12000
20251201-205233,1.262204647064209,1.2631163597106934,180.3400421142578,221.9510803222656,0.0257552126422524,0.0503230914473533,1.4193166196346283,1.418367624282837,38.29999923706055,26.49249963760376,3744.0,3712.95,2536.0,2536.0,-1.0,-1.0,-1.0,-1.0,3.976858377456665,3.822277772426605,246.140625,221.38817672729493,macOS,Apple M2,8,8589934592,Chipset Model: Apple M2,,,ppo,3DBallHard,1024,0.000289,81920,0.008201,0.274,0.9,4.0,linear,False,128,2,simple,,,5,250000,2048,12000
20251205-141141,-1.2513625621795654,-0.8430699706077576,1751.814453125,3230.299560546875,0.0174798592925071,0.011074805787454,3.2034133486000886,3.168400287628174,41.13333511352539,32.08985939945083,3936.0,3620.402611422252,2536.0,2536.0,-1.0,-1.0,-1.0,-1.0,2.605421304702759,2.476248514221376,180.65847778320312,84.25695708860835,macOS,Apple M2,8,8589934592,Chipset Model: Apple M2,,,ppo,Sorter,2048,0.000135,163840,0.003629,0.248,0.909,4.0,linear,False,32,2,simple,,,5,1000000,256,12000
20251207-151005,100.00001525878906,100.00001525878906,594.5067138671875,804.9771118164062,-6.819994628429413,0.0493571208789944,0.8598692864179611,0.8077797889709473,30.575000762939453,28.21500062942505,4047.199951171875,3922.9874877929688,2536.0,2536.0,-1.0,-1.0,-1.0,-1.0,1.199144721031189,0.5859522745013237,96.5852279663086,71.62102222442627,macOS,Apple M2,8,8589934592,Chipset Model: Apple M2,,,sac,3DBallHard,1024,0.000213,100000,,,,,constant,True,32,2,simple,,,5,100000,128,25000
20251203-125225,1.4132075309753418,1.4132075309753418,83.77154541015625,83.77154541015625,0.016551615204662,0.0719535704702138,1.427822783589363,1.4371248483657837,31.200000762939453,29.66875004768372,4047.0,4012.875030517578,2536.0,2536.0,-1.0,-1.0,-1.0,-1.0,4.451634883880615,4.0856814086437225,172.203125,158.27265548706055,macOS,Apple M2,8,8589934592,Chipset Model: Apple M2,,,ppo,3DBallHard,2048,0.000256,40960,0.008344,0.261,0.914,10.0,constant,True,32,3,simple,,,5,100000,512,12000
20251128-123312,14.035804748535156,14.035804748535156,2663.833740234375,2663.833740234375,0.0181282452928522,0.0268857384410996,1.4031459818403405,1.3572895526885986,83.0,49.19638547552637,4883.33349609375,4378.861451666039,2536.0,2536.0,-1.0,-1.0,-1.0,-1.0,5.376095771789551,3.926918695490045,101.34136199951172,44.36817401288504,macOS,Apple M2,8,8589934592,Chipset Model: Apple M2,,,ppo,3DBallHard,2048,0.000293,163840,0.009541,0.243,0.95,8.0,linear,False,256,1,simple,,,5,2000000,1024,12000
20251204-105510,0.5,0.5,67.09923553466797,178.2076416015625,,,2.112084925174713,2.1120848655700684,33.20000076293945,29.914285932268417,3792.0,3692.214285714286,2536.0,2536.0,-1.0,-1.0,-1.0,-1.0,9.95020866394043,9.398901522159576,152.67083740234375,111.0034761428833,macOS,Apple M2,8,8589934592,Chipset Model: Apple M2,,,ppo,GridFoodCollector,2048,0.000123,163840,0.001002,0.27,0.904,8.0,constant,True,256,1,simple,,,5,100000,256,12000
20251206-223313,51.33061981201172,100.00001525878906,497.027587890625,3075.95166015625,-16.358077573776246,0.0067710744682698,0.065672561712563,-0.509364902973175,41.59999847412109,33.67100028991699,4027.5,3635.960009765625,2536.0,2536.0,-1.0,-1.0,-1.0,-1.0,5.723608493804932,3.7674916267395018,70.66983032226562,53.57665977478028,macOS,Apple M2,8,8589934592,Chipset Model: Apple M2,,,sac,3DBall,1024,0.000243,50000,,,,,constant,True,128,3,simple,,,5,250000,1024,25000
20251201-224232,73.43968963623047,103.52493286132812,587.3579711914062,778.0421752929688,0.0247553712265057,1.5286865559491245,1.429641784691229,1.441430926322937,41.53333282470703,33.824593660308096,3744.5,3723.5223656631097,2536.0,2536.0,-1.0,-1.0,-1.0,-1.0,11.122476577758787,9.752659344091647,209.890625,190.9911774425972,macOS,Apple M2,8,8589934592,Chipset Model: Apple M2,,,ppo,Crawler,1024,0.000151,40960,0.008799,0.183,0.945,8.0,constant,True,64,1,simple,,,5,500000,256,12000
20251201-133850,100.00000762939452,100.00000762939452,166.30966186523438,624.1815795898438,0.0252932170405983,0.0611882039665942,1.1389026067343102,0.9059842228889464,65.0,32.93052197651691,3642.0,3579.26907826619,2536.0,2536.0,-1.0,-1.0,-1.0,-1.0,6.835409641265869,6.226947813148958,186.765625,133.12707717160146,macOS,Apple M2,8,8589934592,Chipset Model: Apple M2,,,ppo,3DBall,1024,0.000251,40960,0.002157,0.255,0.943,10.0,constant,True,64,2,simple,,,5,1000000,64,12000
20251205-150547,-0.9816001057624816,-0.8278143405914307,1719.4776611328125,4892.814453125,0.0177722289226948,0.0033130655720014,3.233024243848869,3.21215295791626,43.95000076293945,28.90532135101686,4123.25,3679.1415692065134,2536.0,2536.0,-1.0,-1.0,-1.0,-1.0,2.7914810180664062,2.6408791542053223,159.3203125,82.7027576860175,macOS,Apple M2,8,8589934592,Chipset Model: Apple M2,,,ppo,Sorter,2048,0.000253,81920,0.007213,0.23,0.925,10.0,linear,True,64,1,simple,,,5,1000000,2048,12000
20251128-002347,100.00001525878906,100.00001525878906,574.5982055664062,2614.132080078125,0.0351920486851171,0.1523466855287551,1.395974612236023,1.3627153635025024,81.94999694824219,43.48416614532471,4371.5,4050.275,2536.0,2536.0,-1.0,-1.0,-1.0,-1.0,6.589254379272461,5.461891102790832,164.484375,96.97710933685303,macOS,Apple M2,8,8589934592,Chipset Model: Apple M2,,,ppo,3DBall,512,9.1e-05,20480,0.008273,0.283,0.906,4.0,constant,True,64,3,simple,,,5,250000,2048,12000
20251128-104758,1.6243181228637695,1.6243181228637695,56.21114349365234,56.21114349365234,0.0246799448505043,0.0583849241957067,1.4182388633489609,1.4176723957061768,52.04999923706055,50.97500038146973,3638.0,3578.020874023437,2536.0,2536.0,-1.0,-1.0,-1.0,-1.0,5.150391578674316,4.6871379017829895,137.63436889648438,128.06744766235352,macOS,Apple M2,8,8589934592,Chipset Model: Apple M2,,,ppo,3DBall,1024,5e-05,20480,0.003667,0.29,0.946,5.0,linear,True,256,3,simple,,,5,100000,256,12000
20251208-192006,195.2428741455078,195.2428741455078,4484.59228515625,4484.59228515625,-103.43118095397948,1.7535361871123314,0.8390913754701614,0.6063233613967896,45.52000045776367,35.825833797454834,4175.2001953125,3940.858337402344,2536.0,2536.0,-1.0,-1.0,-1.0,-1.0,0.5354370474815369,0.4045809507369995,80.84896087646484,61.094401359558105,macOS,Apple M2,8,8589934592,Chipset Model: Apple M2,,,sac,Crawler,1024,0.00014,200000,,,,,constant,True,256,2,simple,,,5,100000,512,25000
20251202-171559,1.447982907295227,1.4933044910430908,177.41787719726562,196.8607940673828,0.0350697646764191,0.0376405301080508,1.4007376432418823,1.3863112926483154,32.5,30.63166666030884,3386.0,3362.8833251953124,2536.0,2536.0,-1.0,-1.0,-1.0,-1.0,4.722298622131348,4.261394488811493,199.203125,177.26688690185546,macOS,Apple M2,8,8589934592,Chipset Model: Apple M2,,,ppo,3DBallHard,512,0.000189,20480,0.003987,0.16,0.913,8.0,linear,False,512,1,simple,,,5,250000,2048,12000
20251201-194126,100.00001525878906,100.00001525878906,515.1912841796875,986.7828979492188,0.0341171438704771,0.0294220024440717,1.3809911414801357,1.3717048168182373,42.70000076293945,26.166265005088714,3927.0,3758.407632483057,2536.0,2536.0,-1.0,-1.0,-1.0,-1.0,3.888118982315064,3.5909569234733123,310.4468688964844,228.2176798625165,macOS,Apple M2,8,8589934592,Chipset Model: Apple M2,,,ppo,3DBallHard,512,0.000116,10240,0.003086,0.147,0.908,4.0,constant,True,32,3,simple,,,5,1000000,256,12000
20251128-222624,344.2016296386719,501.0306091308594,70499.453125,70605.0390625,0.0343662198992019,21.412562553243465,1.4706863954842808,1.487170696258545,81.69999694824219,43.33313241062394,4284.0,3663.3353359727976,2536.0,2536.0,-1.0,-1.0,-1.0,-1.0,12.40225601196289,6.280746778877205,119.1320343017578,57.87484938839832,macOS,Apple M2,8,8589934592,Chipset Model: Apple M2,,,ppo,Crawler,512,5.4e-05,10240,0.009911,0.132,0.912,10.0,linear,False,64,3,simple,,,5,2000000,2048,12000
20251205-102133,-1.0000001192092896,-1.0000001192092896,15.477553367614746,1584.9287109375,0.0184275079518556,0.0072638027690117,1.5758377086548578,,47.900001525878906,37.58095253838433,3736.5,3382.6428571428573,2536.0,2536.0,-1.0,-1.0,-1.0,-1.0,5.016352653503418,4.246015117281959,196.390625,125.6817860679021,macOS,Apple M2,8,8589934592,Chipset Model: Apple M2,,,ppo,Pyramids,2048,0.000146,81920,0.007115,0.117,0.901,10.0,linear,False,512,1,simple,,,5,1000000,1024,12000
20251201-124625,4.574641704559326,4.574641704559326,62.67102813720703,62.67102813720703,0.0341888801194727,0.0391764566302298,1.401152491569519,1.3660790920257568,48.150001525878906,36.29999995231629,3930.5,3868.833312988281,2536.0,2536.0,-1.0,-1.0,-1.0,-1.0,5.546773910522461,4.891997992992401,142.08438110351562,130.18242263793945,macOS,Apple M2,8,8589934592,Chipset Model: Apple M2,,,ppo,3DBall,512,0.000265,10240,0.004184,0.14,0.9,10.0,constant,True,128,1,simple,,,5,100000,128,12000
20251205-104806,-1.0,-1.0,27.3864803314209,708.0509643554688,0.0149382734671235,0.0052442075684666,1.6062723514510364,1.5999749898910522,48.59999847412109,36.49634142619808,3504.0,3376.353658536585,2536.0,2536.0,-1.0,-1.0,-1.0,-1.0,4.5597920417785645,4.202762155998044,200.640625,143.61282088116903,macOS,Apple M2,8,8589934592,Chipset Model: Apple M2,,,ppo,Pyramids,4096,0.000206,327680,0.00829,0.286,0.935,10.0,linear,False,64,2,simple,,,5,500000,128,12000
20251207-121404,100.00001525878906,100.00001525878906,210.76698303222656,729.5842895507812,-7.961869168281555,0.0100432347040622,-0.0845894124824553,-0.4378432929515838,40.28333282470703,33.56883296966553,3832.0,3745.8283203125,2536.0,2536.0,-1.0,-1.0,-1.0,-1.0,2.3467581272125244,2.0467946887016297,113.2352066040039,71.67250633239746,macOS,Apple M2,8,8589934592,Chipset Model: Apple M2,,,sac,3DBall,256,0.000286,500000,,,,,constant,True,64,1,simple,,,5,250000,2048,25000
20251204-191223,0.4117647111415863,1.0,920.329833984375,1839.74609375,0.0177993495017289,0.0015850407653488,2.08904036453792,2.045085430145264,33.0,30.00769241039569,3771.5,3578.3076923076924,2536.0,2536.0,-1.0,-1.0,-1.0,-1.0,10.08058261871338,9.4165700503758,159.0729217529297,92.18400319417316,macOS,Apple M2,8,8589934592,Chipset Model: Apple M2,,,ppo,GridFoodCollector,2048,0.000278,163840,0.002713,0.289,0.911,8.0,constant,False,256,1,simple,,,5,500000,512,12000
20251128-222043,2.2171192169189453,2.243382692337036,285.8360595703125,322.5078430175781,0.0173753798007965,0.9926716089248656,1.4170822083950043,1.413143754005432,35.29999923706055,31.95375022888184,3220.0,3120.641650390625,2536.0,2536.0,-1.0,-1.0,-1.0,-1.0,12.28889274597168,10.676211881637574,122.9132843017578,87.4589454650879,macOS,Apple M2,8,8589934592,Chipset Model: Apple M2,,,ppo,Crawler,2048,0.000273,163840,0.000308,0.285,0.916,4.0,constant,False,512,1,simple,,,5,250000,1024,12000
20251205-231901,5.559821128845215,5.559821128845215,4064.905029296875,4064.905029296875,0.0244463422956565,0.5917737873581549,1.4132349979446597,1.4040138721466064,62.45000076293945,41.549598188285366,3911.333251953125,3671.401602503765,2536.0,2536.0,-1.0,-1.0,-1.0,-1.0,11.755814552307127,9.785038921129273,122.4609375,70.46130458418145,macOS,Apple M2,8,8589934592,Chipset Model: Apple M2,,,ppo,Walker,1024,3.8e-05,40960,0.002118,0.293,0.928,4.0,constant,False,256,3,simple,,,5,1000000,2048,12000
20251203-123504,1.1181480884552002,1.175521731376648,90.92493438720705,106.88861846923828,,,1.418938255310059,1.4189382791519165,31.0,29.960833263397216,4046.666748046875,3997.166662597656,2536.0,2536.0,-1.0,-1.0,-1.0,-1.0,6.490105152130127,6.31304144859314,216.140625,180.62200546264648,macOS,Apple M2,8,8589934592,Chipset Model: Apple M2,,,ppo,3DBall,4096,0.000289,327680,0.00733,0.103,0.947,10.0,linear,False,32,1,simple,,,5,250000,1024,12000
20251128-105005,17.582260131835938,17.582260131835938,806.8810424804688,806.8810424804688,0.0175008286411563,0.0383376168708006,1.3808516881552086,1.33706796169281,62.150001525878906,32.909839400325914,4284.0,3910.052207854857,2536.0,2536.0,-1.0,-1.0,-1.0,-1.0,4.749835014343262,4.355734704488731,358.390625,203.5055346661304,macOS,Apple M2,8,8589934592,Chipset Model: Apple M2,,,ppo,3DBallHard,2048,0.000269,81920,0.002573,0.208,0.947,8.0,linear,True,128,1,simple,,,5,1000000,64,12000
20251206-232447,80.58065795898438,100.00001525878906,223.37643432617188,44972.34375,-26.543277414143084,0.0326066641253418,-0.3696733906399458,0.3603882193565368,59.65999984741211,31.88529162406921,4064.199951171875,3731.254577636719,2536.0,2536.0,-1.0,-1.0,-1.0,-1.0,5.801942825317383,3.2214279800653456,153.6921844482422,84.20562753677368,macOS,Apple M2,8,8589934592,Chipset Model: Apple M2,,,sac,3DBall,128,0.000176,200000,,,,,constant,False,512,3,simple,,,5,2000000,1024,25000
20251201-225557,70.49491119384766,86.85346221923828,695.7353515625,807.8541870117188,0.0245227124541997,0.3373294854941575,1.4064964230467634,1.4009462594985962,37.07500076293945,33.29414665408251,3726.800048828125,3709.5756002286585,2536.0,2536.0,-1.0,-1.0,-1.0,-1.0,11.232780456542969,8.99331023053425,206.203125,192.6625381097561,macOS,Apple M2,8,8589934592,Chipset Model: Apple M2,,,ppo,Crawler,1024,6.4e-05,20480,0.000961,0.223,0.917,10.0,linear,False,256,1,simple,,,5,500000,128,12000
20251206-004441,0.2840538918972015,0.5939708948135376,24.57720375061035,72.57196807861328,,,1.4189384579658508,1.4189385175704956,37.63333511352539,36.01249980926514,3590.5,3565.895812988281,2536.0,2536.0,-1.0,-1.0,-1.0,-1.0,13.44034481048584,12.450344264507294,148.640625,142.36308670043945,macOS,Apple M2,8,8589934592,Chipset Model: Apple M2,,,ppo,Worm,2048,3.9e-05,163840,0.006314,0.147,0.931,10.0,constant,False,512,3,simple,,,5,100000,256,12000
20251201-161059,100.00001525878906,100.00001525878906,94.6145477294922,967.6785888671876,0.0342171151550059,0.0216394675427806,1.1377308555396206,1.0529578924179075,36.04999923706055,26.127510208681404,3986.0,3671.1004035673946,2536.0,2536.0,-1.0,-1.0,-1.0,-1.0,4.897124290466309,4.185485658875431,202.6687469482422,123.73802258594928,macOS,Apple M2,8,8589934592,Chipset Model: Apple M2,,,ppo,3DBall,512,0.000247,10240,0.009181,0.19,0.935,10.0,linear,True,64,2,simple,,,5,1000000,2048,12000
20251205-130848,-1.168507695198059,-0.7668727040290833,3152.53369140625,3758.269287109375,0.0123078608885407,0.0188544808576504,3.267277214900557,3.257902145385742,50.96666717529297,32.49186724927052,4019.666748046875,3782.880521107869,2536.0,2536.0,-1.0,-1.0,-1.0,-1.0,2.791866064071656,2.5950404161430267,134.761474609375,74.45959711649331,macOS,Apple M2,8,8589934592,Chipset Model: Apple M2,,,ppo,Sorter,4096,0.00021,327680,0.004104,0.262,0.941,4.0,linear,False,512,2,simple,,,5,1000000,128,12000
20251130-184119,0.25,0.5833333134651184,200.87466430664065,1819.35009765625,0.0126321399584412,0.0031625600531697,2.1125441056031447,,33.400001525878906,26.111538520226112,3681.5,3511.1153846153848,2536.0,2536.0,-1.0,-1.0,-1.0,-1.0,10.26291561126709,9.77850264769334,160.796875,94.21150853083684,macOS,Apple M2,8,8589934592,Chipset Model: Apple M2,,,ppo,GridFoodCollector,4096,0.000299,327680,0.005074,0.113,0.939,8.0,linear,False,256,3,simple,,,5,500000,2048,12000
20251202-164250,100.00001525878906,100.00001525878906,531.4614868164062,604.3875122070312,0.0136996163831402,0.0114635316349449,1.378137778086835,1.320801019668579,56.93333435058594,30.569076193384376,3654.0,3592.7851356598267,2536.0,2536.0,-1.0,-1.0,-1.0,-1.0,7.18797492980957,6.429505181599812,165.0625,133.91345361916416,macOS,Apple M2,8,8589934592,Chipset Model: Apple M2,,,ppo,3DBall,4096,0.0001,81920,0.002989,0.222,0.907,5.0,constant,False,512,2,simple,,,5,1000000,256,12000
20251202-192948,7.0,14.0,4809.94091796875,6594.13427734375,0.0247846726172913,0.0026846243539087,2.077652402670987,1.9696073532104488,48.20000076293945,30.521385640983123,3814.0,3512.0722891566265,2536.0,2536.0,-1.0,-1.0,-1.0,-1.0,11.643948554992676,8.841539245053946,151.74081420898438,81.83628944029292,macOS,Apple M2,8,8589934592,Chipset Model: Apple M2,,,ppo,GridFoodCollector,1024,4.2e-05,40960,0.003559,0.175,0.929,4.0,linear,False,128,3,simple,,,5,2000000,64,12000
20251201-131718,3.693675994873047,3.990254402160645,223.27102661132807,255.11851501464844,0.0252267525841791,0.0188860348425805,1.4115333789732398,1.393688678741455,52.54999923706055,34.43455305332091,3736.0,3648.16259765625,2536.0,2536.0,-1.0,-1.0,-1.0,-1.0,6.258385181427002,5.774722983197468,164.5625,117.73215828872308,macOS,Apple M2,8,8589934592,Chipset Model: Apple M2,,,ppo,3DBall,1024,0.000213,81920,0.008074,0.198,0.908,3.0,linear,True,128,3,simple,,,5,500000,128,12000
20251128-013842,1.3451019525527954,1.4844826459884644,99.7591552734375,126.1295394897461,0.0114795686677097,0.0487659517675638,1.416328638792038,1.4150696992874146,30.83333396911621,27.652499866485595,3358.0,3285.216662597656,2536.0,2536.0,-1.0,-1.0,-1.0,-1.0,6.313110828399658,5.993898272514343,165.171875,126.45171890258788,macOS,Apple M2,8,8589934592,Chipset Model: Apple M2,,,ppo,3DBall,4096,0.000212,81920,0.005684,0.168,0.932,5.0,linear,True,256,2,simple,,,5,250000,256,12000
20251207-225038,32.76273727416992,245.5592193603516,54234.7265625,61220.53515625,-71.8810736656189,0.2952909241430461,0.2221681706607342,0.1965961903333664,66.66000366210938,38.29295835494995,4312.39990234375,3870.3579284667967,2536.0,2536.0,-1.0,-1.0,-1.0,-1.0,1.0069258213043213,0.8218233406776563,89.18177032470703,45.17805318832397,macOS,Apple M2,8,8589934592,Chipset Model: Apple M2,,,sac,Crawler,1024,6e-05,50000,,,,,constant,False,512,1,simple,,,5,1000000,512,25000
20251204-194311,-0.9996470808982848,-0.9366042017936708,394.3907775878906,757.0669555664062,0.0166524797677993,0.0133866416290402,1.6058233598383462,1.5986915826797483,75.5999984741211,30.93170738220215,3973.0,3709.121951219512,2536.0,2536.0,-1.0,-1.0,-1.0,-1.0,4.845969676971436,4.622246230520854,189.65625,134.76156727860612,macOS,Apple M2,8,8589934592,Chipset Model: Apple M2,,,ppo,Hallway,4096,0.000186,327680,0.001857,0.291,0.932,4.0,linear,False,128,1,simple,,,5,500000,64,12000
20251203-123701,85.70770263671875,100.00001525878906,480.2125854492188,631.4270629882812,0.0241430779375756,0.0172642898943801,1.3671919839927948,1.3189693689346311,52.0,31.07831313811153,4079.0,3965.728921545557,2536.0,2536.0,-1.0,-1.0,-1.0,-1.0,7.570113182067871,6.174068922019867,385.9510498046875,281.48379755594647,macOS,Apple M2,8,8589934592,Chipset Model: Apple M2,,,ppo,3DBall,1024,2.8e-05,20480,0.001498,0.25,0.931,10.0,constant,False,64,3,simple,,,5,1000000,512,12000
20251201-174720,85.76429748535156,100.00001525878906,576.2942504882812,1481.4462890625,0.0346776109654455,0.0726307788742511,1.3196195924138447,1.2576444149017334,49.79999923706055,25.90522082455187,4153.5,3852.457831325301,2536.0,2536.0,-1.0,-1.0,-1.0,-1.0,4.6801438331604,2.8070115605032586,306.3374938964844,174.21972545945502,macOS,Apple M2,8,8589934592,Chipset Model: Apple M2,,,ppo,3DBall,512,5.3e-05,20480,0.006151,0.289,0.901,5.0,constant,False,256,2,simple,,,5,1000000,512,12000
20251128-151920,417.3392639160156,517.4112548828125,22177.810546875,22343.921875,0.0351679885465847,26.496420492780835,1.4392297145832016,1.4464696645736694,90.6500015258789,36.93925708173269,3822.0,3477.9959834455008,2536.0,2536.0,-1.0,-1.0,-1.0,-1.0,12.783784866333008,9.976861319471016,124.4367218017578,59.713568354227455,macOS,Apple M2,8,8589934592,Chipset Model: Apple M2,,,ppo,Crawler,512,0.000124,20480,0.003697,0.233,0.919,3.0,constant,False,32,3,simple,,,5,2000000,1024,12000
20251204-104229,-0.4815411865711212,-0.4289272427558899,702.431396484375,743.0606079101562,0.0123720085248351,0.32175412774086,1.4185397770346664,1.4177449941635132,36.20000076293945,32.629065118184904,3873.25,3718.745938929116,2536.0,2536.0,-1.0,-1.0,-1.0,-1.0,10.426641464233398,8.870493726032537,158.546875,111.73628048780488,macOS,Apple M2,8,8589934592,Chipset Model: Apple M2,,,ppo,Crawler,4096,0.000158,327680,0.005236,0.286,0.937,4.0,linear,True,512,3,simple,,,5,500000,128,12000
20251128-012909,1.5588494539260864,1.6090292930603027,227.7394561767578,268.72528076171875,0.0187270591656366,0.1257966458797454,1.4158610948702184,1.4077279567718506,35.03333282470703,28.265853695753144,3459.0,3374.219500285823,2536.0,2536.0,-1.0,-1.0,-1.0,-1.0,6.492333889007568,6.068820395120761,178.8125,136.61615250750285,macOS,Apple M2,8,8589934592,Chipset Model: Apple M2,,,ppo,3DBall,2048,0.00015,163840,0.009739,0.284,0.93,8.0,constant,False,32,3,simple,,,5,500000,512,12000
20251204-201125,-0.9986250400543212,-0.9166250228881836,11.638500213623049,5542.3330078125,0.0248884595930575,0.0354223683476447,1.5931290686130524,1.576629400253296,57.29999923706055,41.57249956130981,4063.0,3727.825,2536.0,2536.0,-1.0,-1.0,-1.0,-1.0,4.339535713195801,3.542363476753235,125.7591781616211,76.47286167144776,macOS,Apple M2,8,8589934592,Chipset Model: Apple M2,,,ppo,Hallway,1024,0.00012,40960,0.007972,0.27,0.922,3.0,linear,True,64,1,simple,,,5,250000,64,12000
20251201-185227,62.26111602783203,100.00000762939452,623.7548828125,2261.7197265625,0.0354085131548344,0.0295966343013181,1.2257949164114803,1.1304969787597656,43.400001525878906,25.05351406694895,3929.5,3842.237947395049,2536.0,2536.0,-1.0,-1.0,-1.0,-1.0,3.973164796829224,3.2956259379903954,269.796875,209.26685167795205,macOS,Apple M2,8,8589934592,Chipset Model: Apple M2,,,ppo,3DBallHard,512,0.00029,40960,0.003439,0.265,0.909,3.0,linear,False,32,2,simple,,,5,2000000,64,12000
20251204-101708,8.274862289428711,8.274862289428711,1504.0223388671875,1504.0223388671875,0.0120926173403858,0.4697038233280182,1.4142728598721055,1.40962016582489,44.32500076293945,35.8807229651026,3695.5,3440.0481839467243,2536.0,2536.0,-1.0,-1.0,-1.0,-1.0,11.586416244506836,10.083598411226848,152.0,83.55063068435852,macOS,Apple M2,8,8589934592,Chipset Model: Apple M2,,,ppo,Crawler,4096,9.4e-05,327680,0.00154,0.251,0.939,8.0,constant,True,32,2,simple,,,5,1000000,64,12000
20251128-122229,100.00001525878906,100.00001525878906,441.4433898925781,619.0921630859375,0.0353361656042662,0.0149885105704676,1.3573674777658975,1.3163578510284424,83.25,54.673577564518624,4822.5,4527.621951219512,2536.0,2536.0,-1.0,-1.0,-1.0,-1.0,4.560986518859863,3.6211818776479583,75.94010162353516,50.10450940015839,macOS,Apple M2,8,8589934592,Chipset Model: Apple M2,,,ppo,3DBallHard,512,0.000202,40960,0.008324,0.293,0.934,3.0,constant,True,128,3,simple,,,5,500000,256,12000
20251202-182914,-0.6535709500312805,-0.5683012008666992,277.8759155273437,333.3733825683594,0.0129905948415398,0.2970343232154846,1.4190139889717102,1.4191765785217283,34.5,33.63791666030884,3829.5,3786.683349609375,2536.0,2536.0,-1.0,-1.0,-1.0,-1.0,10.279194831848145,9.321135234832765,164.984375,157.25386734008788,macOS,Apple M2,8,8589934592,Chipset Model: Apple M2,,,ppo,Crawler,4096,7.9e-05,163840,0.006075,0.178,0.914,3.0,linear,False,32,3,simple,,,5,250000,128,12000
20251202-212009,2.0,8.0,3298.3681640625,3568.797607421875,0.0344397818500344,0.0031332791073839,1.997122083801821,1.800895094871521,42.20000076293945,30.64626873073293,3586.0,3484.820895522388,2536.0,2536.0,-1.0,-1.0,-1.0,-1.0,11.458231925964355,9.248972364218838,157.390625,91.50094723988728,macOS,Apple M2,8,8589934592,Chipset Model: Apple M2,,,ppo,GridFoodCollector,512,9.4e-05,40960,0.003871,0.121,0.943,5.0,linear,True,64,2,simple,,,5,1000000,256,12000
20251202-183520,31.258319854736328,170.48121643066406,1737.370361328125,2876.302490234375,0.0246774201902249,0.5136580839753151,1.4259365021464336,1.4313678741455078,41.36666488647461,35.24236943348345,3858.0,3805.390561758754,2536.0,2536.0,-1.0,-1.0,-1.0,-1.0,11.69318675994873,10.90517834870212,194.53125,155.13742469879517,macOS,Apple M2,8,8589934592,Chipset Model: Apple M2,,,ppo,Crawler,1024,0.000102,81920,0.004467,0.219,0.931,4.0,linear,True,32,2,simple,,,5,2000000,256,12000
20251201-205827,1091.9150390625,1864.8248291015625,2635.01220703125,2997.65625,0.0351724726791233,17.44041485070568,1.3853955074965236,1.301167130470276,43.650001525878906,34.023343316043714,3981.0,3742.072787732963,2536.0,2536.0,-1.0,-1.0,-1.0,-1.0,11.266810417175291,10.16277520915112,236.5625,183.6883000753012,macOS,Apple M2,8,8589934592,Chipset Model: Apple M2,,,ppo,Crawler,512,0.000253,20480,0.006178,0.195,0.908,5.0,constant,True,32,2,simple,,,5,2000000,64,12000
20251205-163030,-0.2406738549470901,-0.1413936018943786,18801.59765625,18902.9140625,0.0241967181985576,0.1403392689923444,1.4171285861875953,1.4155060052871704,63.84999847412109,42.40203243348657,4164.5,3875.670731707317,2536.0,2536.0,-1.0,-1.0,-1.0,-1.0,12.073346138000488,7.545755242792572,155.15625,88.57717225609755,macOS,Apple M2,8,8589934592,Chipset Model: Apple M2,,,ppo,Walker,1024,3.1e-05,81920,0.002154,0.15,0.92,5.0,constant,False,512,1,simple,,,5,500000,256,12000
20251201-154855,1.9396463632583616,1.9396463632583616,1313.555419921875,1313.555419921875,0.0126294003178675,0.0869864063958326,1.3972584411322353,1.372991681098938,53.43333435058594,30.2335342728948,4055.5,3559.305228727409,2536.0,2536.0,-1.0,-1.0,-1.0,-1.0,4.425707340240479,3.523773449013032,148.2421875,77.82519158972315,macOS,Apple M2,8,8589934592,Chipset Model: Apple M2,,,ppo,3DBall,4096,0.000282,327680,0.001946,0.249,0.925,10.0,linear,False,128,3,simple,,,5,1000000,256,12000
20251202-003904,2.0898256301879883,2.0898256301879883,140.77149963378906,140.77149963378906,0.0168750984594225,0.2345229685306548,1.4179066717624664,1.4156800508499146,37.16666793823242,33.82916736602783,3660.25,3646.40625,2536.0,2536.0,-1.0,-1.0,-1.0,-1.0,10.754473686218262,9.033873677253723,220.296875,214.57314491271973,macOS,Apple M2,8,8589934592,Chipset Model: Apple M2,,,ppo,Crawler,2048,7.4e-05,40960,0.003495,0.276,0.942,5.0,constant,False,64,2,simple,,,5,100000,512,12000
20251203-231504,8.653153419494629,9.368454933166504,38962.51953125,39012.92578125,0.0180245774487653,0.1475118647019068,1.420779972541623,1.4213507175445557,81.8499984741211,47.13353701335628,4051.5,3828.6158536585367,2536.0,2536.0,-1.0,-1.0,-1.0,-1.0,11.908576965332031,3.930365845651888,124.9437484741211,74.92210350967035,macOS,Apple M2,8,8589934592,Chipset Model: Apple M2,,,ppo,Crawler,2048,6.5e-05,163840,0.009684,0.231,0.902,5.0,constant,True,128,3,simple,,,5,500000,64,12000
20251201-151929,1.3052103519439695,1.3388210535049438,658.1633911132812,772.7221069335938,0.0126208864773312,0.3157521511117617,1.4210767157106514,1.4228897094726562,70.46666717529297,32.018473958394615,4471.0,3433.6064276637803,2536.0,2536.0,-1.0,-1.0,-1.0,-1.0,4.960372447967529,4.57918471600636,164.6875,99.69637528385024,macOS,Apple M2,8,8589934592,Chipset Model: Apple M2,,,ppo,3DBallHard,4096,2.6e-05,163840,0.009902,0.175,0.932,4.0,constant,False,256,1,simple,,,5,1000000,512,12000
20251201-125609,100.00001525878906,100.00001525878906,52.45343780517578,1257.4666748046875,0.0340829309502459,0.0086714443812919,0.8302950636450067,0.6015366315841675,48.5,31.383634601730897,3753.0,3652.040161132813,2536.0,2536.0,-1.0,-1.0,-1.0,-1.0,6.078230857849121,5.710648657327675,244.5843811035156,142.17525739554898,macOS,Apple M2,8,8589934592,Chipset Model: Apple M2,,,ppo,3DBall,512,0.000201,10240,0.000682,0.261,0.936,10.0,linear,True,64,3,simple,,,5,2000000,256,12000
20251201-193200,100.00001525878906,100.00001525878906,387.6005554199219,554.0614013671875,0.035464041866362,0.1594095850984255,1.338900848132808,1.274685978889465,31.39999961853028,26.815040681420303,3885.666748046875,3864.345524485518,2536.0,2536.0,-1.0,-1.0,-1.0,-1.0,4.012091636657715,3.738618100561746,343.3656311035156,280.0534612143912,macOS,Apple M2,8,8589934592,Chipset Model: Apple M2,,,ppo,3DBallHard,512,0.000126,40960,0.00932,0.252,0.947,10.0,constant,True,64,2,simple,,,5,500000,128,12000
20251202-004145,160.68243408203125,271.2081604003906,1424.2086181640625,1642.5025634765625,0.0121431935889025,0.7294507473707199,1.4212743589677006,1.4250693321228027,37.0,34.26736946565559,3667.25,3562.6285091538025,2536.0,2536.0,-1.0,-1.0,-1.0,-1.0,11.259520530700684,10.108859217310526,218.953125,149.8856081675334,macOS,Apple M2,8,8589934592,Chipset Model: Apple M2,,,ppo,Crawler,4096,0.000123,81920,0.005302,0.197,0.936,5.0,constant,False,512,3,simple,,,5,1000000,1024,12000
20251130-134334,14.449999809265137,27.0,10287.7763671875,13713.53125,0.0357764056799086,0.0059986989038985,1.624767068617358,1.0790657997131348,65.8499984741211,38.202238709179326,4398.0,3648.541044776119,2536.0,2536.0,-1.0,-1.0,-1.0,-1.0,11.782025337219238,9.388274912348765,95.6126937866211,59.202188937250014,macOS,Apple M2,8,8589934592,Chipset Model: Apple M2,,,ppo,GridFoodCollector,512,0.000262,40960,0.005041,0.168,0.914,10.0,constant,False,32,1,simple,,,5,2000000,256,12000
20251204-100559,34.40510177612305,143.2209014892578,399.8575134277344,650.7066040039062,0.0344315856331731,3.1875132126052206,1.4196743005659522,1.4193637371063232,51.20000076293945,36.93536581644198,3602.0,3508.1260122903964,2536.0,2536.0,-1.0,-1.0,-1.0,-1.0,11.333094596862791,10.795315009791675,142.45156860351562,98.60438277081744,macOS,Apple M2,8,8589934592,Chipset Model: Apple M2,,,ppo,Crawler,512,0.000237,10240,0.002096,0.271,0.932,3.0,linear,False,32,3,simple,,,5,500000,128,12000
20251203-123414,1.0637184381484983,1.0979853868484497,32.953941345214844,43.76895904541016,,,1.4189382642507553,1.4189382791519165,30.733333587646484,30.09374976158142,4009.0,3997.791687011719,2536.0,2536.0,-1.0,-1.0,-1.0,-1.0,6.464971542358398,6.199714958667755,171.703125,157.7794647216797,macOS,Apple M2,8,8589934592,Chipset Model: Apple M2,,,ppo,3DBall,2048,4.2e-05,163840,0.002252,0.127,0.943,10.0,constant,False,64,1,simple,,,5,100000,1024,12000
20251204-225403,4.782690048217773,4.949317932128906,2719.577880859375,2961.876708984375,0.0355221601203083,0.2132578852397273,1.216987290524489,0.8600764274597168,96.0,35.31098479935617,4178.0,3765.2916666666665,2536.0,2536.0,-1.0,-1.0,-1.0,-1.0,5.306283950805664,3.7564129152813472,121.9498062133789,66.81660440805796,macOS,Apple M2,8,8589934592,Chipset Model: Apple M2,,,ppo,PushBlock,512,0.00017,20480,0.003397,0.271,0.931,10.0,linear,False,128,1,simple,,,5,2000000,1024,12000
20251129-180902,-0.4306418299674988,-0.1922068744897842,641.7100219726562,666.8784790039062,0.0123829888179898,0.1945377141237259,1.4169970576356097,1.413131833076477,52.17499923706055,37.64999985113376,3908.5,3658.810975609756,2536.0,2536.0,-1.0,-1.0,-1.0,-1.0,11.167125701904297,9.262214305924209,106.4445343017578,68.30009534882336,macOS,Apple M2,8,8589934592,Chipset Model: Apple M2,,,ppo,Crawler,4096,0.000241,327680,0.000421,0.188,0.932,3.0,constant,True,128,3,simple,,,5,500000,2048,12000
20251202-010949,3.8888888359069824,5.0,34265.23046875,34870.66796875,0.017421023454517,0.0035908304038457,2.0335575342178345,1.8668372631073,69.75,42.60882347705317,3598.5,3337.607843137255,2536.0,2536.0,-1.0,-1.0,-1.0,-1.0,11.390460968017578,8.225942297262096,168.57875061035156,88.89997736612956,macOS,Apple M2,8,8589934592,Chipset Model: Apple M2,,,ppo,GridFoodCollector,2048,0.000143,40960,0.001362,0.156,0.933,5.0,linear,True,128,3,simple,,,5,1000000,512,12000
20251128-213206,1314.6246337890625,1935.3809814453125,2484.396728515625,2897.349609375,0.0345339168940322,291.2834685389177,1.4383477252649974,1.5793969631195068,66.5999984741211,34.787148590547496,3592.5,3306.21385395096,2536.0,2536.0,-1.0,-1.0,-1.0,-1.0,11.848089218139648,9.75427278553147,150.15625,68.87820032418492,macOS,Apple M2,8,8589934592,Chipset Model: Apple M2,,,ppo,Crawler,512,0.000223,10240,0.009495,0.122,0.938,8.0,constant,True,512,1,simple,,,5,2000000,512,12000
20251129-180333,-0.8382923603057861,-0.7984777688980103,176.46200561523438,298.68359375,,,1.41893829703331,1.4189382791519165,66.0,34.57833347320557,4217.75,4117.266662597656,2536.0,2536.0,-1.0,-1.0,-1.0,-1.0,8.758878707885742,8.355112409591674,161.984375,134.28765640258788,macOS,Apple M2,8,8589934592,Chipset Model: Apple M2,,,ppo,Crawler,4096,0.000201,327680,0.002015,0.143,0.911,8.0,constant,False,32,3,simple,,,5,250000,512,12000
20251201-172939,1.0244247913360596,1.105514645576477,35.73493957519531,87.13439178466797,0.0246585775166749,0.053131241351366,1.4182818681001663,1.4144785404205322,33.20000076293945,28.94166684150696,3780.333251953125,3725.6041564941406,2536.0,2536.0,-1.0,-1.0,-1.0,-1.0,4.297671318054199,3.931715875864029,175.79061889648438,171.59880447387695,macOS,Apple M2,8,8589934592,Chipset Model: Apple M2,,,ppo,3DBall,1024,0.000252,81920,0.001085,0.143,0.907,8.0,linear,False,256,2,simple,,,5,100000,128,12000
20251128-103628,94.86668395996094,98.56668090820312,120.59333801269533,133.2553253173828,0.023250569843433,0.553014063699679,1.4045970141887665,1.3937422037124634,58.79999923706055,54.35749969482422,3344.333251953125,3254.8166625976564,2536.0,2536.0,-1.0,-1.0,-1.0,-1.0,6.017410755157471,5.084972453117371,120.7249984741211,87.92283821105957,macOS,Apple M2,8,8589934592,Chipset Model: Apple M2,,,ppo,3DBall,1024,0.000148,20480,0.000961,0.174,0.936,3.0,linear,True,512,2,simple,,,5,250000,256,12000
20251216-233852,37.98000717163086,37.98000717163086,262.3283996582031,262.3283996582031,0.0355741144498673,0.8441846116286952,1.3438231915962406,1.263616681098938,15.449999809265137,8.046544772822683,10457.0,9928.012242759149,2267.333251953125,2267.333251953125,17.0,6.499999982554738,1285.0,1269.264228634718,0.7722160220146179,0.3854023101853161,0.0,0.0,Windows 11,AMD Ryzen 7 5700X 8-Core Processor,8,34265653248,NVIDIA GeForce RTX 5080,16303.0,,ppo,3DBall,512,0.000163,10240,0.009833,0.298,0.924,4.0,constant,False,32,1,simple,,,5,500000,1024,12000
20251216-234330,100.00001525878906,100.00001525878906,407.2354431152344,1192.759033203125,0.0248678496573119,0.0465577615686924,1.3790979816252926,1.3549216985702517,18.600000381469727,8.962851397962455,11014.5,10535.843373493975,2267.333251953125,2267.333251953125,26.33333396911621,5.700803226376155,1282.0,1279.7811249882343,0.7486581802368164,0.3976207550570189,0.0,0.0,Windows 11,AMD Ryzen 7 5700X 8-Core Processor,8,34265653248,NVIDIA GeForce RTX 5080,16303.0,,ppo,3DBallHard,1024,3.5e-05,40960,0.007556,0.201,0.915,10.0,constant,True,512,3,simple,,,5,1000000,512,12000
20251217-000338,14.066265106201172,24.577512741088867,238.5461883544922,266.9033508300781,0.0239064527506177,0.9755896925926208,1.416696012020111,1.4153746366500854,11.899999618530272,7.846249938011169,10071.6669921875,9909.5833984375,2267.333251953125,2267.333251953125,16.5,9.266666698455811,1270.0,1264.3,0.7549876570701599,0.3857755027711391,0.0,0.0,Windows 11,AMD Ryzen 7 5700X 8-Core Processor,8,34265653248,NVIDIA GeForce RTX 5080,16303.0,,ppo,Crawler,1024,2.9e-05,20480,0.000577,0.145,0.902,10.0,linear,False,256,1,simple,,,5,250000,128,12000
20251217-000833,1.350000023841858,3.0,4201.66845703125,5398.53125,0.0124223351789017,0.0007980720159442,2.103420089104932,2.0626649856567383,30.549999237060547,22.82838702048025,16719.0,12185.006451612904,2267.333251953125,2267.333251953125,17.0,1.5935483870967742,1268.0,1267.4064516129033,3.331393003463745,3.036153375745533,0.0,0.0,Windows 11,AMD Ryzen 7 5700X 8-Core Processor,8,34265653248,NVIDIA GeForce RTX 5080,16303.0,,ppo,GridFoodCollector,4096,0.000112,163840,0.005425,0.298,0.935,8.0,linear,False,32,3,simple,,,5,2000000,256,12000
20251217-013844,-0.3065367639064789,-0.1957756131887436,73.52961730957031,230.0450134277344,0.0248890640214085,0.114895774051547,1.431373581290245,1.4136358499526978,8.233333587646484,5.927083313465118,9763.3330078125,9233.895874023438,2267.333251953125,2267.333251953125,0.0,0.0,1268.0,1268.0,0.5612151026725769,0.2640983131714165,0.0,0.0,Windows 11,AMD Ryzen 7 5700X 8-Core Processor,8,34265653248,NVIDIA GeForce RTX 5080,16303.0,,ppo,GridWorld,1024,0.000214,20480,0.008491,0.187,0.902,8.0,linear,False,64,3,simple,,,5,100000,2048,12000
20251217-014255,-0.7404643297195435,-0.4855000674724579,429.6141662597656,494.3787841796875,0.0339476376613403,0.0021076198444983,1.4292542331189997,1.2839826345443726,18.39999961853028,7.15481925872435,8696.0,8629.987951807228,2267.333251953125,2267.333251953125,0.0,0.0,1268.0,1268.0,0.8117779493331909,0.4038892399115735,0.0,0.0,Windows 11,AMD Ryzen 7 5700X 8-Core Processor,8,34265653248,NVIDIA GeForce RTX 5080,16303.0,,ppo,Hallway,512,7e-05,20480,0.000749,0.251,0.948,3.0,linear,False,32,2,simple,,,5,1000000,128,12000
20251217-015125,2.3062782287597656,4.842100143432617,4.497985363006592,711.0811767578125,0.0184076010870436,0.0431768151465803,1.9107228618070304,1.8495306968688965,21.700000762939453,9.995312549173832,9069.0,8920.890625,2267.333251953125,2267.333251953125,0.0,0.0,1268.0,1268.0,0.5794114470481873,0.2801788090616016,0.0,0.0,Windows 11,AMD Ryzen 7 5700X 8-Core Processor,8,34265653248,NVIDIA GeForce RTX 5080,16303.0,,ppo,PushBlock,2048,0.000255,81920,0.008157,0.126,0.949,5.0,constant,True,512,3,simple,,,5,1000000,256,12000
20251217-020328,-1.0,-1.0,10.974205017089844,282.5101318359375,0.0141830914653837,0.0078261704766191,1.597262062677523,1.5883623361587524,19.600000381469727,7.658536608626203,9777.5,9333.085365853658,2267.333251953125,2267.333251953125,0.5,0.048780487804878,1268.0,1268.0,0.6184468269348145,0.3918183438661622,0.0,0.0,Windows 11,AMD Ryzen 7 5700X 8-Core Processor,8,34265653248,NVIDIA GeForce RTX 5080,16303.0,,ppo,Pyramids,4096,0.000197,163840,0.008758,0.282,0.947,3.0,linear,False,128,2,simple,,,5,500000,64,12000
20251217-020859,-1.223662495613098,-0.792554497718811,1892.265869140625,9633.408203125,0.0122988463069001,0.0077901711532224,3.2577771264386466,3.230898141860962,9.466666221618652,5.415562253400504,11697.0,10689.766560382152,2267.333251953125,2267.333251953125,1.6666666269302368,0.0155622488762958,1268.0,1268.0,0.431436151266098,0.2777749712029135,0.0,0.0,Windows 11,AMD Ryzen 7 5700X 8-Core Processor,8,34265653248,NVIDIA GeForce RTX 5080,16303.0,,ppo,Sorter,4096,1.6e-05,327680,0.007104,0.282,0.909,10.0,linear,False,64,2,simple,,,5,2000000,64,12000
20251217-044951,-0.6874058246612549,-0.6467889547348022,99.95056915283205,152.98486328125,,,1.418938273191452,1.4189382791519165,7.150000095367432,5.541250014305115,9536.75,9127.35,2267.333251953125,2267.333251953125,0.0,0.0,1268.0,1268.0,0.6072198748588562,0.4549369156360626,0.0,0.0,Windows 11,AMD Ryzen 7 5700X 8-Core Processor,8,34265653248,NVIDIA GeForce RTX 5080,16303.0,,ppo,Walker,4096,0.00021,327680,0.000259,0.177,0.937,3.0,linear,False,32,1,simple,,,5,250000,1024,12000
20251217-045248,0.5347183346748352,0.9142696261405944,128.4265899658203,549.2191772460938,0.0253785390406846,0.0009444206196348,1.432627992970603,1.4347741603851318,7.849999904632568,5.582936513991583,8990.0,8899.216262090773,2267.333251953125,2267.333251953125,0.25,0.0059523809523809,1268.0,1268.0,0.9170647263526917,0.4424824731956635,0.0,0.0,Windows 11,AMD Ryzen 7 5700X 8-Core Processor,8,34265653248,NVIDIA GeForce RTX 5080,16303.0,,ppo,Worm,1024,0.000145,81920,0.006528,0.145,0.904,10.0,linear,True,512,3,simple,,,5,500000,2048,12000
20251217-050212,100.00000762939452,100.00000762939452,823.5457763671875,823.5457763671875,-4.329024225473404,0.0092006460763513,0.7538207173347473,0.3427156209945678,25.420000076293945,22.297500133514404,8847.400390625,8790.525146484375,2267.333251953125,2267.333251953125,0.0,0.0,1268.0,1268.0,0.1006667539477348,0.0394892841577529,0.0,0.0,Windows 11,AMD Ryzen 7 5700X 8-Core Processor,8,34265653248,NVIDIA GeForce RTX 5080,16303.0,,sac,3DBall,512,0.00014,500000,,,,,constant,False,32,3,simple,,,5,100000,64,25000
20251217-051624,86.24484252929688,96.17308807373048,8985.408203125,16422.544921875,-16.629961094353348,0.0293745245318859,-0.4758551064878702,-0.9323380589485168,24.64999961853028,16.60252076983452,11054.75,9059.728125,2267.333251953125,2267.333251953125,3.5,0.0462500000372529,1284.0,1268.90625,0.2895989418029785,0.1010626381495967,0.0,0.0,Windows 11,AMD Ryzen 7 5700X 8-Core Processor,8,34265653248,NVIDIA GeForce RTX 5080,16303.0,,sac,3DBallHard,256,0.00015,50000,,,,,constant,False,32,1,simple,,,5,2000000,1024,25000
20251217-095019,49.18727111816406,59.71758270263672,9627.1044921875,14149.2177734375,-66.69914455413819,3.179875618219376,0.5130549281835556,0.551477313041687,23.29090881347656,18.08956060409546,15574.36328125,14383.86865234375,2267.333251953125,2267.333251953125,17.636363983154297,12.87000002861023,2675.9091796875,1982.1268310546875,0.0302586928009986,0.0187063351273536,0.0,0.0,Windows 11,AMD Ryzen 7 5700X 8-Core Processor,8,34265653248,NVIDIA GeForce RTX 5080,16303.0,,sac,Crawler,256,0.000273,200000,,,,,constant,False,128,3,simple,,,5,500000,1024,50000
20251217-134820,36.410255432128906,49.84999847412109,10230.1025390625,39584.87109375,-6.695246543735266,0.0045217819460958,1.0015307255089283,0.9055970311164856,27.350000381469727,18.47750001549721,21190.666015625,17725.32082519531,2267.333251953125,2267.333251953125,42.5,16.41458327174187,9587.0,5319.677082824707,0.5484991073608398,0.2853210590779781,0.0,0.0,Windows 11,AMD Ryzen 7 5700X 8-Core Processor,8,34265653248,NVIDIA GeForce RTX 5080,16303.0,,sac,GridFoodCollector,128,0.000216,50000,,,,,constant,True,512,2,simple,,,5,2000000,64,25000
20251219-220437,100.00001525878906,100.00001525878906,247.0419158935547,1025.1092529296875,0.0247899565147235,0.0072456082978457,1.268532080104552,1.1814886331558228,15.899999618530272,5.213152607521379,11599.5,9748.99497599774,2267.333251953125,2267.333251953125,26.5,3.413654618773116,755.5,717.5060240963855,1.0302202701568604,0.6261464116803135,0.0,0.0,Windows 11,AMD Ryzen 7 5700X 8-Core Processor,8,34265653248,NVIDIA GeForce RTX 5080,16303.0,,ppo,3DBall,1024,9.2e-05,40960,0.003273,0.165,0.906,5.0,constant,True,128,2,simple,,,5,2000000,512,12000
20251219-222156,17.16515350341797,17.16515350341797,794.6536865234375,794.6536865234375,0.0349957084593673,0.2380058684696753,1.39568128930517,1.3458282947540283,13.75,4.888353408101094,11935.3330078125,11221.114446065512,2267.333251953125,2267.333251953125,28.0,9.67469880379826,736.0,732.1867469879518,0.751788318157196,0.4527458803481366,0.0,0.0,Windows 11,AMD Ryzen 7 5700X 8-Core Processor,8,34265653248,NVIDIA GeForce RTX 5080,16303.0,,ppo,3DBallHard,512,3.3e-05,40960,0.008933,0.105,0.919,8.0,constant,False,32,3,simple,,,5,1000000,64,12000
20251219-223524,1072.385986328125,1701.1575927734375,1585.1220703125,1732.28125,0.0247489894197011,77.65614544351895,1.408014821000846,1.3668676614761353,8.899999618530273,5.531325308673353,10904.75,9060.279602786144,2267.333251953125,2267.333251953125,15.666666984558104,1.4236947782786495,744.0,740.9578313253012,1.1564102172851562,0.6037438606102783,0.0,0.0,Windows 11,AMD Ryzen 7 5700X 8-Core Processor,8,34265653248,NVIDIA GeForce RTX 5080,16303.0,,ppo,Crawler,1024,0.000101,40960,0.006215,0.276,0.91,8.0,constant,False,128,3,simple,,,5,2000000,64,12000
20251219-230432,0.0833333358168602,0.1666666716337204,480.5842895507813,582.8643798828125,0.016593350097537,0.003445291891694,2.1127825333521915,2.1143507957458496,17.549999237060547,15.946153714106632,14045.0,11360.307692307691,2267.333251953125,2267.333251953125,0.0,0.0,743.0,743.0,3.333982467651367,3.0295837842501125,0.0,0.0,Windows 11,AMD Ryzen 7 5700X 8-Core Processor,8,34265653248,NVIDIA GeForce RTX 5080,16303.0,,ppo,GridFoodCollector,2048,0.000184,163840,0.00222,0.125,0.924,8.0,linear,True,128,1,simple,,,5,250000,1024,12000
20251219-231433,-0.2703325748443603,-0.1481380462646484,302.51025390625,1708.018310546875,0.0177777047889927,0.1424706776936849,1.3531477638037808,1.217270016670227,5.650000095367432,2.7214859479881195,14531.0,12074.67672251506,2267.333251953125,2267.333251953125,2.6666667461395264,0.0642570300274584,743.0,743.0,0.2973062098026275,0.1727278500413858,0.0,0.0,Windows 11,AMD Ryzen 7 5700X 8-Core Processor,8,34265653248,NVIDIA GeForce RTX 5080,16303.0,,ppo,GridWorld,2048,6.3e-05,81920,0.000758,0.278,0.932,4.0,constant,False,64,3,simple,,,5,1000000,2048,12000
20251219-234320,-0.9769877195358276,-0.9197037816047668,385.3292541503906,558.0386962890625,0.0178647460415958,0.0010065814227951,1.590754336621388,1.565302491188049,10.399999618530272,4.368072267038277,9035.0,8883.885542168675,2267.333251953125,2267.333251953125,2.0,0.0240963855421686,743.0,743.0,0.9050697684288024,0.6271886233105717,0.0,0.0,Windows 11,AMD Ryzen 7 5700X 8-Core Processor,8,34265653248,NVIDIA GeForce RTX 5080,16303.0,,ppo,Hallway,2048,0.00026,163840,0.004815,0.114,0.919,5.0,linear,False,128,1,simple,,,5,1000000,128,12000
20251219-235249,-0.1699714362621307,4.716800212860107,2.5554323196411133,349.2519836425781,0.0190858323127031,0.0589643012732266,1.9021895106245832,1.8648467063903809,10.800000190734863,5.593548359409455,8863.0,8778.483870967742,2267.333251953125,2267.333251953125,2.0,0.064516129032258,743.0,743.0,0.6438765525817871,0.3492044887346465,0.0,0.0,Windows 11,AMD Ryzen 7 5700X 8-Core Processor,8,34265653248,NVIDIA GeForce RTX 5080,16303.0,,ppo,PushBlock,2048,4.1e-05,81920,0.000442,0.21,0.941,10.0,linear,True,512,1,simple,,,5,500000,128,12000
20251219-235934,-0.9998667240142822,1.062999963760376,854.6863403320312,1268.7034912109375,0.0348750251423881,0.000661971542724,1.481269921883043,1.3087559938430786,13.399999618530272,7.44759036187666,8753.0,8707.960843373494,2267.333251953125,2267.333251953125,4.0,0.0301204819277108,743.0,743.0,1.2815415859222412,0.5438812981887036,0.0,0.0,Windows 11,AMD Ryzen 7 5700X 8-Core Processor,8,34265653248,NVIDIA GeForce RTX 5080,16303.0,,ppo,Pyramids,512,0.000247,20480,0.002418,0.117,0.916,4.0,linear,False,128,1,simple,,,5,2000000,256,12000
20251220-002102,-1.1546666622161863,-1.0600334405899048,368.9899291992188,398.8409118652344,0.0117749804630875,0.0085750571452081,3.285551965236664,3.2721877098083496,8.066666603088379,4.617083364725113,10417.3330078125,9810.75,2267.333251953125,2267.333251953125,0.0,0.0,743.0,743.0,0.52656489610672,0.4061064466834068,0.0,0.0,Windows 11,AMD Ryzen 7 5700X 8-Core Processor,8,34265653248,NVIDIA GeForce RTX 5080,16303.0,,ppo,Sorter,4096,0.00012,81920,0.00236,0.131,0.911,3.0,constant,True,512,3,simple,,,5,250000,1024,12000
20251220-002943,-0.5893409848213196,-0.5893409848213196,376.1823425292969,376.1823425292969,0.0123533979058265,0.1126700242360432,1.42060862227184,1.4222584962844849,5.150000095367432,3.411788620599886,9191.25,8922.930902248476,2267.333251953125,2267.333251953125,0.5,0.0121951219512195,743.0,743.0,1.030789852142334,0.7006499740045246,0.0,0.0,Windows 11,AMD Ryzen 7 5700X 8-Core Processor,8,34265653248,NVIDIA GeForce RTX 5080,16303.0,,ppo,Walker,4096,3.5e-05,163840,0.008388,0.299,0.927,4.0,constant,True,64,2,simple,,,5,500000,256,12000
20251220-003641,0.177796334028244,0.829353928565979,235.3633728027344,256.2929992675781,0.0252617940306662,0.0246799819637089,1.4062207094052943,1.3950194120407104,9.550000190734863,4.429268313617241,8787.0,8729.40243902439,2267.333251953125,2267.333251953125,1.3333333730697632,0.0406504077155415,743.0,743.0,1.5467002391815186,1.0152718363011757,0.0,0.0,Windows 11,AMD Ryzen 7 5700X 8-Core Processor,8,34265653248,NVIDIA GeForce RTX 5080,16303.0,,ppo,Worm,1024,0.000208,81920,0.00035,0.222,0.919,3.0,constant,True,512,1,simple,,,5,500000,128,12000
20251220-004121,100.00001525878906,100.00001525878906,445.517578125,2259.874755859375,-21.33004150390625,0.02876851959154,0.3460272636264562,0.1356528401374817,18.311111450195312,15.071305656433106,9537.4443359375,9083.886328125,2267.333251953125,2267.333251953125,0.0,0.0,743.0,743.0,0.1083017364144325,0.0744390580803155,0.0,0.0,Windows 11,AMD Ryzen 7 5700X 8-Core Processor,8,34265653248,NVIDIA GeForce RTX 5080,16303.0,,sac,3DBall,256,0.000201,500000,,,,,constant,False,64,3,simple,,,5,500000,512,50000
20251220-011924,66.80667877197266,91.00001525878906,1285.31201171875,2233.94384765625,-1.5508856117725371,0.0030451160040683,0.8719734907150268,0.5941382050514221,20.049999237060547,15.72833309173584,8845.0,8734.06669921875,2267.333251953125,2267.333251953125,0.0,0.0,743.0,743.0,0.4714456498622894,0.0623127255588769,0.0,0.0,Windows 11,AMD Ryzen 7 5700X 8-Core Processor,8,34265653248,NVIDIA GeForce RTX 5080,16303.0,,sac,3DBallHard,512,0.00022,100000,,,,,constant,False,64,1,simple,,,5,100000,1024,10000
20251220-015713,447.04107666015625,617.7214965820312,12458.48828125,12588.3017578125,-11.934027640819547,0.1200980568956583,0.5184754304587841,0.3192874491214752,20.700000762939453,17.873666725158692,10895.0,10141.958330078123,2267.333251953125,2267.333251953125,0.0,0.0,752.0,751.645,0.1402507722377777,0.0386299387551843,0.0,0.0,Windows 11,AMD Ryzen 7 5700X 8-Core Processor,8,34265653248,NVIDIA GeForce RTX 5080,16303.0,,sac,Crawler,512,6.3e-05,500000,,,,,constant,False,512,1,simple,,,5,1000000,128,10000
20251220-052833,0.1199999973177909,0.1199999973177909,1498.615966796875,1498.615966796875,21.810906648635864,0.0019419164163991,1.876538246870041,1.6756653785705566,16.700000762939453,15.658333539962769,12006.5,11007.166748046877,2267.333251953125,2267.333251953125,0.0,0.0,752.0,752.0,2.630855083465576,2.534993708133697,0.0,0.0,Windows 11,AMD Ryzen 7 5700X 8-Core Processor,8,34265653248,NVIDIA GeForce RTX 5080,16303.0,,sac,GridFoodCollector,256,0.00021,100000,,,,,constant,False,512,1,simple,,,5,100000,1024,25000
20251220-213416,100.00001525878906,100.00001525878906,253.86134338378903,875.6767578125,0.0348969328527648,0.1486040204278348,1.3013719880437276,1.227851152420044,10.850000381469728,4.253915653171309,10543.0,10006.796198465738,2267.333251953125,2267.333251953125,35.0,6.4347389650991165,692.0,687.4829314817865,0.9782764911651612,0.5989860676857363,0.0,0.0,Windows 11,AMD Ryzen 7 5700X 8-Core Processor,8,34265653248,NVIDIA GeForce RTX 5080,16303.0,,ppo,3DBall,512,0.00024,40960,0.009494,0.123,0.938,3.0,linear,True,512,1,simple,,,5,2000000,128,12000
20251220-214906,1.5708240270614624,1.6601829528808594,127.89328002929688,132.83055114746094,0.0161794539541005,0.107720898091793,1.4196063041687013,1.4197958707809448,10.399999618530272,4.1674999833107,10465.6669921875,10250.500048828126,2267.333251953125,2267.333251953125,15.666666984558104,7.85,720.0,697.9,0.5767905712127686,0.4185912504792213,0.0,0.0,Windows 11,AMD Ryzen 7 5700X 8-Core Processor,8,34265653248,NVIDIA GeForce RTX 5080,16303.0,,ppo,3DBallHard,2048,0.000151,40960,0.009855,0.187,0.935,3.0,linear,True,256,2,simple,,,5,250000,64,12000
20251220-215140,1.0335808992385864,1.0335808992385864,193.18312072753903,193.18312072753903,0.0122996675781905,0.2134890407323837,1.4169688999652863,1.415298342704773,6.800000190734863,4.195833349227906,10682.6669921875,10468.066650390623,2267.333251953125,2267.333251953125,15.333333015441896,8.683333277702332,703.0,703.0,0.9634298086166382,0.6722284078598022,0.0,0.0,Windows 11,AMD Ryzen 7 5700X 8-Core Processor,8,34265653248,NVIDIA GeForce RTX 5080,16303.0,,ppo,Crawler,4096,0.000187,81920,0.001283,0.217,0.911,5.0,linear,True,256,3,simple,,,5,250000,1024,12000
20251220-215532,0.800000011920929,6.0,1104.934814453125,1141.3232421875,0.0242853596806525,0.0027529756713192,2.0970450980322703,2.049924850463867,23.39999961853028,15.780769225878592,16315.0,10317.192307692309,2267.333251953125,2267.333251953125,24.0,3.3846153846153846,4768.0,1267.6153846153843,3.3763370513916016,2.707359410467602,0.0,0.0,Windows 11,AMD Ryzen 7 5700X 8-Core Processor,8,34265653248,NVIDIA GeForce RTX 5080,16303.0,,ppo,GridFoodCollector,1024,8.2e-05,20480,0.008761,0.114,0.928,5.0,linear,False,256,2,simple,,,5,500000,256,12000
20251220-221446,-0.1720900684595108,-0.1235517710447311,843.943359375,7584.8701171875,0.0242132163451363,0.2357019654785593,1.3786353375538285,1.281669020652771,14.233333587646484,8.611445788877557,18753.666015625,13983.214796686749,2267.333251953125,2267.333251953125,46.5,8.915662692971976,8213.5,2768.108428587396,0.2425117790699005,0.0689909573397542,0.0,0.0,Windows 11,AMD Ryzen 7 5700X 8-Core Processor,8,34265653248,NVIDIA GeForce RTX 5080,16303.0,,ppo,GridWorld,1024,0.00025,20480,0.004573,0.123,0.934,4.0,constant,True,256,2,simple,,,5,1000000,128,12000
20251221-002146,-0.9998334646224976,-0.9272934198379515,80.3409652709961,333.0805969238281,0.0175476508215069,0.000617636609968,1.575710034951931,1.5665068626403809,12.399999618530272,7.137804871652184,9420.0,9326.573170731708,2267.333251953125,2267.333251953125,1.5,0.0609756097560975,853.0,853.0,1.293859601020813,0.778003850361196,0.0,0.0,Windows 11,AMD Ryzen 7 5700X 8-Core Processor,8,34265653248,NVIDIA GeForce RTX 5080,16303.0,,ppo,Hallway,2048,8.5e-05,40960,0.008739,0.135,0.942,8.0,constant,True,64,3,simple,,,5,500000,1024,12000
20251221-002751,3.8374719619750977,4.6899003982543945,2.642672538757324,639.5640869140625,0.0255059249078233,0.1196195674904932,1.862379835312625,1.681193232536316,10.699999809265137,3.8937499932944775,9488.0,9392.765625,2267.333251953125,2267.333251953125,3.0,0.140625,853.0,853.0,0.8870857357978821,0.47336018282965,0.0,0.0,Windows 11,AMD Ryzen 7 5700X 8-Core Processor,8,34265653248,NVIDIA GeForce RTX 5080,16303.0,,ppo,PushBlock,1024,0.000284,81920,0.009951,0.155,0.935,8.0,linear,False,64,3,simple,,,5,1000000,64,12000
20251221-003843,-1.0,-1.0,10.280521392822266,63.88252639770508,0.0170799177139997,0.0055100694298744,1.6093751937150955,1.6092480421066284,9.800000190734863,5.418750047683716,9496.5,9367.25,2267.333251953125,2267.333251953125,0.0,0.0,853.0,853.0,0.7819775938987732,0.5769330523908138,0.0,0.0,Windows 11,AMD Ryzen 7 5700X 8-Core Processor,8,34265653248,NVIDIA GeForce RTX 5080,16303.0,,ppo,Pyramids,2048,0.0001,81920,0.007425,0.114,0.949,5.0,linear,False,64,3,simple,,,5,100000,256,12000
20251221-004000,-0.9997333884239196,-0.7859000563621521,2690.0732421875,4604.55908203125,0.0119010458389917,0.0078415723692159,3.200149054986885,3.104156732559204,6.833333492279053,3.9482931817870544,11146.6669921875,10929.848397496236,2267.333251953125,2267.333251953125,1.0,0.0160642573273325,857.0,854.6987951807229,0.8864455819129944,0.485867977321866,0.0,0.0,Windows 11,AMD Ryzen 7 5700X 8-Core Processor,8,34265653248,NVIDIA GeForce RTX 5080,16303.0,,ppo,Sorter,4096,0.000109,81920,0.008309,0.154,0.928,4.0,linear,False,512,1,simple,,,5,2000000,512,12000
20251221-015702,-0.7026634812355042,-0.6701363325119019,7.775398254394531,155.6014404296875,,,1.418938273191452,1.4189382791519165,3.799999952316284,2.948750007152557,10064.0,9673.00419921875,2267.333251953125,2267.333251953125,0.0,0.0,857.0,857.0,0.8863246440887451,0.7179381966590881,0.0,0.0,Windows 11,AMD Ryzen 7 5700X 8-Core Processor,8,34265653248,NVIDIA GeForce RTX 5080,16303.0,,ppo,Walker,4096,0.000287,327680,0.001901,0.146,0.927,3.0,linear,True,128,3,simple,,,5,250000,512,12000
20251221-020001,0.5984318256378174,1.572761058807373,1534.010986328125,1638.88134765625,0.0173715502023696,0.0050856445498841,1.420532531048878,1.4214212894439695,7.5,4.5239959825952365,9757.5,9611.193782944278,2267.333251953125,2267.333251953125,1.5,0.0281124500984168,857.0,857.0,1.7212988138198853,0.9649686957204556,0.0,0.0,Windows 11,AMD Ryzen 7 5700X 8-Core Processor,8,34265653248,NVIDIA GeForce RTX 5080,16303.0,,ppo,Worm,2048,0.000208,163840,0.006787,0.116,0.906,10.0,linear,True,512,1,simple,,,5,2000000,256,12000
20251221-022734,100.00001525878906,100.00001525878906,3068.550537109375,12837.02734375,-0.9984046071767808,0.0003837214129994,-0.6345093082170934,-0.8696097731590271,16.316667556762695,9.701604196429251,9990.25,9361.887268066406,2267.333251953125,2267.333251953125,1.399999976158142,0.0299999998882412,858.0,856.56875,0.7692685723304749,0.2429172470699995,0.0,0.0,Windows 11,AMD Ryzen 7 5700X 8-Core Processor,8,34265653248,NVIDIA GeForce RTX 5080,16303.0,,sac,3DBall,512,0.000248,100000,,,,,constant,False,32,1,simple,,,5,2000000,1024,25000
20251221-060144,77.33847045898438,100.00001525878906,508.8987121582031,2334.15185546875,-1.7582707405090332,0.0010814134031533,0.4739373504184186,0.0128727471455931,16.299999237060547,8.984999847412109,9265.0,9167.5,2267.333251953125,2267.333251953125,0.0,0.0,856.0,856.0,0.5871484279632568,0.2826693528331816,0.0,0.0,Windows 11,AMD Ryzen 7 5700X 8-Core Processor,8,34265653248,NVIDIA GeForce RTX 5080,16303.0,,sac,3DBallHard,256,9.8e-05,500000,,,,,constant,True,256,3,simple,,,5,100000,1024,10000
20251221-064100,800.6576538085938,1012.3878784179688,19034.341796875,33471.93359375,-232.95070362091064,6.489446625113487,0.6170127928256989,0.6230589747428894,16.81999969482422,14.748583388328552,21457.599609375,11756.868237304689,2267.333251953125,2267.333251953125,85.4000015258789,12.841666796803477,11444.400390625,2676.245845031738,0.1098042652010917,0.0187460368266328,0.0,0.0,Windows 11,AMD Ryzen 7 5700X 8-Core Processor,8,34265653248,NVIDIA GeForce RTX 5080,16303.0,,sac,Crawler,1024,0.000253,100000,,,,,constant,True,128,2,simple,,,5,1000000,64,25000
20251221-223130,-0.8244903087615967,-0.2184789627790451,6053.9775390625,45071.2890625,-7.262566328048705,0.0191933325259014,0.7438397258520126,0.3321598470211029,15.0600004196167,13.427500009536743,20301.19921875,17728.907958984375,2267.333251953125,2267.333251953125,59.0,14.75,12124.599609375,3667.98323059082,0.0312172621488571,0.009508007497061,0.0,0.0,Windows 11,AMD Ryzen 7 5700X 8-Core Processor,8,34265653248,NVIDIA GeForce RTX 5080,16303.0,,sac,GridWorld,512,0.000217,500000,,,,,constant,False,256,2,simple,,,5,100000,256,25000
20251222-111445,-1.0000001192092896,-1.0000001192092896,175.46913146972656,16052.591796875,-0.5279745852947235,0.0001013765113515,0.4907895201444626,0.4461400806903839,23.799999237060547,4.635999984741211,24289.0,12756.14,2267.333251953125,2267.333251953125,76.0,10.95,11813.0,2642.43,0.0196727961301803,0.0107516259048133,0.0,0.0,Windows 11,AMD Ryzen 7 5700X 8-Core Processor,8,34265653248,NVIDIA GeForce RTX 5080,16303.0,,sac,Hallway,512,0.000178,500000,,,,,constant,False,32,2,simple,,,5,500000,128,10000
20251222-154300,4.665482521057129,4.742635250091553,20314.904296875,23158.896484375,-2.2023681521415712,0.0009528885148028,0.5177157238125801,0.3389328122138977,16.399999618530273,13.467500066757202,24203.0,13448.825,2267.333251953125,2267.333251953125,92.0,16.625,12042.0,3104.95,0.2083487063646316,0.016613234009128,0.0,0.0,Windows 11,AMD Ryzen 7 5700X 8-Core Processor,8,34265653248,NVIDIA GeForce RTX 5080,16303.0,,sac,PushBlock,512,4.1e-05,500000,,,,,constant,False,256,2,simple,,,5,500000,512,25000
20251222-221349,-1.0000001192092896,-1.0000001192092896,210.0694580078125,416.5635986328125,-20.86409091949463,0.0284762568771839,0.8654941618442534,0.4603607058525085,3.171428680419922,2.935714364051819,10185.8330078125,10103.34521484375,2267.333251953125,2267.333251953125,0.0,0.0,944.0,944.0,0.5982924699783325,0.5206276029348373,0.0,0.0,Windows 11,AMD Ryzen 7 5700X 8-Core Processor,8,34265653248,NVIDIA GeForce RTX 5080,16303.0,,sac,Pyramids,128,0.000231,500000,,,,,constant,True,128,1,simple,,,5,100000,1024,50000
20251222-222103,-1.0997333526611328,-0.931362509727478,12952.150390625,34888.44140625,-2.493160355091095,0.1235840321984141,1.4472308874130249,0.6958127021789551,17.100000381469727,15.488333415985108,11174.0,10800.23330078125,2267.333251953125,2267.333251953125,0.0,0.0,952.0,946.6666687011718,0.1609547883272171,0.0184595781145616,0.0,0.0,Windows 11,AMD Ryzen 7 5700X 8-Core Processor,8,34265653248,NVIDIA GeForce RTX 5080,16303.0,,sac,Sorter,512,0.000144,100000,,,,,constant,False,128,1,simple,,,5,100000,64,10000
20251223-080818,53.13797378540039,53.13797378540039,12181.591796875,12181.591796875,-15.41162748336792,1.709470761567354,0.7446649760007858,0.8117626905441284,14.34000015258789,13.602086067199709,12722.6669921875,11101.752001953126,2267.333251953125,2267.333251953125,6.666666507720947,0.3333333253860474,947.0,946.6,0.0548558123409748,0.0470322366803884,0.0,0.0,Windows 11,AMD Ryzen 7 5700X 8-Core Processor,8,34265653248,NVIDIA GeForce RTX 5080,16303.0,,sac,Walker,512,0.000223,200000,,,,,constant,True,128,3,simple,,,5,1000000,1024,50000
20251223-113416,379.6870422363281,652.0603637695312,31122.80078125,31810.154296875,-11.840337224006651,0.044767582788554,0.8180491325274035,0.8317718505859375,77.94999694824219,5.927114413152287,26124.0,15108.094527363184,2267.333251953125,2267.333251953125,85.0,7.539800995024875,12714.0,2074.1542288557216,0.1031315475702285,0.0316446509944339,0.0,0.0,Windows 11,AMD Ryzen 7 5700X 8-Core Processor,8,34265653248,NVIDIA GeForce RTX 5080,16303.0,,sac,Worm,1024,9.5e-05,200000,,,,,constant,False,64,3,simple,,,5,2000000,1024,10000
20251223-223952,1.2538310289382937,1.3616015911102295,101.06843566894533,113.76878356933594,0.0172573886811732,0.091330774128437,1.4109493255615235,1.4027308225631714,5.099999904632568,3.22833331823349,14292.3330078125,14025.141748046875,2267.333251953125,2267.333251953125,2.0,0.1,1043.0,1035.1666687011718,0.7299042344093323,0.5566222712397575,0.0,0.0,Windows 11,AMD Ryzen 7 5700X 8-Core Processor,8,34265653248,NVIDIA GeForce RTX 5080,16303.0,,ppo,3DBall,2048,0.000189,81920,0.009209,0.241,0.919,4.0,constant,False,512,1,simple,,,5,250000,2048,12000
20251223-224214,56.77619934082031,87.49168395996094,1157.4356689453125,1169.5921630859375,0.0343292627640696,0.6285464329173766,1.364176037799881,1.3167494535446167,16.0,4.670682734035584,15619.0,14790.845379565137,2267.333251953125,2267.333251953125,28.0,10.494979923568575,1114.0,1038.9588350962445,1.138024926185608,0.5758034558181303,0.0,0.0,Windows 11,AMD Ryzen 7 5700X 8-Core Processor,8,34265653248,NVIDIA GeForce RTX 5080,16303.0,,ppo,3DBallHard,512,3.8e-05,10240,0.006228,0.104,0.938,4.0,constant,False,256,1,simple,,,5,2000000,256,12000
20251223-230200,-0.0115304505452513,0.4039929211139679,198.42495727539065,210.3419647216797,0.0115066869184374,0.2617710530757904,1.4173130095005035,1.4138295650482178,7.425000190734863,5.144583320617675,15216.5,14915.1458984375,2267.333251953125,2267.333251953125,18.0,9.520833349227903,1111.0,1110.116668701172,0.7609735131263733,0.5361869663000107,0.0,0.0,Windows 11,AMD Ryzen 7 5700X 8-Core Processor,8,34265653248,NVIDIA GeForce RTX 5080,16303.0,,ppo,Crawler,4096,0.000214,163840,0.004268,0.263,0.943,5.0,constant,True,256,3,simple,,,5,250000,256,12000
20251223-230546,-0.1578947305679321,1.5,209.37306213378903,500.72174072265625,0.0169199472293257,0.0032268614508211,2.112293839454651,2.112839698791504,16.0,13.55999994277954,17012.0,15944.2,2267.333251953125,2267.333251953125,34.0,9.35,1111.0,1110.85,2.850306510925293,2.524024277925492,0.0,0.0,Windows 11,AMD Ryzen 7 5700X 8-Core Processor,8,34265653248,NVIDIA GeForce RTX 5080,16303.0,,ppo,GridFoodCollector,2048,8.8e-05,40960,0.004088,0.283,0.941,3.0,linear,True,32,1,simple,,,5,250000,256,12000
20251223-231443,-0.2432603985071182,-0.149442121386528,6096.7275390625,7100.15478515625,0.0175822336847583,0.1575283805529276,1.43241208289043,1.4304733276367188,11.633333206176758,7.379317243415189,28166.0,20758.64859045557,2267.333251953125,2267.333251953125,20.33333396911621,2.8514056241655923,1111.0,1053.644578313253,0.25853231549263,0.1108208193937428,0.0,0.0,Windows 11,AMD Ryzen 7 5700X 8-Core Processor,8,34265653248,NVIDIA GeForce RTX 5080,16303.0,,ppo,GridWorld,2048,0.000237,163840,0.002941,0.253,0.94,4.0,linear,True,256,3,simple,,,5,1000000,2048,12000
20251224-011338,-0.9951528906822203,-0.9373067617416382,352.6676025390625,471.67193603515625,0.0343044187225724,0.0006339348515409,1.5652609331062042,1.5355558395385742,13.199999809265137,5.786746975887253,11667.0,11539.819277108434,2267.333251953125,2267.333251953125,0.0,0.0,1028.0,1028.0,1.5004022121429443,0.7860722674662808,0.0,0.0,Windows 11,AMD Ryzen 7 5700X 8-Core Processor,8,34265653248,NVIDIA GeForce RTX 5080,16303.0,,ppo,Hallway,512,5e-05,40960,0.000276,0.145,0.91,3.0,linear,True,32,3,simple,,,5,1000000,512,12000
20251224-012142,-0.1819517761468887,4.627700328826904,12.708922386169434,736.8400268554688,0.0132976119321855,0.0068372569247995,1.8859947776219927,1.882340669631958,14.199999809265137,4.965079356753637,12330.0,12188.57142857143,2267.333251953125,2267.333251953125,0.0,0.0,1028.0,1028.0,1.1109261512756348,0.4982675806877304,0.0,0.0,Windows 11,AMD Ryzen 7 5700X 8-Core Processor,8,34265653248,NVIDIA GeForce RTX 5080,16303.0,,ppo,PushBlock,4096,0.000196,81920,0.008726,0.182,0.934,10.0,constant,True,32,3,simple,,,5,1000000,256,12000
20251224-013411,-1.0,-1.0,6.314737319946289,218.0638122558593,0.0126913618296384,0.0015352825867012,1.6084261281149728,1.6064798831939695,12.899999618530272,7.883333387829008,12373.0,11952.97619047619,2267.333251953125,2267.333251953125,0.0,0.0,1028.0,1028.0,1.1098930835723877,0.5746494574206216,0.0,0.0,Windows 11,AMD Ryzen 7 5700X 8-Core Processor,8,34265653248,NVIDIA GeForce RTX 5080,16303.0,,ppo,Pyramids,4096,0.000212,163840,0.004291,0.117,0.909,10.0,linear,True,128,3,simple,,,5,250000,512,12000
20251224-013801,-0.8676500916481018,-0.7833294868469238,944.1070556640624,3583.898681640625,0.0171834058128296,0.0036312120173533,3.1871962202600685,3.124490737915039,6.900000095367432,3.439407630139087,13174.3330078125,12849.352409638554,2267.333251953125,2267.333251953125,0.0,0.0,1028.0,1028.0,0.8648713827133179,0.5565924956856003,0.0,0.0,Windows 11,AMD Ryzen 7 5700X 8-Core Processor,8,34265653248,NVIDIA GeForce RTX 5080,16303.0,,ppo,Sorter,2048,0.000128,163840,0.006248,0.244,0.922,3.0,linear,True,256,2,simple,,,5,2000000,1024,12000
20251224-023802,0.8687000870704651,0.8687000870704651,855.94384765625,855.94384765625,0.0247069322504102,0.2075185924768447,1.4318374065031487,1.442967176437378,5.800000190734863,2.9597389626215738,11828.0,11714.613445971385,2267.333251953125,2267.333251953125,0.0,0.0,1028.0,1028.0,0.9577289819717408,0.6447837018823049,0.0,0.0,Windows 11,AMD Ryzen 7 5700X 8-Core Processor,8,34265653248,NVIDIA GeForce RTX 5080,16303.0,,ppo,Walker,1024,0.000121,81920,0.008963,0.111,0.902,5.0,constant,True,64,1,simple,,,5,1000000,1024,12000
20251224-025234,0.2893158197402954,0.7789320349693298,14.293905258178713,166.6913604736328,0.0248729698359965,0.0339236807078122,1.4122533003489175,1.4094194173812866,6.633333206176758,4.35317461831229,11668.5,11635.42857142857,2267.333251953125,2267.333251953125,0.0,0.0,1028.0,1028.0,0.9830974340438844,0.630312000711759,0.0,0.0,Windows 11,AMD Ryzen 7 5700X 8-Core Processor,8,34265653248,NVIDIA GeForce RTX 5080,16303.0,,ppo,Worm,1024,0.00025,40960,0.008343,0.116,0.946,4.0,linear,False,512,3,simple,,,5,250000,256,12000
20251224-025532,96.52680206298828,100.00001525878906,11276.986328125,22750.734375,-0.9753120124340058,7.911626506711113e-05,-0.7103014141321182,-0.8295976519584656,14.98888874053955,13.274166679382324,11953.22265625,11848.909814453124,2267.333251953125,2267.333251953125,0.0,0.0,1028.0,1021.5673614501952,0.0256205555051565,0.0131601740606128,0.0,0.0,Windows 11,AMD Ryzen 7 5700X 8-Core Processor,8,34265653248,NVIDIA GeForce RTX 5080,16303.0,,sac,3DBall,512,0.000176,50000,,,,,constant,False,256,1,simple,,,5,1000000,256,50000
20251224-091451,72.28462982177734,72.28462982177734,1312.388427734375,1312.388427734375,-1.9735904667112565,0.0097839780113038,1.2596950650215148,1.1502506732940674,16.350000381469727,12.765000128746031,11795.0,11745.1666015625,2267.333251953125,2267.333251953125,0.0,0.0,1023.0,1023.0,0.3033837378025055,0.0510064490139483,0.0,0.0,Windows 11,AMD Ryzen 7 5700X 8-Core Processor,8,34265653248,NVIDIA GeForce RTX 5080,16303.0,,sac,3DBallHard,1024,0.00012,50000,,,,,constant,True,32,3,simple,,,5,100000,2048,10000
20251224-093656,884.556640625,1540.278076171875,11792.9716796875,16403.828125,-266.5887336730957,7.666093097254634,0.1710410157043952,0.2138874679803848,16.280000686645508,12.861875009536742,15950.7998046875,13210.90623779297,2267.333251953125,2267.333251953125,13.333333015441896,1.7624999776482582,2514.800048828125,1506.0333374023437,0.0926144197583198,0.0516464845277368,0.0,0.0,Windows 11,AMD Ryzen 7 5700X 8-Core Processor,8,34265653248,NVIDIA GeForce RTX 5080,16303.0,,sac,Crawler,128,0.000248,50000,,,,,constant,False,512,2,simple,,,5,2000000,128,25000
20251224-141040,0.1000000014901161,0.699999988079071,,3420.719482421875,11.104953289031982,0.0017048200708813,1.7308590213457744,,14.550000190734863,12.883333365122477,16727.5,15100.583333333334,2267.333251953125,2267.333251953125,0.0,0.0,1435.0,1430.8333333333333,2.6161136627197266,2.548678994178772,0.0,0.0,Windows 11,AMD Ryzen 7 5700X 8-Core Processor,8,34265653248,NVIDIA GeForce RTX 5080,16303.0,,sac,GridFoodCollector,512,0.000285,200000,,,,,constant,True,128,1,simple,,,5,100000,2048,10000
20251224-150908,-0.6513683199882507,-0.4224064350128174,763.777099609375,4279.10302734375,-4.819568619132042,0.0060718533813996,0.708318218588829,0.5692068934440613,15.539999961853027,14.890833377838137,16522.166015625,15827.71630859375,2267.333251953125,2267.333251953125,0.2000000029802322,0.050000000745058,1431.199951171875,1430.2999877929688,0.1908995509147644,0.0511201368644833,0.0,0.0,Windows 11,AMD Ryzen 7 5700X 8-Core Processor,8,34265653248,NVIDIA GeForce RTX 5080,16303.0,,sac,GridWorld,256,0.000132,50000,,,,,constant,False,64,3,simple,,,5,100000,256,25000
20251224-162233,-0.93423992395401,-0.8142672777175903,11287.8759765625,14157.8896484375,-16.251772499084474,0.0010488069674465,0.8115686520934104,0.2650145590305328,15.5,13.403095197677612,14731.8330078125,14067.2951171875,2267.333251953125,2267.333251953125,0.0,0.0,1430.0,1430.0,0.0981514975428581,0.016015738248825,0.0,0.0,Windows 11,AMD Ryzen 7 5700X 8-Core Processor,8,34265653248,NVIDIA GeForce RTX 5080,16303.0,,sac,Hallway,1024,0.000122,500000,,,,,constant,False,512,2,simple,,,5,500000,128,50000
20251228-105639,2.877887964248657,2.877887964248657,185.3073883056641,185.3073883056641,0.0257829125039279,0.1177523955702781,1.404000461101532,1.3853436708450315,24.83333396911621,12.962500035762789,18795.666015625,17566.479248046875,2267.333251953125,2267.333251953125,82.66666412353516,59.375,10610.0,9377.45831298828,0.4507476389408111,0.3603978231549263,0.0,0.0,Windows 11,AMD Ryzen 7 5700X 8-Core Processor,8,34265653248,NVIDIA GeForce RTX 5080,16303.0,,ppo,3DBall,1024,0.000277,20480,0.006523,0.104,0.945,8.0,linear,True,512,3,simple,,,5,100000,2048,12000
20251228-110003,100.00000762939452,100.00000762939452,1033.856201171875,1600.320556640625,0.0343197818147018,0.0058479794449794,1.3390813247267022,1.3051451444625854,26.14999961853028,12.717469870326031,19157.5,17289.7730845256,2267.333251953125,2267.333251953125,87.0,73.27710838777473,10970.0,10633.542156908885,0.495849609375,0.2963608923446701,0.0,0.0,Windows 11,AMD Ryzen 7 5700X 8-Core Processor,8,34265653248,NVIDIA GeForce RTX 5080,16303.0,,ppo,3DBallHard,512,0.000204,20480,0.003139,0.14,0.928,4.0,linear,False,512,3,simple,,,5,1000000,64,12000
20251228-112707,70.81280517578125,131.73617553710938,732.7393798828125,860.5845947265625,0.0343629021379278,3.571684448275624,1.427225226309241,1.4398036003112793,19.933332443237305,12.688658597992688,16097.3330078125,15900.31426257622,2267.333251953125,2267.333251953125,86.0,70.92926825546637,11069.5,10768.485780297256,0.5978437066078186,0.4477433311503108,0.0,0.0,Windows 11,AMD Ryzen 7 5700X 8-Core Processor,8,34265653248,NVIDIA GeForce RTX 5080,16303.0,,ppo,Crawler,512,0.000124,10240,0.008351,0.258,0.906,3.0,constant,False,128,2,simple,,,5,500000,128,12000
20251228-114228,-0.3333333432674408,0.3529411852359772,109.76300811767578,552.2020874023438,0.017080370336771,0.0032957994844764,2.1123583846622043,2.113313913345337,32.5,17.65833346048991,18209.5,17091.5,2267.333251953125,2267.333251953125,85.0,73.66666666666667,10864.5,10744.5,0.6934791207313538,0.5709394183423784,0.0,0.0,Windows 11,AMD Ryzen 7 5700X 8-Core Processor,8,34265653248,NVIDIA GeForce RTX 5080,16303.0,,ppo,GridFoodCollector,2048,3.5e-05,81920,0.002393,0.3,0.925,10.0,constant,False,64,3,simple,,,5,100000,512,12000
20251228-115209,-0.2476763129234314,-0.1351405382156372,1611.13671875,2678.741455078125,0.0179294433134297,0.1089495507379372,1.4196386078754104,1.406469464302063,39.25,8.110441762280752,23438.5,18696.38153002636,2267.333251953125,2267.333251953125,85.5,38.77510020244552,11167.5,8080.076330713479,0.397238940000534,0.176635630383908,0.0,0.0,Windows 11,AMD Ryzen 7 5700X 8-Core Processor,8,34265653248,NVIDIA GeForce RTX 5080,16303.0,,ppo,GridWorld,2048,0.000128,81920,0.004361,0.188,0.921,3.0,constant,False,32,2,simple,,,5,1000000,256,12000
20251228-123730,-0.9993056654930116,-0.9420134425163268,861.0278930664062,2119.312744140625,0.0351591535119546,0.0153502879819521,1.605491082352328,1.6044975519180298,32.900001525878906,12.095783138849647,20350.0,19105.066265060243,2267.333251953125,2267.333251953125,88.0,70.4578313253012,11077.5,10703.713855421687,1.3993570804595947,0.380066798753049,0.0,0.0,Windows 11,AMD Ryzen 7 5700X 8-Core Processor,8,34265653248,NVIDIA GeForce RTX 5080,16303.0,,ppo,Hallway,512,2.8e-05,20480,0.006752,0.219,0.934,3.0,linear,True,32,1,simple,,,5,2000000,1024,12000
20251228-131319,-0.3989037573337555,4.625100135803223,9.015176773071287,102.61163330078124,0.0325874742120503,0.0189053164795041,1.945618212223053,1.9453822374343872,13.800000190734863,11.78333330154419,18992.0,18899.83333333333,2267.333251953125,2267.333251953125,87.0,84.16666666666667,10921.0,10806.333333333334,0.4115604758262634,0.306714229285717,0.0,0.0,Windows 11,AMD Ryzen 7 5700X 8-Core Processor,8,34265653248,NVIDIA GeForce RTX 5080,16303.0,,ppo,PushBlock,512,7.9e-05,40960,0.002758,0.174,0.944,5.0,linear,True,32,3,simple,,,5,100000,256,12000
20251228-131525,-1.0000001192092896,-0.842538595199585,62.51708984375,154.20230102539062,0.0247461404651403,0.0248126350343227,1.6092893332242966,1.6092529296875,22.549999237060547,13.44285719735282,19172.0,19063.0,2267.333251953125,2267.333251953125,85.5,70.35714285714286,11021.0,10876.785714285714,0.5844138264656067,0.4029108413628169,0.0,0.0,Windows 11,AMD Ryzen 7 5700X 8-Core Processor,8,34265653248,NVIDIA GeForce RTX 5080,16303.0,,ppo,Pyramids,1024,0.000291,81920,0.007341,0.143,0.925,5.0,linear,True,64,2,simple,,,5,100000,1024,12000
20251228-131820,-0.9996000528335572,-0.91635000705719,203.85400390625,3606.67236328125,0.034339505640498,0.00077140357087,2.895573954984366,2.9168288707733154,17.066667556762695,10.24518073897764,19490.0,18741.429781626503,2267.333251953125,2267.333251953125,86.66666412353516,71.28212871321712,11140.3330078125,10868.007059487953,0.3386087417602539,0.2312712211565799,0.0,0.0,Windows 11,AMD Ryzen 7 5700X 8-Core Processor,8,34265653248,NVIDIA GeForce RTX 5080,16303.0,,ppo,Sorter,512,0.00028,10240,0.00614,0.28,0.932,3.0,constant,True,512,2,simple,,,5,1000000,128,12000
20251228-141911,1.4641038179397583,1.5706671476364136,890.5538330078125,915.8182983398438,0.0349002918228506,0.1216515166064103,1.3983773749049118,1.3640869855880735,13.399999618530272,9.958130022374595,18955.25,18814.48380335365,2267.333251953125,2267.333251953125,86.75,71.74593483529439,11190.25,10906.86582983994,0.7475622296333313,0.4869595646131329,0.0,0.0,Windows 11,AMD Ryzen 7 5700X 8-Core Processor,8,34265653248,NVIDIA GeForce RTX 5080,16303.0,,ppo,Walker,512,0.000252,40960,0.004591,0.17,0.938,5.0,constant,False,256,2,simple,,,5,500000,256,12000
20251228-143508,0.6248649954795837,0.6839904189109802,149.1888885498047,263.0557556152344,0.0348671630024909,0.0131708972621708,1.4198414146900178,1.4209309816360474,14.399999618530272,9.439166569709778,19329.333984375,19018.6583984375,2267.333251953125,2267.333251953125,86.0,65.11666622161866,11189.3330078125,10934.741650390624,0.8262326121330261,0.5363346032798291,0.0,0.0,Windows 11,AMD Ryzen 7 5700X 8-Core Processor,8,34265653248,NVIDIA GeForce RTX 5080,16303.0,,ppo,Worm,512,0.000219,40960,0.0088,0.181,0.904,4.0,linear,True,32,2,simple,,,5,250000,128,12000
20251228-144019,98.26668548583984,98.26668548583984,14499.9443359375,14499.9443359375,-2.8128345727920534,0.0034237628517075,0.9968423396348952,0.432563453912735,14.3125,12.08646478652954,20973.091796875,19667.4912109375,2267.333251953125,2267.333251953125,77.33333587646484,59.88017711639405,11121.25,10396.979638671875,0.0819378644227981,0.019033723603934,0.0,0.0,Windows 11,AMD Ryzen 7 5700X 8-Core Processor,8,34265653248,NVIDIA GeForce RTX 5080,16303.0,,sac,3DBall,1024,3.5e-05,50000,,,,,constant,True,256,1,simple,,,5,500000,256,50000
20251228-184224,91.34546661376952,100.00001525878906,1086.1163330078125,10807.390625,-0.9638934998805798,0.0002506731505619,-0.2824334520706907,-0.4829587042331695,24.200000762939453,13.942750015258788,20949.0,12072.099169921876,2267.333251953125,2267.333251953125,82.0,2.6575,11264.5,1254.383330078125,0.3258939683437347,0.0419946861173957,0.0,0.0,Windows 11,AMD Ryzen 7 5700X 8-Core Processor,8,34265653248,NVIDIA GeForce RTX 5080,16303.0,,sac,3DBallHard,128,0.000211,200000,,,,,constant,False,32,1,simple,,,5,2000000,256,10000
20251228-214304,36.27933120727539,61.912410736083984,2145.9453125,3177.97900390625,-111.25923614501951,7.745374482870102,1.0262964248657227,0.8919277787208557,25.39999961853028,13.50999994277954,21825.0,19947.1,2267.333251953125,2267.333251953125,79.0,59.18333358764649,11103.3330078125,10133.78330078125,0.0377602577209472,0.0265992905944585,0.0,0.0,Windows 11,AMD Ryzen 7 5700X 8-Core Processor,8,34265653248,NVIDIA GeForce RTX 5080,16303.0,,sac,Crawler,512,6.4e-05,100000,,,,,constant,False,128,3,simple,,,5,100000,1024,10000
20251228-223754,28.0,67.0,29817.537109375,246450.28125,-3.11261152908206,0.0048898951834416,1.0469623219966888,0.901429295539856,26.64999961853028,14.169999990463255,26269.0,14737.005,2267.333251953125,2267.333251953125,86.0,18.825,11647.0,3808.52,1.1283000707626345,0.4153191990079358,0.0,0.0,Windows 11,AMD Ryzen 7 5700X 8-Core Processor,8,34265653248,NVIDIA GeForce RTX 5080,16303.0,,sac,GridFoodCollector,1024,0.000236,50000,,,,,constant,True,64,2,simple,,,5,2000000,256,10000
20260101-002717,92.33078002929688,100.00000762939452,70.73470306396484,274.2415771484375,0.0344801354789878,0.006018306987776,1.3409840450054262,1.3191232681274414,9.5,3.8353658711037983,9968.5,9735.085389672256,2267.333251953125,2267.333251953125,21.5,9.422764219888826,836.0,835.329268292683,1.0030533075332642,0.6189550350352031,0.0,0.0,Windows 11,AMD Ryzen 7 5700X 8-Core Processor,8,34265653248,NVIDIA GeForce RTX 5080,16303.0,,ppo,3DBall,512,0.000219,10240,0.003624,0.194,0.929,5.0,linear,True,128,2,simple,,,5,500000,64,12000
20260101-003208,1.06943941116333,1.06943941116333,68.24043273925781,68.24043273925781,0.0255443304777145,0.0711694285273552,1.4174486547708511,1.4087847471237185,6.266666889190674,4.625000059604645,9933.6669921875,9880.625,2267.333251953125,2267.333251953125,17.66666603088379,16.145833373069763,836.0,836.0,0.7365192770957947,0.5634587667882442,0.0,0.0,Windows 11,AMD Ryzen 7 5700X 8-Core Processor,8,34265653248,NVIDIA GeForce RTX 5080,16303.0,,ppo,3DBall,1024,0.000204,81920,0.003197,0.212,0.925,8.0,constant,False,256,1,simple,,,5,100000,64,12000
20260101-003326,2.78414249420166,3.074913024902344,250.8784942626953,266.9616394042969,0.0249586602052052,0.3133091740310192,1.4101061733757578,1.4011379480361938,5.866666793823242,3.0939024599587044,10117.3330078125,9921.321146150916,2267.333251953125,2267.333251953125,26.0,9.491869964250704,836.0,836.0,1.017839789390564,0.5880868296797682,0.0,0.0,Windows 11,AMD Ryzen 7 5700X 8-Core Processor,8,34265653248,NVIDIA GeForce RTX 5080,16303.0,,ppo,3DBall,1024,6.2e-05,40960,0.00333,0.217,0.927,4.0,linear,False,128,2,simple,,,5,500000,128,12000
20260101-003804,1.259528398513794,1.259528398513794,76.17526245117188,76.17526245117188,0.0263699349015951,0.0316758975386619,1.418865293264389,1.4184399843215942,3.75,2.48958332836628,10050.0,9988.666625976562,2267.333251953125,2267.333251953125,16.66666603088379,14.62499988079071,836.3333129882812,836.0416641235352,0.8156499862670898,0.4890442229807377,0.0,0.0,Windows 11,AMD Ryzen 7 5700X 8-Core Processor,8,34265653248,NVIDIA GeForce RTX 5080,16303.0,,ppo,3DBall,1024,0.000175,81920,0.001379,0.23,0.918,5.0,linear,False,512,3,simple,,,5,100000,64,12000
20260101-003929,2.911036968231201,2.916053533554077,280.0627136230469,304.197998046875,0.0251040977115431,0.1254763541122277,1.412814323495074,1.4062156677246094,6.733333110809326,4.865447172304479,10213.0,9969.248046875,2267.333251953125,2267.333251953125,21.0,5.524390255532613,838.6666870117188,835.6422774152057,0.7250160574913025,0.5084255933761597,0.0,0.0,Windows 11,AMD Ryzen 7 5700X 8-Core Processor,8,34265653248,NVIDIA GeForce RTX 5080,16303.0,,ppo,3DBall,1024,5.2e-05,81920,0.009158,0.151,0.909,4.0,linear,True,512,2,simple,,,5,500000,256,12000
20260101-004445,1.2003830671310425,1.2918325662612915,10.682488441467283,54.28712844848633,0.0240152422338723,0.1344647295773029,1.4213752448558807,1.4253921508789062,6.066666603088379,3.5270833373069763,10034.6669921875,9940.1875,2267.333251953125,2267.333251953125,16.33333396911621,13.833333373069763,837.0,837.0,0.8970163464546204,0.5787849053740501,0.0,0.0,Windows 11,AMD Ryzen 7 5700X 8-Core Processor,8,34265653248,NVIDIA GeForce RTX 5080,16303.0,,ppo,3DBall,1024,0.000225,40960,0.0003,0.259,0.906,4.0,constant,True,256,1,simple,,,5,100000,128,12000
20260101-004548,1.730660319328308,1.730660319328308,88.9503173828125,88.9503173828125,0.0244050212204455,0.0314910542219877,1.414741277694702,1.3969950675964355,7.400000095367432,4.710416674613953,10105.6669921875,10021.583374023438,2267.333251953125,2267.333251953125,16.0,11.687500059604645,837.0,835.25,0.8435854911804199,0.5511692389845848,0.0,0.0,Windows 11,AMD Ryzen 7 5700X 8-Core Processor,8,34265653248,NVIDIA GeForce RTX 5080,16303.0,,ppo,3DBall,1024,0.000246,40960,0.005709,0.191,0.945,10.0,constant,False,512,2,simple,,,5,100000,1024,12000
20260101-004726,1.2115830183029177,1.27267324924469,5.981731414794922,41.29745101928711,,,1.4189382642507553,1.4189382791519165,7.96666669845581,6.287500023841858,10120.0,9904.583374023438,2267.333251953125,2267.333251953125,15.666666984558104,9.6875,836.0,836.0,0.7088304162025452,0.493402075022459,0.0,0.0,Windows 11,AMD Ryzen 7 5700X 8-Core Processor,8,34265653248,NVIDIA GeForce RTX 5080,16303.0,,ppo,3DBall,4096,4.4e-05,163840,0.000403,0.118,0.903,5.0,linear,True,128,3,simple,,,5,100000,512,12000
20260101-004817,1.1501879692077637,1.2023032903671265,27.76895332336425,53.81683349609375,0.0167697761207818,0.3071466833353042,1.417867287993431,1.4172128438949585,12.550000190734863,3.504166692495346,9980.0,9941.166748046877,2267.333251953125,2267.333251953125,11.0,9.083333134651184,836.0,836.0,0.8386096954345703,0.550860159099102,0.0,0.0,Windows 11,AMD Ryzen 7 5700X 8-Core Processor,8,34265653248,NVIDIA GeForce RTX 5080,16303.0,,ppo,3DBall,2048,8.7e-05,40960,0.007762,0.138,0.923,5.0,constant,False,32,2,simple,,,5,100000,1024,12000
20260101-004920,100.00000762939452,100.00000762939452,587.2254638671875,1416.1185302734375,0.0177931432457019,0.0135111206726984,1.257285430488816,1.125588297843933,16.399999618530273,3.537248988467527,10215.5,8993.277120199547,2267.333251953125,2267.333251953125,18.5,4.30622490163309,898.0,862.9568271866764,1.3476312160491943,0.7504832832569099,0.0,0.0,Windows 11,AMD Ryzen 7 5700X 8-Core Processor,8,34265653248,NVIDIA GeForce RTX 5080,16303.0,,ppo,3DBall,2048,0.000269,81920,0.005344,0.149,0.917,10.0,linear,False,128,2,simple,,,5,2000000,64,12000
20260101-011307,100.00001525878906,100.00001525878906,121.21937561035156,972.15283203125,0.0239647209840385,0.002441415631725,1.272886984319572,1.2086787223815918,8.75,4.245783120034689,8306.0,8232.015054358057,2267.333251953125,2267.333251953125,12.0,0.1395582326923508,877.0,877.0,1.227394461631775,0.693331689181098,0.0,0.0,Windows 11,AMD Ryzen 7 5700X 8-Core Processor,8,34265653248,NVIDIA GeForce RTX 5080,16303.0,,ppo,3DBall,1024,0.000229,20480,0.007276,0.178,0.914,5.0,constant,True,64,3,simple,,,5,2000000,2048,12000
20260101-012933,100.00001525878906,100.00001525878906,726.8040771484375,858.3876342773438,0.0182891241274773,0.0385507877314617,1.3419487181916294,1.268919587135315,6.199999809265137,2.9812248938054924,8658.5,8446.498994022966,2267.333251953125,2267.333251953125,12.0,0.1797188777162368,877.0,877.0,1.3643511533737185,0.7702139610626612,0.0,0.0,Windows 11,AMD Ryzen 7 5700X 8-Core Processor,8,34265653248,NVIDIA GeForce RTX 5080,16303.0,,ppo,3DBall,2048,0.000264,163840,0.005484,0.264,0.933,3.0,linear,False,64,3,simple,,,5,2000000,512,12000
20260101-014401,1.3144868612289429,1.327327847480774,62.15169143676758,66.54167938232422,0.0249493941664694,0.0628923075273632,1.417869746685028,1.4163013696670532,3.299999952316284,1.6479166448116302,8273.6669921875,8248.625122070312,2267.333251953125,2267.333251953125,0.0,0.0,877.0,877.0,0.7782321572303772,0.5279856808483601,0.0,0.0,Windows 11,AMD Ryzen 7 5700X 8-Core Processor,8,34265653248,NVIDIA GeForce RTX 5080,16303.0,,ppo,3DBall,1024,0.000144,40960,0.004862,0.115,0.908,10.0,constant,True,256,1,simple,,,5,100000,512,12000
20260101-014516,2.2123966217041016,2.2123966217041016,470.4749145507813,470.4749145507813,0.0171834824141114,0.1627360402295986,1.416370411953294,1.409475564956665,4.75,2.628514060054917,8377.3330078125,8329.869458301959,2267.333251953125,2267.333251953125,1.0,0.0160642571478004,877.0,877.0,1.0069204568862915,0.6071503851787153,0.0,0.0,Windows 11,AMD Ryzen 7 5700X 8-Core Processor,8,34265653248,NVIDIA GeForce RTX 5080,16303.0,,ppo,3DBall,2048,2.6e-05,81920,0.002264,0.287,0.902,3.0,constant,True,64,2,simple,,,5,1000000,1024,12000
20260101-015315,3.049134969711304,3.146126747131348,115.8887176513672,119.9106674194336,0.035272841900587,0.1411356791853904,1.40418661236763,1.3910443782806396,4.766666889190674,2.882499986886978,8279.6669921875,8261.19169921875,2267.333251953125,2267.333251953125,0.6666666865348816,0.033333334326744,877.0,877.0,0.9049685001373292,0.6507069617509842,0.0,0.0,Windows 11,AMD Ryzen 7 5700X 8-Core Processor,8,34265653248,NVIDIA GeForce RTX 5080,16303.0,,ppo,3DBall,512,0.000157,40960,0.003698,0.125,0.927,4.0,linear,True,128,2,simple,,,5,250000,256,12000
20260101-015532,1.2585461139678955,1.2914341688156128,49.36758804321289,108.94940185546876,0.0167046692222356,0.2099592983722686,1.4188626885414124,1.4186997413635254,3.866666555404663,2.215833330154419,8533.0,8360.516650390626,2267.333251953125,2267.333251953125,1.0,0.083333334326744,877.0,877.0,0.7452147603034973,0.620987682044506,0.0,0.0,Windows 11,AMD Ryzen 7 5700X 8-Core Processor,8,34265653248,NVIDIA GeForce RTX 5080,16303.0,,ppo,3DBall,2048,0.000119,163840,0.008898,0.136,0.936,3.0,linear,True,512,1,simple,,,5,250000,2048,12000
20260101-015732,1.2407406568527222,1.2445311546325684,23.371984481811523,46.91998672485352,0.0176952835172414,0.1015975549817085,1.4198617935180664,1.4252474308013916,3.733333349227905,2.887499988079071,8364.6669921875,8285.791748046875,2267.333251953125,2267.333251953125,0.0,0.0,877.0,877.0,0.8805712461471558,0.621738612651825,0.0,0.0,Windows 11,AMD Ryzen 7 5700X 8-Core Processor,8,34265653248,NVIDIA GeForce RTX 5080,16303.0,,ppo,3DBall,2048,0.000257,81920,0.005144,0.109,0.932,3.0,constant,True,256,2,simple,,,5,100000,64,12000
20260101-015828,1.6829098463058472,1.6829098463058472,69.5605697631836,69.5605697631836,0.0344342528842389,0.0998154575936495,1.4139140993356705,1.4086157083511353,6.933333396911621,5.275000035762787,8226.0,8219.6875,2267.333251953125,2267.333251953125,0.0,0.0,877.0,877.0,0.4472108483314514,0.3617652468383312,0.0,0.0,Windows 11,AMD Ryzen 7 5700X 8-Core Processor,8,34265653248,NVIDIA GeForce RTX 5080,16303.0,,ppo,3DBall,512,0.000115,10240,0.004983,0.266,0.943,10.0,linear,False,128,1,simple,,,5,100000,64,12000
20260101-015946,1.506535887718201,1.571269392967224,811.6925659179688,1050.45947265625,0.0169999397864254,0.3816333649059136,1.4162238549037152,1.4122607707977295,6.866666793823242,4.016365464911403,8681.3330078125,8334.550181193525,2267.333251953125,2267.333251953125,4.333333492279053,0.0562249003763658,877.0,877.0,0.8280940651893616,0.5533877602183676,0.0,0.0,Windows 11,AMD Ryzen 7 5700X 8-Core Processor,8,34265653248,NVIDIA GeForce RTX 5080,16303.0,,ppo,3DBall,2048,1.7e-05,40960,0.007027,0.234,0.923,5.0,linear,False,32,2,simple,,,5,2000000,512,12000
20260101-021727,3.1406362056732178,3.5750973224639893,250.11257934570312,253.9462127685547,0.0356752835214137,0.0747277343956132,1.3676721235600913,1.292001724243164,3.933333396911621,2.4500000098856485,8354.6669921875,8328.821146150915,2267.333251953125,2267.333251953125,5.0,0.14634146414152,877.0,877.0,1.0843311548233032,0.6410926980216328,0.0,0.0,Windows 11,AMD Ryzen 7 5700X 8-Core Processor,8,34265653248,NVIDIA GeForce RTX 5080,16303.0,,ppo,3DBall,512,0.000137,40960,0.000277,0.279,0.913,5.0,constant,False,64,1,simple,,,5,500000,1024,12000
20260101-022201,2.832458972930908,2.832458972930908,399.1037902832031,399.1037902832031,0.0183683133994539,0.1940328131119409,1.4079315953138398,1.3904929161071775,5.949999809265137,3.014634155645603,8483.0,8415.796708269818,2267.333251953125,2267.333251953125,0.0,0.0,877.0,877.0,0.7148073315620422,0.4537089946793347,0.0,0.0,Windows 11,AMD Ryzen 7 5700X 8-Core Processor,8,34265653248,NVIDIA GeForce RTX 5080,16303.0,,ppo,3DBallHard,2048,0.000126,81920,0.009316,0.178,0.933,10.0,constant,True,32,2,simple,,,5,500000,1024,12000
20260101-022853,64.01053619384766,95.22309112548828,437.0978393554688,487.1831665039063,0.0345256934279059,0.014081618377619,1.372471973120448,1.3462220430374146,10.43333339691162,4.355020089321826,8328.0,8313.200818900603,2267.333251953125,2267.333251953125,2.0,0.036144578313253,877.0,877.0,0.9219130277633668,0.5968903026666986,0.0,0.0,Windows 11,AMD Ryzen 7 5700X 8-Core Processor,8,34265653248,NVIDIA GeForce RTX 5080,16303.0,,ppo,3DBallHard,512,0.000114,10240,0.004215,0.244,0.942,3.0,linear,False,256,2,simple,,,5,1000000,1024,12000
20260101-023712,1.2683794498443604,1.2821427583694458,119.85255432128906,123.80054473876952,0.0180193912237882,0.1647751182317733,1.4178728401660918,1.4155791997909546,2.700000047683716,1.998333352804184,8670.0,8452.624951171874,2267.333251953125,2267.333251953125,9.333333015441896,0.4666666507720948,877.0,877.0,0.8055640459060669,0.5687241598963737,0.0,0.0,Windows 11,AMD Ryzen 7 5700X 8-Core Processor,8,34265653248,NVIDIA GeForce RTX 5080,16303.0,,ppo,3DBallHard,2048,0.00022,163840,0.005967,0.186,0.943,3.0,linear,True,128,3,simple,,,5,250000,2048,12000
20260101-023928,100.00001525878906,100.00001525878906,622.152587890625,1522.2554931640625,0.0343510961004842,0.0072657740562741,1.3668719199766597,1.4703614711761477,10.5,4.898293182074306,8446.0,8389.689747270331,2267.333251953125,2267.333251953125,1.3333333730697632,0.0291164662823619,877.0,877.0,0.9859655499458312,0.6154714916125837,0.0,0.0,Windows 11,AMD Ryzen 7 5700X 8-Core Processor,8,34265653248,NVIDIA GeForce RTX 5080,16303.0,,ppo,3DBallHard,512,0.000289,40960,0.005455,0.121,0.927,10.0,constant,False,64,1,simple,,,5,2000000,512,12000
20260101-030501,1.681438446044922,1.681438446044922,266.6402587890625,266.6402587890625,0.0169584557103613,0.1431230399757623,1.4094187922594024,1.402898192405701,7.633333206176758,4.493089443299828,8463.3330078125,8396.272318025915,2267.333251953125,2267.333251953125,4.0,0.1382113833252976,877.0,877.0,0.7303234338760376,0.4846198231708712,0.0,0.0,Windows 11,AMD Ryzen 7 5700X 8-Core Processor,8,34265653248,NVIDIA GeForce RTX 5080,16303.0,,ppo,3DBallHard,2048,0.000168,40960,0.008041,0.189,0.928,4.0,linear,False,128,2,simple,,,5,500000,2048,12000
20260101-030948,18.848278045654297,21.922224044799805,295.8094177246094,313.17626953125,0.0267977841819325,0.1170367139081159,1.3834315102274826,1.314283013343811,6.050000190734863,2.445528446174249,8606.5,8528.479658917682,2267.333251953125,2267.333251953125,1.3333333730697632,0.0325203261724332,877.0,877.0,0.7286037802696228,0.5460128711491097,0.0,0.0,Windows 11,AMD Ryzen 7 5700X 8-Core Processor,8,34265653248,NVIDIA GeForce RTX 5080,16303.0,,ppo,3DBallHard,1024,0.000199,81920,0.002117,0.296,0.913,4.0,constant,False,512,3,simple,,,5,500000,64,12000
20260101-031536,100.00001525878906,100.00001525878906,324.2161865234375,324.2161865234375,0.0342748524484837,0.0095835025991928,1.363115080972997,1.3168668746948242,6.800000190734863,3.0284552981213824,8382.5,8366.276391006097,2267.333251953125,2267.333251953125,2.5,0.0609756097560975,877.0,877.0,0.8922304511070251,0.5420572757720947,0.0,0.0,Windows 11,AMD Ryzen 7 5700X 8-Core Processor,8,34265653248,NVIDIA GeForce RTX 5080,16303.0,,ppo,3DBallHard,512,0.000142,10240,0.006293,0.235,0.93,4.0,constant,False,512,3,simple,,,5,500000,128,12000
20260101-032113,92.46155548095705,100.00001525878906,442.5380859375,494.513427734375,0.0172107506465787,0.2754748441899816,1.3977599316332714,1.3689019680023191,9.0,4.958232931343906,8456.6669921875,8425.81528849774,2267.333251953125,2267.333251953125,6.0,0.1164658644113195,877.0,877.0,0.7993502020835876,0.4763650165264865,0.0,0.0,Windows 11,AMD Ryzen 7 5700X 8-Core Processor,8,34265653248,NVIDIA GeForce RTX 5080,16303.0,,ppo,3DBallHard,2048,0.000261,40960,0.007863,0.153,0.915,3.0,linear,False,256,2,simple,,,5,1000000,2048,12000
20260101-032936,1.1973179578781128,1.2689722776412964,25.87192726135254,52.06337356567383,0.0358976605348288,0.3370265606790781,1.4207039922475817,1.4208403825759888,3.799999952316284,2.4062499701976776,8334.6669921875,8330.562377929688,2267.333251953125,2267.333251953125,0.0,0.0,877.0,877.0,0.6742053031921387,0.5033579580485821,0.0,0.0,Windows 11,AMD Ryzen 7 5700X 8-Core Processor,8,34265653248,NVIDIA GeForce RTX 5080,16303.0,,ppo,3DBallHard,512,6.9e-05,10240,0.000648,0.134,0.916,3.0,constant,True,32,1,simple,,,5,100000,256,12000
20260101-033036,1.227519392967224,1.3183097839355469,120.19275665283205,135.4888153076172,0.0124609321355819,0.0492675602436065,1.4193056046962738,1.420095443725586,5.633333206176758,3.875833368301392,8726.3330078125,8526.708349609375,2267.333251953125,2267.333251953125,0.3333333432674408,0.016666667163372,877.0,877.0,0.6835811734199524,0.4867963671684265,0.0,0.0,Windows 11,AMD Ryzen 7 5700X 8-Core Processor,8,34265653248,NVIDIA GeForce RTX 5080,16303.0,,ppo,3DBallHard,4096,0.000113,163840,0.008036,0.186,0.907,4.0,constant,True,256,3,simple,,,5,250000,1024,12000
20260101-033304,1.3044087886810305,1.3044087886810305,68.09507751464844,68.09507751464844,0.0348677653819322,0.0868929997086524,1.4220197200775146,1.420919418334961,6.733333110809326,4.902083307504654,8412.0,8375.125,2267.333251953125,2267.333251953125,0.0,0.0,877.0,877.0,0.7614174485206604,0.509937196969986,0.0,0.0,Windows 11,AMD Ryzen 7 5700X 8-Core Processor,8,34265653248,NVIDIA GeForce RTX 5080,16303.0,,ppo,3DBallHard,512,0.000101,40960,0.005816,0.162,0.942,8.0,constant,False,32,3,simple,,,5,100000,512,12000
20260101-033422,100.00001525878906,100.00001525878906,597.2661743164062,1487.2032470703125,0.012446645918923,0.0320972755434922,1.411518429417208,1.4173696041107178,6.949999809265137,3.454216856195266,8676.5,8570.145572524472,2267.333251953125,2267.333251953125,2.5,0.0451807230710983,877.0,877.0,1.01664936542511,0.6585849144731659,0.0,0.0,Windows 11,AMD Ryzen 7 5700X 8-Core Processor,8,34265653248,NVIDIA GeForce RTX 5080,16303.0,,ppo,3DBallHard,4096,4.1e-05,81920,0.009569,0.284,0.936,8.0,linear,True,256,3,simple,,,5,2000000,2048,12000
20260101-035919,1.525327444076538,1.5600886344909668,316.71258544921875,330.4107971191406,0.0167746845011909,0.1001938010255495,1.4140820067103317,1.4099624156951904,5.050000190734863,2.4199187174075987,8550.5,8482.260146722561,2267.333251953125,2267.333251953125,2.3333332538604736,0.113821135788429,877.0,877.0,0.8217296600341797,0.6015456129864949,0.0,0.0,Windows 11,AMD Ryzen 7 5700X 8-Core Processor,8,34265653248,NVIDIA GeForce RTX 5080,16303.0,,ppo,3DBallHard,2048,0.000118,81920,0.004849,0.145,0.921,8.0,linear,False,128,2,simple,,,5,500000,256,12000
20260101-040529,1.9213566780090328,1.9647958278656008,495.7139892578125,553.3462524414062,0.024644883427148,0.178595884082218,1.4150233354913182,1.4108726978302002,6.0,2.9267068411930497,8486.3330078125,8451.32728962726,2267.333251953125,2267.333251953125,9.0,0.1485943769115999,877.0,877.0,1.018399357795715,0.5830310209687933,0.0,0.0,Windows 11,AMD Ryzen 7 5700X 8-Core Processor,8,34265653248,NVIDIA GeForce RTX 5080,16303.0,,ppo,3DBallHard,1024,4.3e-05,40960,0.009833,0.262,0.91,4.0,linear,False,512,1,simple,,,5,1000000,128,12000
20260101-041452,1.2790098190307615,1.2996000051498413,217.1856231689453,274.76873779296875,0.0126644944151241,0.0428266065816084,1.4168817270092848,1.413831114768982,5.5,2.176829261023824,8842.0,8649.573099275915,2267.333251953125,2267.333251953125,2.6666667461395264,0.1097561004685192,877.0,877.0,0.81991046667099,0.5451116089413806,0.0,0.0,Windows 11,AMD Ryzen 7 5700X 8-Core Processor,8,34265653248,NVIDIA GeForce RTX 5080,16303.0,,ppo,3DBallHard,4096,0.000228,163840,0.008718,0.14,0.939,4.0,linear,False,512,2,simple,,,5,500000,2048,12000
20260101-042017,100.00000762939452,100.00000762939452,463.5279235839844,1348.29833984375,0.0250586122274398,0.0814320898692433,1.253341837101672,1.1508378982543943,6.300000190734863,2.725501999079463,8601.0,8538.825312970632,2267.333251953125,2267.333251953125,4.333333492279053,0.0622489973005042,877.0,877.0,1.0192002058029177,0.6589725994202028,0.0,0.0,Windows 11,AMD Ryzen 7 5700X 8-Core Processor,8,34265653248,NVIDIA GeForce RTX 5080,16303.0,,ppo,3DBallHard,1024,0.00026,81920,0.002235,0.276,0.939,8.0,constant,False,256,1,simple,,,5,2000000,64,12000
20260101-044256,1.1998087167739868,1.223689317703247,5.991074562072754,68.33853149414062,0.0165963694453239,0.2399576008319854,1.4188148975372314,1.4180986881256104,3.2666666507720947,1.7374999970197678,8549.0,8451.416748046875,2267.333251953125,2267.333251953125,0.3333333432674408,0.0416666679084301,877.0,877.0,0.5359437465667725,0.4177415929734707,0.0,0.0,Windows 11,AMD Ryzen 7 5700X 8-Core Processor,8,34265653248,NVIDIA GeForce RTX 5080,16303.0,,ppo,3DBallHard,2048,0.00027,81920,0.001481,0.21,0.924,8.0,linear,True,32,3,simple,,,5,100000,256,12000
20260101-044413,9.654054641723633,11.639362335205078,1054.604248046875,1082.664794921875,0.0169408538107138,0.0275984559751425,1.3972454939980106,1.3814656734466553,4.9666666984558105,2.076706821480429,8499.0,8464.17771672628,2267.333251953125,2267.333251953125,1.6666666269302368,0.0271084335554076,877.0,877.0,0.8435118198394775,0.5223534322646727,0.0,0.0,Windows 11,AMD Ryzen 7 5700X 8-Core Processor,8,34265653248,NVIDIA GeForce RTX 5080,16303.0,,ppo,3DBallHard,2048,5.4e-05,40960,0.004619,0.232,0.942,4.0,linear,False,128,3,simple,,,5,2000000,64,12000
20260101-050226,1.234368920326233,1.234368920326233,96.82221221923828,96.82221221923828,,,1.418938261270523,1.418938159942627,5.933333396911621,4.714166641235352,8964.6669921875,8671.14169921875,2267.333251953125,2267.333251953125,0.0,0.0,877.0,877.0,0.6146413683891296,0.3885058104991913,0.0,0.0,Windows 11,AMD Ryzen 7 5700X 8-Core Processor,8,34265653248,NVIDIA GeForce RTX 5080,16303.0,,ppo,3DBallHard,4096,0.000264,327680,0.006172,0.18,0.92,10.0,linear,False,512,2,simple,,,5,250000,128,12000
20260101-050415,94.29232025146484,100.00001525878906,159.0586700439453,188.9264678955078,0.0247364015403118,0.1300968087532303,1.37059987783432,1.3023688793182373,6.25,3.308333325386047,8414.0,8401.63330078125,2267.333251953125,2267.333251953125,0.0,0.0,877.0,877.0,1.0852073431015017,0.6433420956134797,0.0,0.0,Windows 11,AMD Ryzen 7 5700X 8-Core Processor,8,34265653248,NVIDIA GeForce RTX 5080,16303.0,,ppo,3DBallHard,1024,0.000296,20480,0.009656,0.151,0.918,10.0,constant,True,128,2,simple,,,5,250000,1024,12000
20260101-050744,49.5556640625,118.01748657226562,384.1809387207031,388.8767395019531,0.017098140394823,0.2869752604853023,1.414294231228712,1.4140779972076416,6.150000095367432,4.014024403037094,8529.3330078125,8489.315024771342,2267.333251953125,2267.333251953125,0.0,0.0,877.0,877.0,1.078317642211914,0.6511718725285879,0.0,0.0,Windows 11,AMD Ryzen 7 5700X 8-Core Processor,8,34265653248,NVIDIA GeForce RTX 5080,16303.0,,ppo,Crawler,2048,6.7e-05,40960,0.001382,0.158,0.933,8.0,constant,False,32,2,simple,,,5,500000,1024,12000
20260101-051443,0.8236445784568787,2.402773857116699,662.099853515625,776.1454467773438,0.0126283540545651,0.2566619602342446,1.4187563758298576,1.4184678792953491,5.199999809265137,2.7079317253756234,8659.6669921875,8568.179746329066,2267.333251953125,2267.333251953125,0.6666666865348816,0.0190763056996357,877.0,877.0,1.1143544912338257,0.6793042252580803,0.0,0.0,Windows 11,AMD Ryzen 7 5700X 8-Core Processor,8,34265653248,NVIDIA GeForce RTX 5080,16303.0,,ppo,Crawler,4096,3e-05,81920,0.000985,0.213,0.906,5.0,linear,True,32,3,simple,,,5,1000000,64,12000
20260101-052752,25.70353507995605,25.70353507995605,867.3521118164062,867.3521118164062,0.0124720074236392,0.7992230455080668,1.4173182622495903,1.4168604612350464,5.266666889190674,2.548092375318688,9440.3330078125,8954.897625658885,2267.333251953125,2267.333251953125,0.6666666865348816,0.0311244988297841,877.0,877.0,1.147694706916809,0.7827217506177454,0.0,0.0,Windows 11,AMD Ryzen 7 5700X 8-Core Processor,8,34265653248,NVIDIA GeForce RTX 5080,16303.0,,ppo,Crawler,4096,0.00011,327680,0.002818,0.193,0.923,8.0,constant,False,32,3,simple,,,5,1000000,1024,12000
20260101-054229,42.30186462402344,75.30223846435547,330.3170166015625,355.1532287597656,0.012190163694322,0.4344894617795944,1.4148141465535975,1.4130665063858032,5.4666666984558105,3.4266260368068044,8701.0,8620.351610137195,2267.333251953125,2267.333251953125,0.0,0.0,877.0,877.0,1.4013912677764893,0.8583934467013289,0.0,0.0,Windows 11,AMD Ryzen 7 5700X 8-Core Processor,8,34265653248,NVIDIA GeForce RTX 5080,16303.0,,ppo,Crawler,4096,0.000212,81920,0.000437,0.249,0.905,3.0,linear,False,512,3,simple,,,5,500000,512,12000
20260101-054856,-0.8484587073326111,-0.7590181827545166,494.8992004394531,532.3778076171875,0.0121613719190159,0.1885891209046045,1.4185241344498425,1.4155951738357544,5.199999809265137,4.078821118285016,8980.75,8708.705292492377,2267.333251953125,2267.333251953125,4.25,0.1280487804878048,877.0,877.0,0.7139312624931335,0.5124856370342213,0.0,0.0,Windows 11,AMD Ryzen 7 5700X 8-Core Processor,8,34265653248,NVIDIA GeForce RTX 5080,16303.0,,ppo,Crawler,4096,0.000266,163840,0.008047,0.153,0.936,10.0,linear,False,512,2,simple,,,5,500000,256,12000
20260101-055942,51.20050811767578,65.05182647705078,225.30357360839844,394.24420166015625,0.0174534601921384,0.5904117185961116,1.4281380641751171,1.4397016763687134,6.0,2.757113794001137,8521.5,8484.670731707318,2267.333251953125,2267.333251953125,0.6666666865348816,0.0162601630862166,877.0,877.0,1.2209652662277222,0.7068513130269399,0.0,0.0,Windows 11,AMD Ryzen 7 5700X 8-Core Processor,8,34265653248,NVIDIA GeForce RTX 5080,16303.0,,ppo,Crawler,2048,8.3e-05,40960,0.00707,0.21,0.909,8.0,constant,False,32,3,simple,,,5,500000,256,12000
20260101-060643,-0.9716536402702332,-0.9716536402702332,200.8905639648437,200.8905639648437,0.0253123138099908,0.2713828720152377,1.4203766107559204,1.4206525087356567,4.099999904632568,2.536750000715256,8682.0,8548.43505859375,2267.333251953125,2267.333251953125,0.0,0.0,877.0,877.0,0.9099164009094238,0.620384980738163,0.0,0.0,Windows 11,AMD Ryzen 7 5700X 8-Core Processor,8,34265653248,NVIDIA GeForce RTX 5080,16303.0,,ppo,Crawler,1024,0.000188,81920,0.005932,0.151,0.917,5.0,linear,False,64,1,simple,,,5,250000,128,12000
20260101-061036,407.0621337890625,407.0621337890625,954.99267578125,954.99267578125,0.0351540463355679,5.67115079673628,1.4102329978023669,1.407701015472412,6.699999809265137,3.655220870512077,8564.5,8516.84436182229,2267.333251953125,2267.333251953125,0.6666666865348816,0.0120481931301484,877.0,877.0,1.295651912689209,0.7111410713159895,0.0,0.0,Windows 11,AMD Ryzen 7 5700X 8-Core Processor,8,34265653248,NVIDIA GeForce RTX 5080,16303.0,,ppo,Crawler,512,6.5e-05,40960,0.007594,0.153,0.925,10.0,linear,True,256,1,simple,,,5,1000000,512,12000
20260101-062644,4.074120998382568,4.936230182647705,149.21548461914062,158.8720245361328,0.0176574017852544,0.3106609195470809,1.4197241425514222,1.4205034971237185,6.699999809265137,4.33349996805191,8529.0,8493.044970703126,2267.333251953125,2267.333251953125,0.0,0.0,877.0,877.0,1.0357389450073242,0.6729417741298676,0.0,0.0,Windows 11,AMD Ryzen 7 5700X 8-Core Processor,8,34265653248,NVIDIA GeForce RTX 5080,16303.0,,ppo,Crawler,2048,6.7e-05,40960,0.006385,0.191,0.916,3.0,constant,False,64,2,simple,,,5,250000,256,12000
20260101-062941,-0.2802606225013733,-0.2802606225013733,73.38484954833984,73.38484954833984,0.0250775068998336,0.615708976984024,1.4189828038215635,1.4191149473190308,3.0999999046325684,2.1010416448116302,8527.3330078125,8478.729125976562,2267.333251953125,2267.333251953125,0.0,0.0,877.0,877.0,0.5987125039100647,0.5176233127713203,0.0,0.0,Windows 11,AMD Ryzen 7 5700X 8-Core Processor,8,34265653248,NVIDIA GeForce RTX 5080,16303.0,,ppo,Crawler,1024,2.5e-05,40960,0.006949,0.105,0.935,4.0,constant,True,256,2,simple,,,5,100000,128,12000
20260101-063107,34.93544006347656,58.72137451171875,176.27871704101562,218.01956176757807,0.0354690148749134,0.1647938036105849,1.411258912086487,1.4070879220962524,4.449999809265137,2.545416659116745,8451.5,8441.94169921875,2267.333251953125,2267.333251953125,0.3333333432674408,0.016666667163372,877.0,877.0,0.9870483875274658,0.564948420971632,0.0,0.0,Windows 11,AMD Ryzen 7 5700X 8-Core Processor,8,34265653248,NVIDIA GeForce RTX 5080,16303.0,,ppo,Crawler,512,0.000177,20480,0.007452,0.177,0.927,8.0,linear,True,128,3,simple,,,5,250000,64,12000
20260101-063506,-0.5156417489051819,-0.5156417489051819,90.23606872558594,90.23606872558594,0.0172097384929656,0.3405492901802063,1.4186605364084244,1.41708242893219,5.599999904632568,4.552083283662796,8503.25,8472.520751953125,2267.333251953125,2267.333251953125,0.0,0.0,877.0,877.0,0.6728821992874146,0.4441957864910364,0.0,0.0,Windows 11,AMD Ryzen 7 5700X 8-Core Processor,8,34265653248,NVIDIA GeForce RTX 5080,16303.0,,ppo,Crawler,2048,8.3e-05,40960,0.000185,0.15,0.905,10.0,constant,True,32,1,simple,,,5,100000,64,12000
20260101-063650,-0.916370928287506,-0.8887917399406433,20.71665954589844,60.17866516113281,,,1.4189382940530777,1.4189382791519165,3.2249999046325684,2.2929166704416275,8683.75,8540.539672851562,2267.333251953125,2267.333251953125,0.2000000029802322,0.025000000372529,877.0,877.0,0.9874345064163208,0.6321578584611416,0.0,0.0,Windows 11,AMD Ryzen 7 5700X 8-Core Processor,8,34265653248,NVIDIA GeForce RTX 5080,16303.0,,ppo,Crawler,2048,0.000255,163840,0.004603,0.227,0.925,3.0,linear,False,64,3,simple,,,5,100000,64,12000
20260101-063804,33.934120178222656,135.04193115234375,1354.9417724609375,1706.5611572265625,0.0124155666368702,0.2250204098721344,1.4329618251467326,1.4554487466812134,5.400000095367432,1.8488955871168389,8934.5,8751.669186511672,2267.333251953125,2267.333251953125,3.6666667461395264,0.0532128523631268,877.0,877.0,1.1140310764312744,0.6683211186115282,0.0,0.0,Windows 11,AMD Ryzen 7 5700X 8-Core Processor,8,34265653248,NVIDIA GeForce RTX 5080,16303.0,,ppo,Crawler,4096,7.4e-05,163840,0.00782,0.124,0.908,8.0,constant,True,64,1,simple,,,5,2000000,64,12000
20260101-070643,163.71023559570312,264.0304260253906,471.9761352539063,834.726318359375,0.0249757833130981,1.3262046630615774,1.4278155033846935,1.4305800199508667,7.650000095367432,3.908032105629703,8581.0,8543.0281438253,2267.333251953125,2267.333251953125,0.3333333432674408,0.0160642575068646,877.0,877.0,1.2149049043655396,0.7508016402821943,0.0,0.0,Windows 11,AMD Ryzen 7 5700X 8-Core Processor,8,34265653248,NVIDIA GeForce RTX 5080,16303.0,,ppo,Crawler,1024,8.8e-05,40960,0.008041,0.242,0.918,8.0,constant,False,512,1,simple,,,5,1000000,1024,12000
20260101-072108,142.9889678955078,233.5935821533203,859.7874755859375,936.6137084960938,0.0347806128362814,15.6615689896668,1.387372838445457,1.372517466545105,6.400000095367432,3.263755019888821,8483.0,8464.15965032003,2267.333251953125,2267.333251953125,2.6666667461395264,0.0481927725205938,877.0,877.0,1.4601755142211914,0.6756431480129081,0.0,0.0,Windows 11,AMD Ryzen 7 5700X 8-Core Processor,8,34265653248,NVIDIA GeForce RTX 5080,16303.0,,ppo,Crawler,512,0.000129,20480,0.001609,0.234,0.918,10.0,linear,False,32,3,simple,,,5,1000000,128,12000
20260101-073657,46.38743209838867,115.33040618896484,264.935546875,317.0168762207031,0.025056140821265,0.3425913206909013,1.4197875871890928,1.4216740131378174,7.349999904632568,3.699186970547932,8487.0,8471.548851943597,2267.333251953125,2267.333251953125,1.0,0.0406504069886556,877.0,877.0,1.0625053644180298,0.70297393856979,0.0,0.0,Windows 11,AMD Ryzen 7 5700X 8-Core Processor,8,34265653248,NVIDIA GeForce RTX 5080,16303.0,,ppo,Crawler,1024,0.000173,20480,0.003604,0.12,0.946,4.0,linear,False,128,1,simple,,,5,500000,1024,12000
20260101-074228,299.8373718261719,730.3377685546875,899.7667236328125,1632.2772216796875,0.0243860582379917,23.12688687679015,1.440183495182589,1.4366620779037476,6.733333110809326,3.738503998302552,8549.6669921875,8490.078813300075,2267.333251953125,2267.333251953125,4.5,0.0532128516449985,877.0,877.0,1.188385009765625,0.6407403903732817,0.0,0.0,Windows 11,AMD Ryzen 7 5700X 8-Core Processor,8,34265653248,NVIDIA GeForce RTX 5080,16303.0,,ppo,Crawler,1024,9e-05,20480,0.004023,0.252,0.921,8.0,constant,True,32,1,simple,,,5,2000000,2048,12000
20260101-081001,126.28947448730467,168.7259063720703,850.2908325195312,985.4750366210938,0.0246381411949792,1.2874932860334714,1.413126633827945,1.4129530191421509,7.599999904632568,5.489156633974558,8753.0,8653.063264777862,2267.333251953125,2267.333251953125,2.0,0.0401606426899691,877.0,877.0,0.849617600440979,0.5505271774817662,0.0,0.0,Windows 11,AMD Ryzen 7 5700X 8-Core Processor,8,34265653248,NVIDIA GeForce RTX 5080,16303.0,,ppo,Crawler,1024,5.6e-05,81920,0.003613,0.15,0.939,10.0,constant,False,256,2,simple,,,5,1000000,1024,12000
20260101-082636,1.9954564571380613,1.9954564571380613,65.78138732910156,65.78138732910156,0.0255138846114277,0.3839255273342132,1.4179159253835678,1.4145845174789429,3.849999904632568,2.580208331346512,8546.6669921875,8498.572998046875,2267.333251953125,2267.333251953125,0.0,0.0,877.0,877.0,1.0493760108947754,0.7156535610556602,0.0,0.0,Windows 11,AMD Ryzen 7 5700X 8-Core Processor,8,34265653248,NVIDIA GeForce RTX 5080,16303.0,,ppo,Crawler,1024,0.000237,40960,0.002603,0.23,0.902,3.0,constant,True,256,1,simple,,,5,100000,64,12000
20260101-082755,5.5,8.0,3287.372802734375,4081.610595703125,0.0180901216032604,0.0029408730818734,1.9873877613844275,1.726148247718811,19.0,13.633433749876827,14908.0,12157.41265060241,2267.333251953125,2267.333251953125,1.0,0.0210843373493975,877.0,877.0,2.9536325931549072,2.722373081538492,0.0,0.0,Windows 11,AMD Ryzen 7 5700X 8-Core Processor,8,34265653248,NVIDIA GeForce RTX 5080,16303.0,,ppo,GridFoodCollector,2048,0.000262,163840,0.00128,0.275,0.93,3.0,constant,True,512,1,simple,,,5,2000000,256,12000
20260101-093608,2.5,6.5,2506.67041015625,2699.970458984375,0.0190276704220608,0.0014372593299908,1.806743426495288,1.5444713830947876,19.600000381469727,14.785975595799888,11011.0,10226.80487804878,2267.333251953125,2267.333251953125,0.0,0.0,881.0,878.8048780487804,3.0478806495666504,2.647869344217232,0.0,0.0,Windows 11,AMD Ryzen 7 5700X 8-Core Processor,8,34265653248,NVIDIA GeForce RTX 5080,16303.0,,ppo,GridFoodCollector,2048,0.0002,40960,0.00083,0.281,0.94,8.0,constant,False,512,2,simple,,,5,1000000,256,12000
20260101-102131,0.0833333358168602,0.4166666567325592,,2439.068603515625,0.0173401378095149,0.0016433503944426,2.114210035286697,,16.350000381469727,13.317647073783126,15267.5,12329.343137254902,2267.333251953125,2267.333251953125,0.0,0.0,881.0,881.0,2.939124345779419,2.769162505280738,0.0,0.0,Windows 11,AMD Ryzen 7 5700X 8-Core Processor,8,34265653248,NVIDIA GeForce RTX 5080,16303.0,,ppo,GridFoodCollector,2048,2.3e-05,163840,0.004861,0.277,0.933,8.0,linear,True,128,3,simple,,,5,1000000,2048,12000
20260101-110226,7.666666507720947,12.75,1925.14794921875,1991.89013671875,0.0357752675190567,0.0155517520470311,2.083117861373752,,16.549999237060547,13.332352937436571,10471.0,9829.490196078432,2267.333251953125,2267.333251953125,0.0,0.0,881.0,881.0,2.9405646324157715,2.705816778482175,0.0,0.0,Windows 11,AMD Ryzen 7 5700X 8-Core Processor,8,34265653248,NVIDIA GeForce RTX 5080,16303.0,,ppo,GridFoodCollector,512,0.000154,40960,0.007941,0.178,0.932,3.0,constant,False,64,2,simple,,,5,1000000,2048,12000
20260101-113553,,0.25,84.6595230102539,205.97897338867188,0.0164891146123409,0.0028695012442767,2.112076193094253,2.1120247840881348,16.399999618530273,14.512500047683716,11516.0,10238.375,2267.333251953125,2267.333251953125,0.0,0.0,881.0,881.0,2.966120481491089,2.679066702723503,0.0,0.0,Windows 11,AMD Ryzen 7 5700X 8-Core Processor,8,34265653248,NVIDIA GeForce RTX 5080,16303.0,,ppo,GridFoodCollector,2048,0.000274,81920,0.009586,0.174,0.923,5.0,linear,False,32,1,simple,,,5,100000,64,12000
20260101-113938,3.0,3.0,2365.302978515625,2365.302978515625,0.017724641598761,0.0012158539320807,2.12112412801603,2.117949724197388,68.19999694824219,18.629268297334995,26254.0,21538.646341463416,2267.333251953125,2267.333251953125,87.0,67.3780487804878,11222.0,9798.69512195122,2.689244508743286,0.8127159563506522,0.0,0.0,Windows 11,AMD Ryzen 7 5700X 8-Core Processor,8,34265653248,NVIDIA GeForce RTX 5080,16303.0,,ppo,GridFoodCollector,2048,0.000283,163840,0.006529,0.295,0.944,10.0,linear,True,256,3,simple,,,5,500000,64,12000
20260101-122551,0.75,1.5,3600.696533203125,3830.07421875,0.0125050250440835,0.0026679539121686,2.100219076755,,28.64999961853028,13.212745058770274,28421.5,24367.60784313725,2267.333251953125,2267.333251953125,86.0,59.990196078431374,11409.0,10076.833333333334,1.313712477684021,0.7805422708099964,0.0,0.0,Windows 11,AMD Ryzen 7 5700X 8-Core Processor,8,34265653248,NVIDIA GeForce RTX 5080,16303.0,,ppo,GridFoodCollector,4096,0.000148,163840,0.003908,0.28,0.923,5.0,linear,False,256,1,simple,,,5,1000000,2048,12000
20260101-133006,0.1666666716337204,0.5833333134651184,1087.813720703125,1870.39990234375,0.0344709279015659,0.0021675379684892,2.115890594629141,,32.349998474121094,12.701923040243296,23138.5,21187.98076923077,2267.333251953125,2267.333251953125,82.0,49.80769230769231,11092.5,9483.903846153846,1.764001965522766,0.8638735046753516,0.0,0.0,Windows 11,AMD Ryzen 7 5700X 8-Core Processor,8,34265653248,NVIDIA GeForce RTX 5080,16303.0,,ppo,GridFoodCollector,512,7.3e-05,40960,0.008988,0.178,0.92,5.0,linear,False,128,3,simple,,,5,500000,1024,12000
20260101-140139,0.7368420958518982,2.5,1344.372314453125,1454.626220703125,0.0352569306890169,0.0027626776679728,2.115009093284607,2.111332893371582,37.95000076293945,16.62812501192093,23347.0,22635.46875,2267.333251953125,2267.333251953125,85.0,71.28125,11313.5,11045.25,1.3763874769210815,0.8463649675250053,0.0,0.0,Windows 11,AMD Ryzen 7 5700X 8-Core Processor,8,34265653248,NVIDIA GeForce RTX 5080,16303.0,,ppo,GridFoodCollector,512,3.9e-05,10240,0.007562,0.126,0.92,10.0,linear,False,512,3,simple,,,5,250000,256,12000
20260101-142741,26.0,45.0,7173.54150390625,7914.26904296875,0.0348620484583079,0.0523025537404464,1.9344646664987128,1.6071538925170898,58.59999847412109,17.150602398148504,24955.0,22524.048192771083,2267.333251953125,2267.333251953125,87.0,58.5,11644.0,10496.409638554216,2.525015115737915,0.9211416695132312,0.0,0.0,Windows 11,AMD Ryzen 7 5700X 8-Core Processor,8,34265653248,NVIDIA GeForce RTX 5080,16303.0,,ppo,GridFoodCollector,512,6.8e-05,40960,0.004753,0.132,0.919,3.0,linear,False,256,3,simple,,,5,2000000,64,12000
20260101-164019,22.64705848693848,31.25,6567.798828125,7766.2705078125,0.0243091952394355,0.1164777651393898,1.99786617655954,1.8985111713409424,36.70000076293945,15.22673268837504,25376.5,23880.51485148515,2267.333251953125,2267.333251953125,81.5,54.05940594059406,11664.5,11338.09405940594,1.8716837167739868,0.7632726291696469,0.0,0.0,Windows 11,AMD Ryzen 7 5700X 8-Core Processor,8,34265653248,NVIDIA GeForce RTX 5080,16303.0,,ppo,GridFoodCollector,1024,0.000101,20480,0.007775,0.165,0.937,4.0,constant,False,256,3,simple,,,5,2000000,512,12000
20260101-185007,0.1666666716337204,0.8333333134651184,347.3138732910156,462.7410888671875,0.0351421758532524,0.0036237684544175,2.1132354736328125,,16.350000381469727,12.241666793823242,26265.0,25133.58333333333,2267.333251953125,2267.333251953125,49.5,43.333333333333336,11537.5,11369.833333333334,0.8076232671737671,0.6670804520448049,0.0,0.0,Windows 11,AMD Ryzen 7 5700X 8-Core Processor,8,34265653248,NVIDIA GeForce RTX 5080,16303.0,,ppo,GridFoodCollector,512,0.000134,40960,0.00958,0.267,0.923,10.0,linear,True,512,1,simple,,,5,100000,2048,12000
20260101-185821,0.699999988079071,2.0,336.5262756347656,1546.25341796875,0.0241127049719745,0.0013909349112178,2.1003366595222834,2.062073469161988,25.049999237060547,14.171951177643567,26083.0,15522.341463414634,2267.333251953125,2267.333251953125,86.0,11.317073170731708,11634.0,2904.9268292682927,2.902867317199707,2.246700492643175,0.0,0.0,Windows 11,AMD Ryzen 7 5700X 8-Core Processor,8,34265653248,NVIDIA GeForce RTX 5080,16303.0,,ppo,GridFoodCollector,1024,6.2e-05,40960,0.003582,0.108,0.901,8.0,linear,False,512,1,simple,,,5,500000,256,12000
20260101-192420,13.050000190734863,21.5,7674.919921875,7927.9091796875,0.0175418353949983,0.0152790421852841,1.9139258369000367,1.527692794799805,39.34999847412109,15.808666636149088,27079.0,18461.44,2267.333251953125,2267.333251953125,85.0,25.246666666666663,11793.0,5352.51,3.480663299560547,2.0137541774147283,0.0,0.0,Windows 11,AMD Ryzen 7 5700X 8-Core Processor,8,34265653248,NVIDIA GeForce RTX 5080,16303.0,,ppo,GridFoodCollector,2048,2.8e-05,163840,0.000187,0.283,0.927,10.0,constant,True,128,3,simple,,,5,2000000,256,12000
20260101-213638,-0.1111111119389534,0.5,130.6981658935547,1988.082275390625,0.0126257594674825,0.0018949179599681,2.1135703098206293,2.114227771759033,16.299999237060547,13.209848447279496,20322.0,14444.030303030304,2267.333251953125,2267.333251953125,7.5,0.1515151515151515,1061.5,996.6590909090908,3.3919568061828613,3.1034405529499054,0.0,0.0,Windows 11,AMD Ryzen 7 5700X 8-Core Processor,8,34265653248,NVIDIA GeForce RTX 5080,16303.0,,ppo,GridFoodCollector,4096,0.000118,327680,0.004143,0.152,0.908,3.0,linear,True,64,1,simple,,,5,1000000,512,12000
20260101-220958,0.5833333134651184,0.5833333134651184,,244.2835998535156,0.0258320085704326,0.0024132358375936,2.112564961115519,,15.25,13.28333330154419,10978.5,9504.333333333334,2267.333251953125,2267.333251953125,0.0,0.0,982.0,982.0,3.0894224643707275,2.895621140797933,0.0,0.0,Windows 11,AMD Ryzen 7 5700X 8-Core Processor,8,34265653248,NVIDIA GeForce RTX 5080,16303.0,,ppo,GridFoodCollector,1024,0.000233,81920,0.00402,0.182,0.911,5.0,constant,True,64,3,simple,,,5,100000,2048,12000
20260101-221418,0.1666666716337204,0.4166666567325592,189.2493438720703,223.37841796875,0.0350254289805888,0.002103884355165,2.1166425546010337,,15.199999809265137,13.341666539510092,9138.5,8813.583333333334,2267.333251953125,2267.333251953125,0.0,0.0,982.0,982.0,3.2063162326812744,2.9143211444218955,0.0,0.0,Windows 11,AMD Ryzen 7 5700X 8-Core Processor,8,34265653248,NVIDIA GeForce RTX 5080,16303.0,,ppo,GridFoodCollector,512,0.0003,20480,0.009955,0.273,0.933,3.0,linear,False,256,3,simple,,,5,100000,1024,12000
20260101-221816,4.599999904632568,9.0,4582.02880859375,5287.97900390625,0.0127902507471541,0.0069749478037313,1.9218423723460671,1.63905668258667,21.5,13.247590363743791,15234.0,12409.948795180722,2267.333251953125,2267.333251953125,2.5,0.0602409638554216,982.0,982.0,3.5797600746154785,3.162156466238513,0.0,0.0,Windows 11,AMD Ryzen 7 5700X 8-Core Processor,8,34265653248,NVIDIA GeForce RTX 5080,16303.0,,ppo,GridFoodCollector,4096,0.000247,163840,0.000242,0.169,0.93,10.0,constant,True,128,1,simple,,,5,2000000,256,12000
20260101-234634,-0.3157894611358642,0.4000000059604645,41.54616928100586,505.5129699707031,0.0124638532288372,0.0020789186819455,2.1129088759422303,2.1134819984436035,17.100000381469727,13.4026316090634,14049.0,11329.868421052632,2267.333251953125,2267.333251953125,24.0,4.657894736842105,5260.0,1246.0263157894738,3.1445088386535645,2.554228788614273,0.0,0.0,Windows 11,AMD Ryzen 7 5700X 8-Core Processor,8,34265653248,NVIDIA GeForce RTX 5080,16303.0,,ppo,GridFoodCollector,4096,0.000198,81920,0.006584,0.177,0.912,3.0,linear,False,32,2,simple,,,5,250000,128,12000
20260101-235640,0.050000000745058,1.0,1986.7188720703125,2024.3507080078125,0.0246244810521602,0.0035192951560019,2.1147365172704062,2.1176676750183105,23.700000762939453,14.524999927071963,21801.0,19479.38235294117,2267.333251953125,2267.333251953125,85.5,54.44117647058823,11158.0,10104.573529411764,1.7168657779693604,0.8153206486077536,0.0,0.0,Windows 11,AMD Ryzen 7 5700X 8-Core Processor,8,34265653248,NVIDIA GeForce RTX 5080,16303.0,,ppo,GridFoodCollector,1024,1.4e-05,81920,0.006277,0.265,0.937,5.0,constant,True,32,3,simple,,,5,500000,256,12000
20260102-003041,-0.2638177871704101,-0.1123445555567741,6350.10693359375,6637.82763671875,0.0351729946754251,0.1264201806237299,1.304402658020157,1.247443675994873,24.350000381469727,7.617670660277447,24296.666015625,15265.760042121612,2267.333251953125,2267.333251953125,84.5,24.17168680677213,11330.0,5207.296192582831,0.6023183465003967,0.1896706152797104,0.0,0.0,Windows 11,AMD Ryzen 7 5700X 8-Core Processor,8,34265653248,NVIDIA GeForce RTX 5080,16303.0,,ppo,GridWorld,512,0.000265,40960,0.001539,0.256,0.95,3.0,constant,False,128,2,simple,,,5,2000000,256,12000
20260102-022146,-0.2907724976539612,-0.1673465073108673,134.92340087890625,315.9903869628906,0.0120978984050452,0.1662146374583244,1.434981381893158,1.4219576120376587,5.099999904632568,1.841666653752327,14617.6669921875,12103.300048828123,2267.333251953125,2267.333251953125,0.6666666865348816,0.0500000014901161,1059.0,1059.0,0.6849923133850098,0.2416564816609025,0.0,0.0,Windows 11,AMD Ryzen 7 5700X 8-Core Processor,8,34265653248,NVIDIA GeForce RTX 5080,16303.0,,ppo,GridWorld,4096,0.000296,81920,0.002877,0.234,0.914,4.0,constant,False,32,3,simple,,,5,250000,256,12000
20260102-022820,-0.2135511636734008,-0.161728635430336,228.8981475830078,377.5057373046875,0.0173403229564427,0.1163646757602691,1.4418019354343414,1.430586814880371,3.366666555404663,2.144166666269302,11474.0,10338.0333984375,2267.333251953125,2267.333251953125,0.6666666865348816,0.0666666686534881,1059.0,1059.0,0.3616858124732971,0.1535015131346881,0.0,0.0,Windows 11,AMD Ryzen 7 5700X 8-Core Processor,8,34265653248,NVIDIA GeForce RTX 5080,16303.0,,ppo,GridWorld,2048,0.000115,40960,0.009462,0.181,0.944,4.0,linear,False,64,3,simple,,,5,250000,2048,12000
20260102-023533,-0.2132527232170105,-0.1798951476812362,624.8324584960938,1136.6954345703125,0.0245338339979449,0.1163716676334539,1.4308444028947411,1.4186804294586182,4.900000095367432,2.963414637053885,11908.6669921875,10800.715486852134,2267.333251953125,2267.333251953125,0.6666666865348816,0.0325203261724332,1059.0,1059.0,0.3478054404258728,0.1223577444509761,0.0,0.0,Windows 11,AMD Ryzen 7 5700X 8-Core Processor,8,34265653248,NVIDIA GeForce RTX 5080,16303.0,,ppo,GridWorld,1024,0.000263,40960,0.001772,0.116,0.942,4.0,linear,True,128,2,simple,,,5,500000,128,12000
20260102-025547,-0.2419474571943283,-0.1487628668546676,8.986065864562988,207.49630737304688,,,1.4458504796028138,1.4513840675354004,4.650000095367432,2.069166660308838,24109.666015625,16470.658349609374,2267.333251953125,2267.333251953125,0.3333333432674408,0.016666667163372,1059.0,1059.0,0.2990176677703857,0.1819406602531671,0.0,0.0,Windows 11,AMD Ryzen 7 5700X 8-Core Processor,8,34265653248,NVIDIA GeForce RTX 5080,16303.0,,ppo,GridWorld,4096,1.5e-05,327680,0.009902,0.166,0.923,3.0,linear,False,32,2,simple,,,5,250000,64,12000
20260102-025938,-0.3209661543369293,-0.1459874957799911,276.2295837402344,766.3926391601562,0.0245405976539072,0.1433815311478531,1.3659346103668213,1.2922496795654297,4.5333333015441895,1.9528455356272256,9763.3330078125,9425.093464176827,2267.333251953125,2267.333251953125,0.6666666865348816,0.0325203261724332,1059.0,1059.0,0.6865130662918091,0.2225380648018383,0.0,0.0,Windows 11,AMD Ryzen 7 5700X 8-Core Processor,8,34265653248,NVIDIA GeForce RTX 5080,16303.0,,ppo,GridWorld,1024,0.000173,20480,0.008076,0.223,0.935,4.0,linear,False,64,1,simple,,,5,500000,256,12000
20260102-114733,100.00001525878906,100.00001525878906,236.1076202392578,651.25,0.0349544303802152,0.0035124231946307,1.2784819689141698,1.2318825721740725,6.75,3.9813253190144,7154.0,7092.654632200678,2267.333251953125,2267.333251953125,0.5,0.0461847390755113,895.0,891.0783132530121,1.305165410041809,0.722301965377417,0.0,0.0,Windows 11,AMD Ryzen 7 5700X 8-Core Processor,8,34265653248,NVIDIA GeForce RTX 5080,16303.0,,ppo,3DBall,512,0.000101,40960,0.000999,0.211,0.909,8.0,linear,True,256,2,simple,,,5,1000000,2048,12000
20260102-115837,0.9526495933532716,1.0310834646224976,9.473002433776855,103.56222534179688,0.0181070957332849,0.5695670247077942,1.4170663714408875,1.4130382537841797,4.25,2.471666663885117,7366.66650390625,7198.949975585938,2267.333251953125,2267.333251953125,0.0,0.0,895.0,895.0,1.0805070400238037,0.7540387526154518,0.0,0.0,Windows 11,AMD Ryzen 7 5700X 8-Core Processor,8,34265653248,NVIDIA GeForce RTX 5080,16303.0,,ppo,3DBall,2048,0.000179,163840,0.000895,0.154,0.91,3.0,linear,False,64,1,simple,,,5,250000,256,12000
20260102-120031,100.00000762939452,100.00000762939452,165.27622985839844,311.50555419921875,0.0347928080869757,0.1593154364305993,1.396016042406966,1.3751068115234375,5.75,2.8837398232483284,7287.0,7244.170731707317,2267.333251953125,2267.333251953125,0.5,0.0121951219512195,895.0,895.0,1.1685749292373655,0.6914184267927961,0.0,0.0,Windows 11,AMD Ryzen 7 5700X 8-Core Processor,8,34265653248,NVIDIA GeForce RTX 5080,16303.0,,ppo,3DBall,512,4.7e-05,20480,0.0079,0.162,0.924,8.0,linear,True,64,3,simple,,,5,500000,64,12000
20260102-120559,1.1500937938690186,1.19120454788208,5.346090793609619,35.731658935546875,,,1.418938249349594,1.4189382791519165,3.0999999046325684,2.072916656732559,7408.0,7308.666625976562,2267.333251953125,2267.333251953125,0.0,0.0,895.0,895.0,0.6619517803192139,0.5813915245234966,0.0,0.0,Windows 11,AMD Ryzen 7 5700X 8-Core Processor,8,34265653248,NVIDIA GeForce RTX 5080,16303.0,,ppo,3DBall,4096,0.000219,327680,0.008397,0.164,0.916,8.0,constant,False,128,3,simple,,,5,100000,2048,12000
20260102-120644,44.492313385009766,44.492313385009766,1353.069580078125,1353.069580078125,0.025089156658699,0.781890262539188,1.3614672077707497,1.2809313535690308,5.949999809265137,2.5648594401687026,7415.5,7349.7720873729295,2267.333251953125,2267.333251953125,0.5,0.0050200803811291,906.0,895.0783132530121,1.318737506866455,0.7016938063035528,0.0,0.0,Windows 11,AMD Ryzen 7 5700X 8-Core Processor,8,34265653248,NVIDIA GeForce RTX 5080,16303.0,,ppo,3DBall,1024,6e-05,81920,0.005324,0.114,0.947,10.0,constant,False,32,1,simple,,,5,2000000,2048,12000
20260102-122928,1.1916030645370483,1.2135134935379028,23.061464309692383,70.98473358154297,0.0165506042540073,0.1895218938589096,1.4191644191741943,1.4204819202423096,4.5333333015441895,2.514583319425583,9402.3330078125,7537.083312988281,2267.333251953125,2267.333251953125,4.333333492279053,0.5416666865348816,962.6666870117188,903.4583358764648,0.7529748678207397,0.6421540975570679,0.0,0.0,Windows 11,AMD Ryzen 7 5700X 8-Core Processor,8,34265653248,NVIDIA GeForce RTX 5080,16303.0,,ppo,3DBall,2048,0.00028,81920,0.008742,0.167,0.949,10.0,linear,True,64,3,simple,,,5,100000,64,12000
20260102-123049,1.251372456550598,1.251372456550598,56.71003341674805,56.71003341674805,0.0244603287428617,0.0295622553676365,1.4154019355773926,1.4122231006622314,7.733333110809326,5.508333265781403,10072.6669921875,9618.0625,2267.333251953125,2267.333251953125,23.66666603088379,11.249999895691872,983.0,982.7083358764648,0.4728321433067322,0.39958056807518,0.0,0.0,Windows 11,AMD Ryzen 7 5700X 8-Core Processor,8,34265653248,NVIDIA GeForce RTX 5080,16303.0,,ppo,3DBall,1024,0.000179,40960,0.000751,0.148,0.926,4.0,linear,False,128,3,simple,,,5,100000,64,12000
20260102-123155,95.3538589477539,95.3538589477539,2520.192626953125,2520.192626953125,0.0183603105445702,0.2727568596601486,1.3798102298414852,1.2879163026809692,39.400001525878906,14.297690764967218,19519.5,18274.30725244729,2267.333251953125,2267.333251953125,87.0,67.122489989522,11342.0,10563.170694374176,1.0651601552963257,0.4096212608807058,0.0,0.0,Windows 11,AMD Ryzen 7 5700X 8-Core Processor,8,34265653248,NVIDIA GeForce RTX 5080,16303.0,,ppo,3DBall,2048,6.9e-05,163840,0.006469,0.209,0.928,5.0,constant,False,32,3,simple,,,5,2000000,2048,12000
20260102-131413,1.700697660446167,1.700697660446167,151.98483276367188,151.98483276367188,0.0339101436547934,0.076691610738635,1.4180798679590223,1.4142227172851562,21.26666641235352,13.758333086967468,19356.333984375,18508.770751953125,2267.333251953125,2267.333251953125,62.0,42.39583349227905,10990.3330078125,9535.5625,0.5312418341636658,0.3760892488062382,0.0,0.0,Windows 11,AMD Ryzen 7 5700X 8-Core Processor,8,34265653248,NVIDIA GeForce RTX 5080,16303.0,,ppo,3DBall,512,0.000156,10240,0.000122,0.192,0.915,10.0,linear,True,128,1,simple,,,5,100000,512,12000
20260102-131701,93.23847198486328,100.00000762939452,226.66192626953125,588.328857421875,0.0337239383469994,0.1427200399112047,1.310233563911624,1.2399331331253052,20.850000381469727,12.565447086241187,19817.5,19395.910489710364,2267.333251953125,2267.333251953125,83.5,61.89837413880883,11577.0,11061.113829077744,0.4816410839557647,0.3537553094509171,0.0,0.0,Windows 11,AMD Ryzen 7 5700X 8-Core Processor,8,34265653248,NVIDIA GeForce RTX 5080,16303.0,,ppo,3DBall,512,0.000223,10240,0.001072,0.118,0.925,5.0,constant,False,128,3,simple,,,5,500000,64,12000
20260102-132711,2.0801587104797363,2.0801587104797363,152.55255126953125,152.55255126953125,0.0346487900242209,0.0698448633775114,1.4076905250549316,1.3898773193359375,15.449999809265137,12.787500023841858,19995.5,19813.14599609375,2267.333251953125,2267.333251953125,70.5,64.39583349227905,11364.6669921875,11261.333251953123,0.3713398873806,0.2867766376584768,0.0,0.0,Windows 11,AMD Ryzen 7 5700X 8-Core Processor,8,34265653248,NVIDIA GeForce RTX 5080,16303.0,,ppo,3DBall,512,0.000147,10240,0.00987,0.249,0.936,10.0,constant,False,64,1,simple,,,5,100000,2048,12000
20260102-133000,80.35001373291016,100.00001525878906,313.8502197265625,1959.2255859375,0.0247681998880579,0.1538581728430774,1.1933672923639596,1.0825345516204834,32.0,11.469879558287472,20865.0,20329.75200018825,2267.333251953125,2267.333251953125,82.0,51.55622484597815,11504.0,11142.973891660393,0.6046243906021118,0.4092421364712428,0.0,0.0,Windows 11,AMD Ryzen 7 5700X 8-Core Processor,8,34265653248,NVIDIA GeForce RTX 5080,16303.0,,ppo,3DBall,1024,0.000263,40960,0.009217,0.298,0.911,4.0,linear,True,32,2,simple,,,5,2000000,256,12000
20260102-140257,1.62312912940979,1.62312912940979,377.9502258300781,377.9502258300781,0.0253605488687753,0.0712657086551189,1.4089015662670137,1.3962517976760864,18.933332443237305,11.225833320617676,21080.5,20679.73330078125,2267.333251953125,2267.333251953125,73.0,52.875,11360.3330078125,11199.3916015625,0.496821254491806,0.3655999898910522,0.0,0.0,Windows 11,AMD Ryzen 7 5700X 8-Core Processor,8,34265653248,NVIDIA GeForce RTX 5080,16303.0,,ppo,3DBall,1024,0.000153,81920,0.003484,0.174,0.926,10.0,linear,False,512,2,simple,,,5,250000,512,12000
20260102-141104,100.00001525878906,100.00001525878906,1205.9813232421875,2401.363037109375,0.018448454948763,0.005906909405894,1.3082707308861146,1.2386243343353271,27.549999237060547,12.550803195999327,23611.0,22266.205842902866,2267.333251953125,2267.333251953125,85.0,53.595381518444384,11803.5,11246.593391142696,0.6345071792602539,0.4106573315269975,0.0,0.0,Windows 11,AMD Ryzen 7 5700X 8-Core Processor,8,34265653248,NVIDIA GeForce RTX 5080,16303.0,,ppo,3DBall,2048,0.000272,163840,0.00626,0.21,0.935,5.0,linear,True,128,3,simple,,,5,2000000,128,12000
20260102-145126,1.2695651054382324,1.289840579032898,320.9248962402344,352.1410827636719,0.0167950550094246,0.2371246144175529,1.42077379822731,1.4232431650161743,42.34999847412109,21.22083330154419,23087.0,22796.8,2267.333251953125,2267.333251953125,83.66666412353516,74.86666622161866,11563.0,11366.958251953123,0.7599202990531921,0.3897264882922172,0.0,0.0,Windows 11,AMD Ryzen 7 5700X 8-Core Processor,8,34265653248,NVIDIA GeForce RTX 5080,16303.0,,ppo,3DBall,2048,5.8e-05,81920,0.006182,0.126,0.901,5.0,constant,True,128,1,simple,,,5,250000,2048,12000
20260102-145822,20.106782913208008,23.455772399902344,859.3903198242188,902.0604248046876,0.0176178592567642,0.2527989298105239,1.399543987699302,1.3731633424758911,55.29999923706055,10.73995984605996,23391.333984375,16901.07026543675,2267.333251953125,2267.333251953125,80.5,28.36345366038472,11633.0,4678.074296698513,0.9167104959487916,0.5342206068067665,0.0,0.0,Windows 11,AMD Ryzen 7 5700X 8-Core Processor,8,34265653248,NVIDIA GeForce RTX 5080,16303.0,,ppo,3DBall,2048,0.000252,81920,0.008092,0.103,0.909,5.0,linear,True,128,1,simple,,,5,1000000,128,12000
20260102-151340,1.8523341417312624,1.8523341417312624,96.05475616455078,96.05475616455078,0.0356170181185006,0.0134213420096784,1.4084185808897018,1.3924421072006226,9.166666984558104,6.554166674613953,12502.0,12487.958374023438,2267.333251953125,2267.333251953125,6.0,5.125,1377.0,1377.0,0.4964447915554046,0.2950006183236837,0.0,0.0,Windows 11,AMD Ryzen 7 5700X 8-Core Processor,8,34265653248,NVIDIA GeForce RTX 5080,16303.0,,ppo,3DBall,512,0.00017,20480,0.006488,0.125,0.919,10.0,constant,False,512,2,simple,,,5,100000,2048,12000
20260102-151526,8.552846908569336,11.351043701171877,277.8036499023437,286.83770751953125,0.0188954093803961,0.2206186850865682,1.3937207373177134,1.3509759902954102,11.93333339691162,6.385772367803062,12670.3330078125,12591.345536394818,2267.333251953125,2267.333251953125,6.666666507720947,5.2073170731707314,1378.0,1377.8292682926829,0.679539144039154,0.4134482203460321,0.0,0.0,Windows 11,AMD Ryzen 7 5700X 8-Core Processor,8,34265653248,NVIDIA GeForce RTX 5080,16303.0,,ppo,3DBall,2048,0.000224,81920,0.001787,0.144,0.943,4.0,constant,True,256,2,simple,,,5,500000,512,12000
20260102-152039,1.3134808540344238,1.3134808540344238,55.89176177978516,55.89176177978516,0.0175811536610126,0.226379357278347,1.417321875691414,1.4175989627838137,5.333333492279053,3.504166662693024,12556.6669921875,12536.375122070312,2267.333251953125,2267.333251953125,5.333333492279053,5.041666686534882,1383.0,1378.8333282470703,0.7551202774047852,0.4994719326496124,0.0,0.0,Windows 11,AMD Ryzen 7 5700X 8-Core Processor,8,34265653248,NVIDIA GeForce RTX 5080,16303.0,,ppo,3DBall,2048,0.000107,40960,0.002378,0.165,0.905,4.0,constant,True,256,1,simple,,,5,100000,512,12000
20260102-152144,1.1224074363708496,1.1961758136749268,262.4969177246094,267.5094299316406,0.0120618063956499,0.1766707301139831,1.41574937250556,1.409387469291687,4.949999809265137,2.526422771011911,13130.3330078125,12773.690977515244,2267.333251953125,2267.333251953125,6.666666507720947,5.243902450654565,1378.0,1378.0,0.8236585259437561,0.5196727514266968,0.0,0.0,Windows 11,AMD Ryzen 7 5700X 8-Core Processor,8,34265653248,NVIDIA GeForce RTX 5080,16303.0,,ppo,3DBall,4096,0.000156,327680,0.002509,0.108,0.931,4.0,constant,False,64,2,simple,,,5,500000,256,12000
20260102-152623,1.325303554534912,1.339024305343628,115.25602722167967,210.23410034179688,0.0245269340547647,0.0671961128034374,1.4129701495170592,1.409234881401062,6.849999904632568,3.425000011920929,12532.0,12521.15830078125,2267.333251953125,2267.333251953125,7.0,5.1,1378.0,1378.0,0.8492851853370667,0.4872558265924454,0.0,0.0,Windows 11,AMD Ryzen 7 5700X 8-Core Processor,8,34265653248,NVIDIA GeForce RTX 5080,16303.0,,ppo,3DBallHard,1024,0.000104,20480,0.001202,0.18,0.904,10.0,linear,False,128,1,simple,,,5,250000,64,12000
20260102-153019,92.40001678466795,100.00001525878906,360.6982421875,1778.2882080078125,0.0237959515846644,0.1435422409655681,1.37064737368779,1.4629666805267334,13.050000190734863,5.6604417619935,14650.0,12903.714849632906,2267.333251953125,2267.333251953125,18.0,7.022088355328664,1398.5,1381.7650602409635,0.6732997894287109,0.4189055053943611,0.0,0.0,Windows 11,AMD Ryzen 7 5700X 8-Core Processor,8,34265653248,NVIDIA GeForce RTX 5080,16303.0,,ppo,3DBallHard,1024,0.000209,20480,0.007568,0.115,0.918,10.0,constant,False,512,1,simple,,,5,2000000,128,12000
20260102-160020,92.40001678466795,100.00001525878906,132.4080352783203,1901.4373779296875,0.0343936919290796,0.0134221011592517,1.23237831190408,1.116796851158142,11.300000190734863,5.054919686662146,15343.0,14688.187758847893,2267.333251953125,2267.333251953125,22.0,6.639558238796441,1787.5,1525.1265060240964,0.8023309111595154,0.495792352560773,0.0,0.0,Windows 11,AMD Ryzen 7 5700X 8-Core Processor,8,34265653248,NVIDIA GeForce RTX 5080,16303.0,,ppo,3DBallHard,512,0.000162,10240,0.005135,0.167,0.917,8.0,linear,True,512,2,simple,,,5,2000000,2048,12000
20260102-163218,6.833987712860107,6.833987712860107,1114.51220703125,1114.51220703125,0.0250420974394709,0.1511973412995485,1.4067415092364852,1.388481616973877,7.199999809265137,4.479216848511293,14756.0,14629.43471150226,2267.333251953125,2267.333251953125,1.6666666269302368,0.9568273121693048,1521.0,1521.0,0.7575619220733643,0.4707359316119228,0.0,0.0,Windows 11,AMD Ryzen 7 5700X 8-Core Processor,8,34265653248,NVIDIA GeForce RTX 5080,16303.0,,ppo,3DBallHard,1024,2.5e-05,20480,0.001663,0.219,0.929,3.0,constant,True,32,2,simple,,,5,2000000,2048,12000
20260102-165104,1.194646239280701,1.246679663658142,34.5349006652832,57.05481719970703,0.0268942965194582,0.2045194059610366,1.4209787994623184,1.4187867641448977,6.666666507720947,4.262499958276749,14692.0,14648.791748046877,2267.333251953125,2267.333251953125,1.0,1.0,1521.0,1521.0,0.5736103653907776,0.4434751085937023,0.0,0.0,Windows 11,AMD Ryzen 7 5700X 8-Core Processor,8,34265653248,NVIDIA GeForce RTX 5080,16303.0,,ppo,3DBallHard,1024,0.000284,40960,0.002281,0.254,0.903,3.0,constant,True,32,3,simple,,,5,100000,256,12000
20260102-165211,7.972389221191406,7.972389221191406,598.4658813476562,598.4658813476562,0.0352088434932132,0.0484684873372316,1.4084805523056585,1.3694688081741333,8.399999618530273,5.311244967472122,14755.6669921875,14702.939782567772,2267.333251953125,2267.333251953125,1.3333333730697632,0.9457831354026336,1521.0,1521.0,0.6133081316947937,0.3840891884033938,0.0,0.0,Windows 11,AMD Ryzen 7 5700X 8-Core Processor,8,34265653248,NVIDIA GeForce RTX 5080,16303.0,,ppo,3DBallHard,512,6.8e-05,40960,0.009047,0.271,0.93,4.0,constant,False,32,2,simple,,,5,1000000,256,12000
20260102-170219,1.1717802286148071,1.2670611143112185,119.11663055419922,139.59422302246094,0.0165147986263036,0.2423289865255355,1.4181344568729402,1.4164085388183594,7.150000095367432,4.488333261013031,15030.6669921875,14833.99169921875,2267.333251953125,2267.333251953125,1.3333333730697632,0.9583333402872084,1521.0,1521.0,0.6796579957008362,0.5039880558848381,0.0,0.0,Windows 11,AMD Ryzen 7 5700X 8-Core Processor,8,34265653248,NVIDIA GeForce RTX 5080,16303.0,,ppo,3DBallHard,2048,6.1e-05,163840,0.008121,0.222,0.934,5.0,constant,False,32,1,simple,,,5,250000,2048,12000
20260102-170452,62.46842956542969,100.00001525878906,797.7597045898438,1443.2403564453125,0.0246249547926708,0.3209224548190832,1.3797409613448453,1.3422794342041016,7.949999809265137,5.058534133865173,14844.0,14736.072289156626,2267.333251953125,2267.333251953125,1.6666666269302368,0.9869477917630988,1529.0,1521.9538155061653,0.8960569500923157,0.5359893265258835,0.0,0.0,Windows 11,AMD Ryzen 7 5700X 8-Core Processor,8,34265653248,NVIDIA GeForce RTX 5080,16303.0,,ppo,3DBallHard,1024,9e-05,40960,0.008557,0.147,0.932,8.0,constant,False,128,1,simple,,,5,2000000,128,12000
20260102-172906,1.3954261541366575,1.3954261541366575,345.9509582519531,345.9509582519531,0.0118888951838016,0.0295523237437009,1.4129538506996342,1.4010263681411743,5.5333333015441895,3.9113821285526926,15511.3330078125,15056.186999809452,2267.333251953125,2267.333251953125,1.0,0.9146341492490072,1522.0,1522.0,0.6510587334632874,0.4418205146382494,0.0,0.0,Windows 11,AMD Ryzen 7 5700X 8-Core Processor,8,34265653248,NVIDIA GeForce RTX 5080,16303.0,,ppo,3DBallHard,4096,0.000183,327680,0.00308,0.287,0.908,5.0,constant,True,512,2,simple,,,5,500000,256,12000
20260102-173505,1.202884554862976,1.2711461782455444,331.6896057128906,342.77813720703125,0.0126598114147782,0.1734141657749811,1.4159545462305954,1.4129818677902222,6.0333333015441895,4.474796702222126,15034.0,14848.308951028965,2267.333251953125,2267.333251953125,1.6666666269302368,0.9512195158295516,1522.0,1522.0,0.6616242527961731,0.4781025241060955,0.0,0.0,Windows 11,AMD Ryzen 7 5700X 8-Core Processor,8,34265653248,NVIDIA GeForce RTX 5080,16303.0,,ppo,3DBallHard,4096,0.000163,163840,0.008872,0.138,0.905,8.0,linear,True,128,1,simple,,,5,500000,1024,12000
20260102-174159,100.00000762939452,100.00000762939452,252.3448638916016,1202.4366455078125,0.0348052976211321,0.0068254017828949,1.4327313749186965,1.4597328901290894,8.850000381469727,4.975401609776968,15535.5,14747.03716232116,2267.333251953125,2267.333251953125,20.5,1.3674698805952648,1525.0,1522.132530120482,0.8004273772239685,0.4769255601498018,0.0,0.0,Windows 11,AMD Ryzen 7 5700X 8-Core Processor,8,34265653248,NVIDIA GeForce RTX 5080,16303.0,,ppo,3DBallHard,512,5.1e-05,20480,0.008135,0.212,0.944,4.0,constant,True,128,3,simple,,,5,2000000,64,12000
20260102-180213,94.42308807373048,100.00001525878906,385.11859130859375,576.9473266601562,0.024290068510999,0.0141611659993476,1.3566395920443248,1.3199025392532349,10.399999618530272,4.512248992919922,16541.0,16116.325312970632,2267.333251953125,2267.333251953125,20.5,3.738955832389464,1535.0,1521.2811235175077,0.955904483795166,0.5725100004529379,0.0,0.0,Windows 11,AMD Ryzen 7 5700X 8-Core Processor,8,34265653248,NVIDIA GeForce RTX 5080,16303.0,,ppo,3DBallHard,1024,0.000221,20480,0.002557,0.121,0.936,4.0,linear,False,128,3,simple,,,5,1000000,1024,12000
20260102-181204,1.3608605861663818,1.38651442527771,210.13687133789065,262.9449462890625,0.0178533984969058,0.2093796928723653,1.420371637111757,1.4197967052459717,8.833333015441895,5.336991885813271,15922.0,15651.077291349084,2267.333251953125,2267.333251953125,26.5,5.215447148898753,1516.0,1516.0,0.537568986415863,0.380385168078469,0.0,0.0,Windows 11,AMD Ryzen 7 5700X 8-Core Processor,8,34265653248,NVIDIA GeForce RTX 5080,16303.0,,ppo,3DBallHard,2048,0.00018,163840,0.007628,0.205,0.91,4.0,constant,False,256,1,simple,,,5,500000,1024,12000
20260102-181708,1.3048095703125,1.36427104473114,352.794189453125,362.5365905761719,0.0174846736093361,0.107046827673912,1.417830755070942,1.4174517393112185,5.933333396911621,2.92642275298514,15917.3330078125,15565.764243521342,2267.333251953125,2267.333251953125,30.0,6.467479670193137,1517.0,1516.7479664872333,0.7977061867713928,0.5436777501571469,0.0,0.0,Windows 11,AMD Ryzen 7 5700X 8-Core Processor,8,34265653248,NVIDIA GeForce RTX 5080,16303.0,,ppo,3DBallHard,2048,8.7e-05,163840,0.003986,0.119,0.903,10.0,constant,False,128,2,simple,,,5,500000,512,12000
20260102-182438,100.00001525878906,100.00001525878906,459.3221435546875,747.6948852539062,0.0173821295611559,0.0227228082148939,1.3348254123366023,1.2669968605041504,11.133333206176758,5.655020064618214,16208.5,15627.901614269578,2267.333251953125,2267.333251953125,17.5,7.510040174765759,1522.3333740234375,1505.1144578313254,0.8251456022262573,0.5219725287822355,0.0,0.0,Windows 11,AMD Ryzen 7 5700X 8-Core Processor,8,34265653248,NVIDIA GeForce RTX 5080,16303.0,,ppo,3DBallHard,2048,0.000299,40960,0.004496,0.116,0.914,8.0,constant,False,128,3,simple,,,5,1000000,2048,12000
20260102-183715,1.4917925596237185,1.5,429.7467041015625,440.5437316894531,0.0119682039755085,0.0684053401152292,1.4189061129965432,1.41853666305542,6.0,4.368292680600795,15760.0,15679.975562118903,2267.333251953125,2267.333251953125,9.666666984558104,8.414634099820764,1505.3333740234375,1498.1788627810597,0.6867630481719971,0.4888768181568239,0.0,0.0,Windows 11,AMD Ryzen 7 5700X 8-Core Processor,8,34265653248,NVIDIA GeForce RTX 5080,16303.0,,ppo,3DBallHard,4096,2.1e-05,81920,0.001678,0.244,0.947,10.0,linear,True,256,3,simple,,,5,500000,512,12000
20260102-184533,1.1009174585342407,1.1138375997543335,6.056743621826172,40.12732696533203,,,1.4189382791519165,1.4189382791519165,3.133333444595337,2.122916668653488,15692.6669921875,15582.25,2267.333251953125,2267.333251953125,10.5,9.229166626930237,1498.0,1498.0,0.6754659414291382,0.5179576463997364,0.0,0.0,Windows 11,AMD Ryzen 7 5700X 8-Core Processor,8,34265653248,NVIDIA GeForce RTX 5080,16303.0,,ppo,3DBallHard,2048,4.2e-05,163840,0.008833,0.201,0.939,4.0,constant,False,512,1,simple,,,5,100000,64,12000
20260102-184624,1.2736632823944092,1.324242353439331,28.18784713745117,57.4228630065918,0.0325360456481575,0.1009778408333658,1.4219050407409668,1.4210832118988037,4.800000190734863,2.754166677594185,15548.6669921875,15526.416625976562,2267.333251953125,2267.333251953125,11.0,8.916666626930237,1498.0,1498.0,0.652198851108551,0.4645555317401886,0.0,0.0,Windows 11,AMD Ryzen 7 5700X 8-Core Processor,8,34265653248,NVIDIA GeForce RTX 5080,16303.0,,ppo,3DBallHard,512,0.000112,10240,0.00487,0.259,0.939,4.0,linear,False,256,1,simple,,,5,100000,1024,12000
20260102-184730,1.319758057594299,1.319758057594299,65.62315368652344,65.62315368652344,0.033409958705306,0.0340958414599299,1.4152395725250244,1.4086462259292605,5.599999904632568,4.695833295583725,15652.6669921875,15573.166748046877,2267.333251953125,2267.333251953125,9.0,8.166666626930237,1498.0,1498.0,0.5385443568229675,0.4503373317420482,0.0,0.0,Windows 11,AMD Ryzen 7 5700X 8-Core Processor,8,34265653248,NVIDIA GeForce RTX 5080,16303.0,,ppo,3DBallHard,512,0.00021,40960,0.001327,0.243,0.925,5.0,constant,False,256,3,simple,,,5,100000,512,12000
20260102-184845,1.5827739238739014,1.6176469326019287,254.8702087402344,259.8963928222656,0.0177427052209774,0.1783939152956008,1.4166015531958602,1.4119431972503662,6.633333206176758,5.034959345329098,15734.0,15652.670731707318,2267.333251953125,2267.333251953125,10.0,8.630081316319908,1498.0,1498.0,0.5584248304367065,0.3636461445471136,0.0,0.0,Windows 11,AMD Ryzen 7 5700X 8-Core Processor,8,34265653248,NVIDIA GeForce RTX 5080,16303.0,,ppo,3DBallHard,2048,0.000144,81920,0.004757,0.215,0.909,3.0,constant,False,512,1,simple,,,5,500000,512,12000
20260102-185328,755.5733642578125,1066.3045654296875,833.4988403320312,989.1022338867188,0.0244356759746248,2.563136071898043,1.386298130793744,1.3507444858551023,7.400000095367432,4.196285121412163,15628.0,15540.188770707831,2267.333251953125,2267.333251953125,12.333333015441896,8.653614440596247,1506.6666259765625,1498.2489954936934,1.1564542055130005,0.5925823432135294,0.0,0.0,Windows 11,AMD Ryzen 7 5700X 8-Core Processor,8,34265653248,NVIDIA GeForce RTX 5080,16303.0,,ppo,Crawler,1024,0.000207,20480,0.003359,0.128,0.938,10.0,constant,True,64,3,simple,,,5,1000000,256,12000
20260102-191014,18.86153984069824,44.60209274291992,327.3806457519531,458.4640197753906,0.0174622373147443,0.1668901484120975,1.4174009212633458,1.4179153442382812,7.449999809265137,5.319105671673286,15622.0,15546.995974657011,2267.333251953125,2267.333251953125,10.333333015441896,8.469512171861602,1498.0,1498.0,1.0018810033798218,0.5226279978708523,0.0,0.0,Windows 11,AMD Ryzen 7 5700X 8-Core Processor,8,34265653248,NVIDIA GeForce RTX 5080,16303.0,,ppo,Crawler,2048,8.6e-05,40960,0.007532,0.133,0.914,10.0,linear,False,64,2,simple,,,5,500000,256,12000
20260102-191823,1148.922607421875,2073.578125,1491.7908935546875,1537.3603515625,0.0344427675345395,13.7386252706848,1.4449801394738346,1.4211863279342651,19.600000381469727,6.1042168686188845,15782.0,15435.721903237953,2267.333251953125,2267.333251953125,21.5,10.611445797495096,1506.0,1500.5572289156626,0.6853175759315491,0.4545512422021613,0.0,0.0,Windows 11,AMD Ryzen 7 5700X 8-Core Processor,8,34265653248,NVIDIA GeForce RTX 5080,16303.0,,ppo,Crawler,512,0.000264,10240,0.008678,0.223,0.938,4.0,constant,True,64,1,simple,,,5,2000000,128,12000
20260102-194418,26.853879928588867,93.88720703125,1036.9415283203125,1161.4698486328125,0.012202219882359,0.5703992893298467,1.4156887430742562,1.4068737030029297,8.699999809265137,5.719578317849033,15474.0,15241.792203972138,2267.333251953125,2267.333251953125,20.5,17.893574301018774,1509.0,1507.9698795180725,0.8436915874481201,0.5854080603514091,0.0,0.0,Windows 11,AMD Ryzen 7 5700X 8-Core Processor,8,34265653248,NVIDIA GeForce RTX 5080,16303.0,,ppo,Crawler,4096,0.000215,163840,0.005528,0.177,0.941,8.0,constant,True,256,1,simple,,,5,1000000,1024,12000
20260102-200352,0.8349161744117737,1.8868407011032104,360.5996398925781,470.07122802734375,0.0172266867011785,0.2718826284011205,1.4187812950552965,1.4183597564697266,8.25,5.301829285737945,15498.6669921875,15194.353634717989,2267.333251953125,2267.333251953125,20.75,19.1565040727941,1520.6666259765625,1510.3902439024391,0.8069125413894653,0.5654931797123537,0.0,0.0,Windows 11,AMD Ryzen 7 5700X 8-Core Processor,8,34265653248,NVIDIA GeForce RTX 5080,16303.0,,ppo,Crawler,2048,4.3e-05,163840,0.005807,0.176,0.905,4.0,constant,True,64,2,simple,,,5,500000,64,12000
20260102-201232,252.87457275390625,293.0030517578125,1476.8045654296875,1772.0093994140625,0.0169997113989665,13.084132485712567,1.4408050244113049,1.451308250427246,11.850000381469728,6.540712830532028,15899.0,15232.867469879518,2267.333251953125,2267.333251953125,23.5,16.001004038086858,1515.25,1513.2826302769672,1.1024680137634275,0.637835365641548,0.0,0.0,Windows 11,AMD Ryzen 7 5700X 8-Core Processor,8,34265653248,NVIDIA GeForce RTX 5080,16303.0,,ppo,Crawler,2048,0.000141,40960,0.008681,0.189,0.93,5.0,linear,False,64,3,simple,,,5,2000000,1024,12000
20260102-204222,267.1357727050781,527.1002197265625,1013.1912841796876,1100.4754638671875,0.0348145416161665,22.168771141519148,1.4030602035752262,1.3871808052062988,8.25,4.263955832963966,15928.0,15498.66463902485,2267.333251953125,2267.333251953125,26.5,14.188754977950133,1516.0,1515.3855421686746,1.14589524269104,0.499482802238809,0.0,0.0,Windows 11,AMD Ryzen 7 5700X 8-Core Processor,8,34265653248,NVIDIA GeForce RTX 5080,16303.0,,ppo,Crawler,512,7.4e-05,20480,0.003501,0.163,0.934,8.0,constant,False,512,1,simple,,,5,1000000,256,12000
20260102-210058,-0.1186672374606132,-0.0252411589026451,170.7413330078125,201.316635131836,0.0145773501135408,0.2809367328882217,1.4174825489521026,1.416393756866455,8.333333015441895,5.846249961853028,16370.3330078125,15628.93330078125,2267.333251953125,2267.333251953125,20.0,12.624999952316283,1520.0,1515.8375,0.9041892290115356,0.5874161861836911,0.0,0.0,Windows 11,AMD Ryzen 7 5700X 8-Core Processor,8,34265653248,NVIDIA GeForce RTX 5080,16303.0,,ppo,Crawler,4096,0.000296,81920,0.000677,0.206,0.943,3.0,linear,False,32,3,simple,,,5,250000,128,12000
20260102-210446,24.37653923034668,24.37653923034668,515.2637329101562,515.2637329101562,0.0251317016780375,0.462821614742279,1.4118978017713966,1.405037522315979,17.33333396911621,6.152235810349628,16079.6669921875,13760.412633384149,2267.333251953125,2267.333251953125,21.33333396911621,5.05081304689733,1516.0,1515.5284542921113,0.7973170876502991,0.5331829794478126,0.0,0.0,Windows 11,AMD Ryzen 7 5700X 8-Core Processor,8,34265653248,NVIDIA GeForce RTX 5080,16303.0,,ppo,Crawler,1024,0.000206,81920,0.001718,0.148,0.921,10.0,linear,True,64,2,simple,,,5,500000,2048,12000
20260102-211416,78.13224792480469,150.3069610595703,1376.9793701171875,1433.980224609375,0.0120879026362671,0.4885356687009334,1.4263819578182266,1.4305576086044312,8.5,4.31134537185531,13764.0,13319.433205478164,2267.333251953125,2267.333251953125,23.5,2.876506011170077,1518.0,1509.7600399155217,1.2403892278671265,0.751528741904052,0.0,0.0,Windows 11,AMD Ryzen 7 5700X 8-Core Processor,8,34265653248,NVIDIA GeForce RTX 5080,16303.0,,ppo,Crawler,4096,0.0001,81920,0.00713,0.11,0.917,4.0,linear,False,32,1,simple,,,5,2000000,2048,12000
20260102-213824,59.63682174682617,99.29461669921876,684.2134399414062,778.4518432617188,0.0173878494339684,1.349091390768687,1.4181354060230484,1.420154690742493,12.800000190734863,5.748192752700255,13866.6669921875,13645.089326054216,2267.333251953125,2267.333251953125,20.0,4.25401606904455,1498.0,1496.7469879518071,0.9368525147438048,0.551824611353587,0.0,0.0,Windows 11,AMD Ryzen 7 5700X 8-Core Processor,8,34265653248,NVIDIA GeForce RTX 5080,16303.0,,ppo,Crawler,2048,0.000208,81920,0.003697,0.132,0.943,5.0,constant,False,128,1,simple,,,5,1000000,128,12000
20260102-215136,11.97131633758545,37.323272705078125,1391.407958984375,1519.9329833984375,0.0120605894674856,1.2616540392239888,1.4266029201358197,1.4382742643356323,17.399999618530273,5.584939734045282,14761.0,13674.61793462914,2267.333251953125,2267.333251953125,22.0,8.892570268676941,1547.5,1432.918673963432,1.188166618347168,0.7250939370189087,0.0,0.0,Windows 11,AMD Ryzen 7 5700X 8-Core Processor,8,34265653248,NVIDIA GeForce RTX 5080,16303.0,,ppo,Crawler,4096,4.7e-05,327680,0.008947,0.292,0.918,3.0,constant,True,32,1,simple,,,5,2000000,256,12000
20260102-221710,-0.8105090856552124,-0.7609179615974426,39.51778793334961,60.94961166381836,,,1.4189382940530777,1.4189382791519165,10.399999618530272,6.774999976158142,12015.75,11784.041625976562,2267.333251953125,2267.333251953125,15.5,9.145833253860474,1050.0,1049.46875,0.8378356695175171,0.6745094358921051,0.0,0.0,Windows 11,AMD Ryzen 7 5700X 8-Core Processor,8,34265653248,NVIDIA GeForce RTX 5080,16303.0,,ppo,Crawler,2048,7.6e-05,163840,0.004035,0.111,0.931,4.0,linear,False,32,2,simple,,,5,100000,512,12000
20260102-221827,51.613399505615234,142.2761993408203,799.4320678710938,843.1549682617188,0.0172194618886957,0.968088614443938,1.427831826439823,1.4398269653320312,11.600000381469728,6.481626516365143,12150.5,11919.62348221009,2267.333251953125,2267.333251953125,28.5,12.051204819277109,1064.0,1049.2148599279933,1.117878794670105,0.6758037116154131,0.0,0.0,Windows 11,AMD Ryzen 7 5700X 8-Core Processor,8,34265653248,NVIDIA GeForce RTX 5080,16303.0,,ppo,Crawler,2048,4.5e-05,81920,0.009448,0.195,0.904,5.0,constant,True,128,2,simple,,,5,1000000,512,12000
20260102-223245,1624.02587890625,1624.02587890625,1139.084228515625,1139.084228515625,0.0357719688979257,9.04296630571585,1.1481808969773442,0.8251221776008606,12.166666984558104,6.47550203714026,12647.5,10292.228962725903,2267.333251953125,2267.333251953125,20.0,3.148594374039087,1064.0,1023.3313253012049,0.7076008319854736,0.2869086915470031,0.0,0.0,Windows 11,AMD Ryzen 7 5700X 8-Core Processor,8,34265653248,NVIDIA GeForce RTX 5080,16303.0,,ppo,Crawler,512,0.000194,10240,0.004169,0.249,0.925,10.0,constant,False,512,2,simple,,,5,1000000,2048,12000
20260102-225213,23.81392478942871,68.42251586914062,852.458984375,946.3655395507812,0.0176013847813009,0.2705189685026805,1.4203111938683384,1.4264764785766602,5.699999809265137,2.6325301290994667,10260.5,10055.75401214232,2267.333251953125,2267.333251953125,0.6666666865348816,0.0391566275832164,1015.0,1015.0,1.2523118257522583,0.788886701890144,0.0,0.0,Windows 11,AMD Ryzen 7 5700X 8-Core Processor,8,34265653248,NVIDIA GeForce RTX 5080,16303.0,,ppo,Crawler,2048,4.6e-05,163840,0.006492,0.162,0.944,10.0,constant,True,128,1,simple,,,5,1000000,2048,12000
20260102-230809,0.3653297126293182,0.3653297126293182,69.69743347167969,69.69743347167969,0.0164685654453933,0.3246971145272254,1.4198016077280045,1.4212188720703125,2.633333444595337,2.0604166835546494,9894.5,9826.270874023438,2267.333251953125,2267.333251953125,0.0,0.0,1015.0,1015.0,0.8127413392066956,0.599832009524107,0.0,0.0,Windows 11,AMD Ryzen 7 5700X 8-Core Processor,8,34265653248,NVIDIA GeForce RTX 5080,16303.0,,ppo,Crawler,2048,0.00012,40960,0.009648,0.194,0.934,4.0,constant,False,512,1,simple,,,5,100000,2048,12000
20260102-230931,185.60174560546875,185.60174560546875,1113.6419677734375,1113.6419677734375,0.0180973357831438,0.3801105469465256,1.375751680638417,1.2946425676345823,4.099999904632568,2.1328313214233123,10299.3330078125,10073.772084431475,2267.333251953125,2267.333251953125,0.6666666865348816,0.0160642575068646,1015.0,1015.0,1.4189627170562744,0.7731313736862447,0.0,0.0,Windows 11,AMD Ryzen 7 5700X 8-Core Processor,8,34265653248,NVIDIA GeForce RTX 5080,16303.0,,ppo,Crawler,2048,0.000192,163840,0.004137,0.285,0.904,10.0,constant,True,512,2,simple,,,5,1000000,256,12000
20260102-232818,2.623126268386841,2.629673957824707,821.2154541015625,1009.0714721679688,0.0124250172326961,0.2368616710106531,1.4150950836848064,1.411096453666687,3.799999952316284,2.1572289193969176,10740.0,10221.552204913403,2267.333251953125,2267.333251953125,0.5,0.0140562251389744,1015.0,1015.0,1.469001531600952,0.8590491051190948,0.0,0.0,Windows 11,AMD Ryzen 7 5700X 8-Core Processor,8,34265653248,NVIDIA GeForce RTX 5080,16303.0,,ppo,Crawler,4096,0.000194,327680,0.004937,0.23,0.917,8.0,linear,True,256,3,simple,,,5,1000000,512,12000
20260102-234520,424.9222717285156,626.4310913085938,424.3498229980469,480.5618591308594,0.035194965124857,2.4340563307448133,1.339279945303754,1.307573676109314,8.233333587646484,5.256504064652978,9694.6669921875,9682.678877667682,2267.333251953125,2267.333251953125,1.0,0.024390243902439,1015.0,1015.0,0.8465838432312012,0.385743540598125,0.0,0.0,Windows 11,AMD Ryzen 7 5700X 8-Core Processor,8,34265653248,NVIDIA GeForce RTX 5080,16303.0,,ppo,Crawler,512,0.000188,10240,0.004978,0.276,0.941,8.0,linear,True,512,2,simple,,,5,500000,1024,12000
20260102-235346,1.0,4.0,670.0335693359375,1357.594970703125,0.0175922929563305,0.0028750658014111,2.0756253789110883,2.0334246158599854,16.100000381469727,13.240243935003512,11997.0,11214.914634146342,2267.333251953125,2267.333251953125,2.0,0.048780487804878,1015.0,1013.609756097561,3.310751914978028,2.88249656339971,0.0,0.0,Windows 11,AMD Ryzen 7 5700X 8-Core Processor,8,34265653248,NVIDIA GeForce RTX 5080,16303.0,,ppo,GridFoodCollector,2048,0.00018,40960,0.00713,0.194,0.901,10.0,linear,False,512,1,simple,,,5,500000,128,12000
20260103-001651,0.0,0.5,267.8625793457031,2073.30322265625,0.0119998627765611,0.0018313049169426,2.115165474868956,2.1162126064300537,18.200000762939453,13.364062502980232,14019.0,12494.703125,2267.333251953125,2267.333251953125,1.0,0.0234375,1012.0,1012.0,3.478795528411865,3.0261892747311365,0.0,0.0,Windows 11,AMD Ryzen 7 5700X 8-Core Processor,8,34265653248,NVIDIA GeForce RTX 5080,16303.0,,ppo,GridFoodCollector,4096,4.4e-05,81920,0.00525,0.185,0.934,4.0,linear,True,64,1,simple,,,5,1000000,512,12000
20260103-005136,0.5,1.0,653.1637573242188,1939.9581298828125,0.0167019102214411,0.0032097870716824,2.118865843278816,2.1194121837615967,16.450000762939453,13.16375000476837,12136.0,11423.0875,2267.333251953125,2267.333251953125,0.5,0.00625,1012.0,1012.0,3.310425281524658,2.992717648126993,0.0,0.0,Windows 11,AMD Ryzen 7 5700X 8-Core Processor,8,34265653248,NVIDIA GeForce RTX 5080,16303.0,,ppo,GridFoodCollector,2048,5.3e-05,40960,0.005041,0.157,0.949,3.0,constant,True,128,1,simple,,,5,1000000,256,12000
20260103-012419,2.0,3.5,,3945.01806640625,0.0180285146290605,0.0026759406583467,2.1086949263468826,,17.5,13.122772320662394,16024.5,13354.331683168317,2267.333251953125,2267.333251953125,0.5,0.0099009900990099,1012.0,1012.0,3.294097423553467,3.110806573735605,0.0,0.0,Windows 11,AMD Ryzen 7 5700X 8-Core Processor,8,34265653248,NVIDIA GeForce RTX 5080,16303.0,,ppo,GridFoodCollector,2048,0.000213,163840,0.008038,0.148,0.907,3.0,linear,False,64,3,simple,,,5,2000000,1024,12000
20260103-023019,1.75,1.8333333730697632,1144.015380859375,1254.74853515625,0.0247347824275493,0.0027876399457454,2.094960579505333,,17.200000762939453,13.54038458604079,12496.5,11140.346153846154,2267.333251953125,2267.333251953125,0.0,0.0,1012.0,1012.0,3.2345447540283203,3.0319582315591664,0.0,0.0,Windows 11,AMD Ryzen 7 5700X 8-Core Processor,8,34265653248,NVIDIA GeForce RTX 5080,16303.0,,ppo,GridFoodCollector,1024,8.7e-05,81920,0.002596,0.263,0.92,8.0,constant,True,32,2,simple,,,5,500000,2048,12000
20260103-025128,6.888888835906982,6.888888835906982,2528.74658203125,2528.74658203125,0.0245191286318003,0.0042904607369564,2.0919853250185647,1.9786332845687864,16.100000381469727,13.428571383158364,11484.0,10699.119047619048,2267.333251953125,2267.333251953125,1.0,0.0158730158730158,1013.0,1012.9444444444443,3.320326805114746,2.9577982879820324,0.0,0.0,Windows 11,AMD Ryzen 7 5700X 8-Core Processor,8,34265653248,NVIDIA GeForce RTX 5080,16303.0,,ppo,GridFoodCollector,1024,1.3e-05,40960,0.000889,0.14,0.903,8.0,constant,False,256,3,simple,,,5,1000000,512,12000
20260103-033349,0.3333333432674408,0.3333333432674408,,552.5164184570312,0.034596387296915,0.0028756673952253,2.114989262360793,2.116015911102295,15.550000190734863,12.896153890169584,10621.0,10265.807692307691,2267.333251953125,2267.333251953125,0.0,0.0,1013.0,1013.0,3.107674598693848,2.8506822952857385,0.0,0.0,Windows 11,AMD Ryzen 7 5700X 8-Core Processor,8,34265653248,NVIDIA GeForce RTX 5080,16303.0,,ppo,GridFoodCollector,512,6e-05,20480,0.003094,0.235,0.92,5.0,linear,False,128,3,simple,,,5,250000,2048,12000
20260103-034319,16.58333396911621,20.58333396911621,2182.148193359375,2182.148193359375,0.0247949718683957,0.0725029589608311,1.859764064059538,,16.0,13.224509818881163,10701.5,10373.058823529413,2267.333251953125,2267.333251953125,0.5,0.0098039215686274,1013.0,1013.0,3.396284580230713,2.998541186837589,0.0,0.0,Windows 11,AMD Ryzen 7 5700X 8-Core Processor,8,34265653248,NVIDIA GeForce RTX 5080,16303.0,,ppo,GridFoodCollector,1024,0.000207,20480,0.00421,0.287,0.948,5.0,constant,False,256,1,simple,,,5,1000000,1024,12000
20260103-041956,11.899999618530272,15.5,4129.166015625,4208.63818359375,0.0248222615083922,0.0124864077964878,1.8885687468294607,1.659826397895813,19.200000762939453,13.433333379572089,12701.0,11363.154545454545,2267.333251953125,2267.333251953125,4.0,0.0545454545454545,1013.0,1013.0,3.4031221866607666,3.078632658113263,0.0,0.0,Windows 11,AMD Ryzen 7 5700X 8-Core Processor,8,34265653248,NVIDIA GeForce RTX 5080,16303.0,,ppo,GridFoodCollector,1024,0.000295,81920,0.001487,0.157,0.915,4.0,linear,True,512,1,simple,,,5,2000000,256,12000
20260103-053014,1.5833333730697632,2.25,2451.6142578125,2451.6142578125,0.0251161070540546,0.0023304316564462,2.0561509833616367,,17.549999237060547,13.39411761713963,12728.0,11381.009803921568,2267.333251953125,2267.333251953125,0.5,0.0098039215686274,1013.0,1013.0,3.2759757041931152,3.077366693347108,0.0,0.0,Windows 11,AMD Ryzen 7 5700X 8-Core Processor,8,34265653248,NVIDIA GeForce RTX 5080,16303.0,,ppo,GridFoodCollector,1024,0.000223,81920,0.000635,0.115,0.908,8.0,linear,False,32,3,simple,,,5,1000000,2048,12000
20260103-061120,20.41666603088379,22.5,3737.155517578125,4249.6328125,0.0179152555594389,0.0509606373115357,1.9392028976194928,,16.299999237060547,13.306930721396268,12305.5,11628.450495049505,2267.333251953125,2267.333251953125,0.0,0.0,1013.0,1013.0,3.347473382949829,3.0811941458447145,0.0,0.0,Windows 11,AMD Ryzen 7 5700X 8-Core Processor,8,34265653248,NVIDIA GeForce RTX 5080,16303.0,,ppo,GridFoodCollector,2048,0.000255,40960,0.006348,0.128,0.943,4.0,constant,True,512,1,simple,,,5,2000000,1024,12000
20260103-072225,-0.1666666716337204,0.25,,235.6875915527344,0.0123932426795363,0.0035154432989656,2.112084706624349,,17.350000381469727,14.491666793823242,12574.0,11301.333333333334,2267.333251953125,2267.333251953125,0.0,0.0,1013.0,1013.0,3.180438995361328,2.9316654205322266,0.0,0.0,Windows 11,AMD Ryzen 7 5700X 8-Core Processor,8,34265653248,NVIDIA GeForce RTX 5080,16303.0,,ppo,GridFoodCollector,4096,0.000113,81920,0.004489,0.237,0.922,4.0,linear,True,128,1,simple,,,5,100000,2048,12000
20260103-072638,-0.3333333432674408,0.3333333432674408,,197.09963989257807,,,2.1120853424072266,,14.350000381469728,13.766666730244957,13179.0,11575.583333333334,2267.333251953125,2267.333251953125,0.0,0.0,1013.0,1013.0,3.298492431640625,3.143794377644857,0.0,0.0,Windows 11,AMD Ryzen 7 5700X 8-Core Processor,8,34265653248,NVIDIA GeForce RTX 5080,16303.0,,ppo,GridFoodCollector,2048,0.000288,163840,0.000965,0.112,0.922,10.0,constant,True,32,3,simple,,,5,100000,2048,12000
20260103-073010,,15.100000381469728,2091.697998046875,2122.522705078125,0.0348946689628064,0.0404069338692351,1.911014947546534,1.6126112937927246,16.0,13.040361461869203,10557.0,10234.584337349395,2267.333251953125,2267.333251953125,35.0,0.5903614457831325,1013.0,1013.0,3.378432273864746,2.832090176731707,0.0,0.0,Windows 11,AMD Ryzen 7 5700X 8-Core Processor,8,34265653248,NVIDIA GeForce RTX 5080,16303.0,,ppo,GridFoodCollector,512,0.000121,20480,0.005332,0.137,0.941,5.0,linear,False,32,3,simple,,,5,1000000,128,12000
20260103-080552,-1.0,0.5,61.838375091552734,226.1292266845703,0.0118342218920588,0.0024532463867217,2.1144995391368866,2.131398916244507,14.800000190734863,13.36875021457672,12398.0,11170.125,2267.333251953125,2267.333251953125,0.0,0.0,1013.0,1013.0,3.217348575592041,2.937613368034363,0.0,0.0,Windows 11,AMD Ryzen 7 5700X 8-Core Processor,8,34265653248,NVIDIA GeForce RTX 5080,16303.0,,ppo,GridFoodCollector,4096,0.000236,81920,0.007118,0.29,0.93,8.0,constant,True,32,2,simple,,,5,100000,256,12000
20260103-081000,-0.0833333358168602,0.3333333432674408,,525.317626953125,0.03388121103247,0.001531821481573,2.1185014798091006,2.1233930587768555,16.700000762939453,13.923076996436484,10654.5,10306.807692307691,2267.333251953125,2267.333251953125,0.5,0.0384615384615384,1013.0,1013.0,3.0697124004364014,2.871400576371413,0.0,0.0,Windows 11,AMD Ryzen 7 5700X 8-Core Processor,8,34265653248,NVIDIA GeForce RTX 5080,16303.0,,ppo,GridFoodCollector,512,5.6e-05,20480,0.004944,0.234,0.93,4.0,constant,True,128,1,simple,,,5,250000,2048,12000
20260103-081901,3.25,4.416666507720947,2227.807373046875,2607.08056640625,0.0178825183538719,0.0020528103668766,1.9371514483994128,,16.549999237060547,13.250980433295757,12216.0,11390.490196078432,2267.333251953125,2267.333251953125,0.0,0.0,1013.0,1013.0,3.387594223022461,3.0334914946088603,0.0,0.0,Windows 11,AMD Ryzen 7 5700X 8-Core Processor,8,34265653248,NVIDIA GeForce RTX 5080,16303.0,,ppo,GridFoodCollector,2048,0.000255,40960,0.001484,0.198,0.938,10.0,constant,True,32,3,simple,,,5,1000000,1024,12000
20260103-090243,0.5,2.0,313.3272705078125,1284.830322265625,0.0121513128280639,0.0010452117538079,2.123420079549154,2.12525486946106,18.0,13.640476158687049,13762.0,12176.892857142857,2267.333251953125,2267.333251953125,0.5,0.0119047619047619,1013.0,1013.0,3.312710762023926,2.994826438881102,0.0,0.0,Windows 11,AMD Ryzen 7 5700X 8-Core Processor,8,34265653248,NVIDIA GeForce RTX 5080,16303.0,,ppo,GridFoodCollector,4096,0.000237,81920,0.00907,0.11,0.909,8.0,constant,False,512,2,simple,,,5,500000,256,12000
20260103-092417,0.3684210479259491,1.0,283.16680908203125,498.5908203125,0.0242945153266191,0.0026308986358344,2.10508645772934,2.070054292678833,14.300000190734863,12.772499990463256,11229.0,10573.05,2267.333251953125,2267.333251953125,1.0,0.05,1013.0,1009.7,3.15885329246521,2.857081365585328,0.0,0.0,Windows 11,AMD Ryzen 7 5700X 8-Core Processor,8,34265653248,NVIDIA GeForce RTX 5080,16303.0,,ppo,GridFoodCollector,1024,0.000255,40960,0.00352,0.228,0.905,5.0,linear,False,64,1,simple,,,5,250000,128,12000
20260103-093307,0.75,1.3333333730697632,,2358.428466796875,0.0175869185477494,0.0024601145647465,2.105729757570753,,15.699999809265137,12.796078401453356,16218.0,13266.72549019608,2267.333251953125,2267.333251953125,0.0,0.0,1009.5,1007.0686274509804,3.4484541416168213,3.101376846724865,0.0,0.0,Windows 11,AMD Ryzen 7 5700X 8-Core Processor,8,34265653248,NVIDIA GeForce RTX 5080,16303.0,,ppo,GridFoodCollector,2048,0.000128,163840,0.002091,0.115,0.94,5.0,linear,False,512,3,simple,,,5,1000000,2048,12000
20260103-101241,-0.233539417386055,-0.1173671707510948,11.369498252868652,1190.30224609375,0.0125825060531497,0.0987611711025238,1.4444436329167063,1.4390981197357178,15.699999809265137,4.582926831594327,32444.0,20319.113852896346,2267.333251953125,2267.333251953125,25.33333396911621,15.882113805631311,1042.0,1013.3780472918256,0.4286243021488189,0.2242811916441452,0.0,0.0,Windows 11,AMD Ryzen 7 5700X 8-Core Processor,8,34265653248,NVIDIA GeForce RTX 5080,16303.0,,ppo,GridWorld,4096,2.7e-05,327680,0.003268,0.24,0.905,4.0,linear,True,128,1,simple,,,5,500000,2048,12000
20260103-233804,100.00000762939452,100.00000762939452,66.09756469726562,532.876953125,0.0340637347200907,0.0495731452709983,1.255080974245646,1.1722564697265625,11.149999618530272,4.611646600516446,13704.0,12304.467867564006,2267.333251953125,2267.333251953125,27.0,12.903614463576352,1091.0,916.5301204819276,0.7583817839622498,0.4779957112777664,0.0,0.0,Windows 11,AMD Ryzen 7 5700X 8-Core Processor,8,34265653248,NVIDIA GeForce RTX 5080,16303.0,,ppo,3DBall,512,0.000214,10240,0.006622,0.209,0.934,4.0,linear,True,128,2,simple,,,5,1000000,64,12000
20260103-234713,100.00001525878906,100.00001525878906,312.8784484863281,1063.9932861328125,0.0254056747071444,0.0088170296673221,1.2835245548960674,1.1809046268463137,9.699999809265137,4.657028117811824,12739.6669921875,10680.17670486634,2267.333251953125,2267.333251953125,22.5,3.991967867655928,911.0,900.6174698795181,0.897540807723999,0.5641104027808431,0.0,0.0,Windows 11,AMD Ryzen 7 5700X 8-Core Processor,8,34265653248,NVIDIA GeForce RTX 5080,16303.0,,ppo,3DBall,1024,7.1e-05,81920,0.00135,0.24,0.917,4.0,constant,True,256,3,simple,,,5,2000000,128,12000
20260104-000507,1.598651647567749,1.6519449949264526,247.6541748046875,290.1734619140625,0.0131845626359184,0.0223941203827658,1.4072550884107264,1.391834735870361,4.5,2.6837398308079417,10021.3330078125,9859.308951028965,2267.333251953125,2267.333251953125,0.0,0.0,896.0,896.0,0.962459683418274,0.6710316560617308,0.0,0.0,Windows 11,AMD Ryzen 7 5700X 8-Core Processor,8,34265653248,NVIDIA GeForce RTX 5080,16303.0,,ppo,3DBall,4096,0.000269,163840,0.001831,0.22,0.944,3.0,constant,False,512,3,simple,,,5,500000,2048,12000
20260104-001008,4.709359645843506,4.709359645843506,479.213623046875,479.213623046875,0.0182430716231465,0.0264018687109151,1.4075241562831833,1.3725084066390991,5.833333492279053,3.148995979722724,9921.0,9805.066206231177,2267.333251953125,2267.333251953125,0.3333333432674408,0.0120481931301484,896.0,896.0,0.8164656758308411,0.5312229118433344,0.0,0.0,Windows 11,AMD Ryzen 7 5700X 8-Core Processor,8,34265653248,NVIDIA GeForce RTX 5080,16303.0,,ppo,3DBall,2048,0.000222,163840,0.007838,0.175,0.936,3.0,constant,True,512,1,simple,,,5,1000000,64,12000
20260104-001816,16.264286041259766,17.154930114746094,284.49578857421875,321.20867919921875,0.0187018647169073,0.2651364393532275,1.3754358553304904,1.3314049243927002,5.050000190734863,2.171544719033125,9734.5,9684.894293064024,2267.333251953125,2267.333251953125,0.0,0.0,896.0,896.0,0.8557640910148621,0.5716342140988606,0.0,0.0,Windows 11,AMD Ryzen 7 5700X 8-Core Processor,8,34265653248,NVIDIA GeForce RTX 5080,16303.0,,ppo,3DBall,2048,0.000257,81920,0.003998,0.223,0.93,8.0,linear,True,128,2,simple,,,5,500000,64,12000
20260104-002347,100.00001525878906,100.00001525878906,105.5760726928711,109.1549072265625,0.035291147164323,0.0597534624182364,1.3882609248161315,1.3116509914398191,6.099999904632568,2.2016666412353514,9607.0,9597.733349609374,2267.333251953125,2267.333251953125,0.3333333432674408,0.016666667163372,896.0,896.0,0.95524662733078,0.5477847188711167,0.0,0.0,Windows 11,AMD Ryzen 7 5700X 8-Core Processor,8,34265653248,NVIDIA GeForce RTX 5080,16303.0,,ppo,3DBall,512,0.000228,20480,0.005732,0.191,0.921,3.0,constant,True,64,2,simple,,,5,250000,128,12000
20260104-002549,100.00001525878906,100.00001525878906,425.6248779296875,706.7350463867188,0.0255987235965827,0.0081785524648693,1.283899176551635,1.1522362232208252,6.449999809265137,2.707429713513478,9772.5,9708.618446442018,2267.333251953125,2267.333251953125,0.5,0.0120481927710843,896.0,896.0,0.8410727381706238,0.6018009796200028,0.0,0.0,Windows 11,AMD Ryzen 7 5700X 8-Core Processor,8,34265653248,NVIDIA GeForce RTX 5080,16303.0,,ppo,3DBall,1024,0.000114,81920,0.000134,0.155,0.916,10.0,constant,True,64,3,simple,,,5,1000000,512,12000
20260104-003745,1.772487998008728,1.772487998008728,168.97483825683594,168.97483825683594,0.0349188774824142,0.0347710706293582,1.4033190786838532,1.3857707977294922,6.25,3.044999998807908,9650.6669921875,9630.883349609376,2267.333251953125,2267.333251953125,0.0,0.0,896.0,896.0,1.0112619400024414,0.6584484681487084,0.0,0.0,Windows 11,AMD Ryzen 7 5700X 8-Core Processor,8,34265653248,NVIDIA GeForce RTX 5080,16303.0,,ppo,3DBall,512,0.000163,40960,0.007087,0.288,0.919,10.0,linear,False,512,1,simple,,,5,250000,256,12000
20260104-004101,76.64375305175781,76.64375305175781,717.017333984375,717.017333984375,0.0174983864029248,0.0202678864394935,1.3860118690743504,1.3237535953521729,6.199999809265137,3.224096388701933,9791.5,9725.548204536895,2267.333251953125,2267.333251953125,1.0,0.0200803215245166,896.0,896.0,0.9889002442359924,0.6713135500988329,0.0,0.0,Windows 11,AMD Ryzen 7 5700X 8-Core Processor,8,34265653248,NVIDIA GeForce RTX 5080,16303.0,,ppo,3DBall,2048,0.000216,81920,0.009192,0.108,0.909,10.0,constant,False,512,1,simple,,,5,1000000,64,12000
20260104-005307,100.00001525878906,100.00001525878906,197.88253784179688,310.2723083496094,0.0359481021084568,0.0925977942957119,1.3580728478548003,1.291374921798706,8.350000381469727,3.689430905551445,9703.5,9649.300828887195,2267.333251953125,2267.333251953125,0.3333333432674408,0.0081300815431083,896.0,896.0,0.9026991128921508,0.5529014155632113,0.0,0.0,Windows 11,AMD Ryzen 7 5700X 8-Core Processor,8,34265653248,NVIDIA GeForce RTX 5080,16303.0,,ppo,3DBall,512,3.9e-05,40960,0.001517,0.252,0.91,8.0,constant,True,128,2,simple,,,5,500000,128,12000
20260104-005840,100.00001525878906,100.00001525878906,126.78192138671876,462.1492919921875,0.0352506376406613,0.1175601132848161,1.303063274866127,1.2032030820846558,8.699999809265137,4.621285165648863,9678.5,9646.28313253012,2267.333251953125,2267.333251953125,1.5,0.0341365463044269,896.0,896.0,0.9974347352981568,0.5929655138268528,0.0,0.0,Windows 11,AMD Ryzen 7 5700X 8-Core Processor,8,34265653248,NVIDIA GeForce RTX 5080,16303.0,,ppo,3DBall,512,0.000184,20480,0.006523,0.166,0.924,4.0,constant,True,32,2,simple,,,5,1000000,1024,12000
20260104-010631,92.3384780883789,100.00001525878906,321.7266540527344,1044.4522705078125,0.0171292479111191,0.0792535537718018,1.3318080650754722,1.2872124910354614,5.650000095367432,2.378915657839144,9738.5,9707.544186511672,2267.333251953125,2267.333251953125,10.0,0.0732931728104511,896.0,896.0,0.9685441255569458,0.5883568342191627,0.0,0.0,Windows 11,AMD Ryzen 7 5700X 8-Core Processor,8,34265653248,NVIDIA GeForce RTX 5080,16303.0,,ppo,3DBall,2048,8.6e-05,40960,0.003848,0.169,0.909,4.0,constant,False,512,2,simple,,,5,2000000,128,12000
20260104-012405,3.100701808929444,3.100701808929444,482.8460083007813,482.8460083007813,0.0176308543110886,0.0624672938138246,1.4244177528174526,1.418527603149414,5.449999809265137,2.411244979823928,9931.0,9814.349397590362,2267.333251953125,2267.333251953125,0.3333333432674408,0.0040160643767161,896.0,896.0,0.9096736907958984,0.6192840962524874,0.0,0.0,Windows 11,AMD Ryzen 7 5700X 8-Core Processor,8,34265653248,NVIDIA GeForce RTX 5080,16303.0,,ppo,3DBall,2048,5.5e-05,163840,0.00984,0.185,0.945,3.0,constant,True,64,3,simple,,,5,1000000,512,12000
20260104-013217,1.1289962530136108,1.2618110179901123,18.396862030029297,35.651329040527344,,,1.418938249349594,1.418938159942627,4.849999904632568,3.3041666448116302,9779.0,9686.999877929688,2267.333251953125,2267.333251953125,0.0,0.0,896.0,896.0,1.0300084352493286,0.7285234648734331,0.0,0.0,Windows 11,AMD Ryzen 7 5700X 8-Core Processor,8,34265653248,NVIDIA GeForce RTX 5080,16303.0,,ppo,3DBall,2048,0.000192,163840,0.008425,0.289,0.905,10.0,constant,False,32,3,simple,,,5,100000,512,12000
20260104-013301,1.5517698526382446,1.5517698526382446,235.75125122070312,235.75125122070312,0.017525993908445,0.0764140710234641,1.4152053158457687,1.4081456661224363,5.599999904632568,3.1138211227044827,9936.3330078125,9792.008074504573,2267.333251953125,2267.333251953125,0.3333333432674408,0.0081300815431083,896.0,896.0,0.8739057183265686,0.630997541474133,0.0,0.0,Windows 11,AMD Ryzen 7 5700X 8-Core Processor,8,34265653248,NVIDIA GeForce RTX 5080,16303.0,,ppo,3DBall,2048,0.000213,163840,0.002123,0.187,0.914,3.0,constant,False,64,3,simple,,,5,500000,256,12000
20260104-013707,1.1312267780303955,1.1521575450897217,24.002031326293945,46.937232971191406,0.0231180321425198,0.959269404411316,1.4198549091815948,1.4205340147018433,4.75,3.197916656732559,9639.3330078125,9631.208251953123,2267.333251953125,2267.333251953125,0.3333333432674408,0.0416666679084301,896.0,896.0,0.5976187586784363,0.4892488978803158,0.0,0.0,Windows 11,AMD Ryzen 7 5700X 8-Core Processor,8,34265653248,NVIDIA GeForce RTX 5080,16303.0,,ppo,3DBall,1024,4.5e-05,20480,0.002693,0.129,0.944,4.0,constant,False,128,1,simple,,,5,100000,64,12000
20260104-013803,1.599550485610962,1.599550485610962,524.8040771484375,524.8040771484375,0.0171811309022207,0.7241319293777148,1.4109490075743345,1.4017646312713623,7.599999904632568,2.768875491188233,9696.0,9670.74497599774,2267.333251953125,2267.333251953125,0.3333333432674408,0.0040160643767161,896.0,896.0,1.0310968160629272,0.6273585809282509,0.0,0.0,Windows 11,AMD Ryzen 7 5700X 8-Core Processor,8,34265653248,NVIDIA GeForce RTX 5080,16303.0,,ppo,3DBall,2048,6.1e-05,40960,0.008309,0.173,0.929,5.0,linear,False,32,1,simple,,,5,1000000,512,12000
20260104-014656,100.00001525878906,100.00001525878906,145.08135986328125,249.1983795166016,0.0351548015099504,0.1078190460355709,1.301097151709766,1.1000574827194214,7.099999904632568,3.560569100263642,9660.0,9637.963366996952,2267.333251953125,2267.333251953125,1.0,0.0365853658536585,896.0,896.0,1.2382248640060425,0.7184964672821325,0.0,0.0,Windows 11,AMD Ryzen 7 5700X 8-Core Processor,8,34265653248,NVIDIA GeForce RTX 5080,16303.0,,ppo,3DBall,512,0.000268,20480,0.004859,0.139,0.914,5.0,constant,True,64,1,simple,,,5,500000,1024,12000
20260104-015119,1.2762376070022583,1.2762376070022583,113.01061248779295,113.01061248779295,0.0121950209140777,0.0684905648231506,1.417821717262268,1.4154199361801147,2.950000047683716,1.7966666758060454,9917.6669921875,9765.641650390626,2267.333251953125,2267.333251953125,0.0,0.0,896.0,896.0,0.7531635165214539,0.4907023191452026,0.0,0.0,Windows 11,AMD Ryzen 7 5700X 8-Core Processor,8,34265653248,NVIDIA GeForce RTX 5080,16303.0,,ppo,3DBall,4096,9.6e-05,163840,0.000815,0.235,0.945,4.0,constant,False,128,2,simple,,,5,250000,256,12000
20260104-015323,1.2640315294265747,1.2640315294265747,51.601524353027344,51.601524353027344,0.024355393834412,0.3844871073961258,1.418301597237587,1.4175866842269895,3.733333349227905,2.3354166448116302,9686.3330078125,9658.208251953123,2267.333251953125,2267.333251953125,0.0,0.0,896.0,896.0,0.5714036226272583,0.4200232252478599,0.0,0.0,Windows 11,AMD Ryzen 7 5700X 8-Core Processor,8,34265653248,NVIDIA GeForce RTX 5080,16303.0,,ppo,3DBall,1024,3.8e-05,40960,0.003406,0.276,0.946,5.0,linear,True,32,2,simple,,,5,100000,512,12000
20260104-015423,100.00001525878906,100.00001525878906,317.6734619140625,1365.100341796875,0.0249550633598118,0.0733385013299993,1.275927942919444,1.2606146335601809,7.150000095367432,2.829919684364135,9849.0,9783.155632294804,2267.333251953125,2267.333251953125,1.5,0.0220883535333426,896.0,896.0,1.0765761137008667,0.6251894648534706,0.0,0.0,Windows 11,AMD Ryzen 7 5700X 8-Core Processor,8,34265653248,NVIDIA GeForce RTX 5080,16303.0,,ppo,3DBall,1024,0.000199,81920,0.009221,0.296,0.947,10.0,constant,False,64,3,simple,,,5,2000000,512,12000
20260104-021719,100.00001525878906,100.00001525878906,273.32745361328125,698.6842041015625,0.0248534180379161,0.022409627117516,1.3412910225879715,1.2601814270019531,7.699999809265137,4.237349389547325,9727.0,9708.497988045934,2267.333251953125,2267.333251953125,0.5,0.0220883535333426,896.0,896.0,1.023722529411316,0.7065982858100569,0.0,0.0,Windows 11,AMD Ryzen 7 5700X 8-Core Processor,8,34265653248,NVIDIA GeForce RTX 5080,16303.0,,ppo,3DBall,1024,4.2e-05,40960,0.006502,0.209,0.918,10.0,constant,True,64,3,simple,,,5,1000000,2048,12000
20260104-022906,1.1580827236175537,1.202873468399048,10.085416793823242,60.8906478881836,0.0173538476228713,0.2047388851642608,1.4215864688158035,1.4222112894058228,2.8333332538604736,1.960416704416275,9700.0,9668.52099609375,2267.333251953125,2267.333251953125,0.6666666865348816,0.0833333358168602,896.0,896.0,0.5466926693916321,0.4968624636530876,0.0,0.0,Windows 11,AMD Ryzen 7 5700X 8-Core Processor,8,34265653248,NVIDIA GeForce RTX 5080,16303.0,,ppo,3DBall,2048,0.000225,40960,0.00856,0.232,0.944,8.0,linear,True,32,3,simple,,,5,100000,1024,12000
20260104-023016,3.7008001804351807,3.7008001804351807,804.9437866210938,804.9437866210938,0.018354612092177,0.011185189243406,1.3920579459293778,1.3586024045944214,4.599999904632568,2.3925702744219675,9980.3330078125,9869.200830666416,2267.333251953125,2267.333251953125,0.3333333432674408,0.0120481931301484,896.0,896.0,0.8653224110603333,0.6118794230811567,0.0,0.0,Windows 11,AMD Ryzen 7 5700X 8-Core Processor,8,34265653248,NVIDIA GeForce RTX 5080,16303.0,,ppo,3DBall,2048,0.000115,163840,0.004265,0.15,0.922,10.0,linear,False,256,3,simple,,,5,1000000,256,12000
20260104-024350,1.9837627410888672,2.1582655906677246,1265.4918212890625,1269.6251220703125,0.0123578028287738,0.0961440115546186,1.4093108586518162,1.3993513584136963,7.349999904632568,4.858232933354665,10186.3330078125,9907.411650508284,2267.333251953125,2267.333251953125,2.6666667461395264,0.0461847397936395,896.0,896.0,0.6917331218719482,0.4337792658662222,0.0,0.0,Windows 11,AMD Ryzen 7 5700X 8-Core Processor,8,34265653248,NVIDIA GeForce RTX 5080,16303.0,,ppo,3DBall,4096,7e-05,163840,0.002104,0.147,0.933,8.0,linear,False,128,1,simple,,,5,2000000,256,12000
20260104-030510,1.184000015258789,1.2503920793533323,10.12055778503418,37.4683837890625,,,1.4189382791519165,1.4189382791519165,3.25,1.868750013411045,9991.0,9896.416625976562,2267.333251953125,2267.333251953125,0.0,0.0,896.0,896.0,0.7502424716949463,0.4944830983877182,0.0,0.0,Windows 11,AMD Ryzen 7 5700X 8-Core Processor,8,34265653248,NVIDIA GeForce RTX 5080,16303.0,,ppo,3DBall,4096,0.000283,327680,0.009261,0.28,0.928,3.0,linear,True,32,3,simple,,,5,100000,256,12000
20260104-030559,85.77857971191406,100.00000762939452,311.9710388183594,1240.14404296875,0.0346342982634542,0.3027776544913649,1.275390199868076,1.1941797733306885,8.899999618530273,3.804417672645615,9829.5,9644.329319230044,2267.333251953125,2267.333251953125,0.5,0.0170682731522134,896.0,896.0,1.0843613147735596,0.6419015728745116,0.0,0.0,Windows 11,AMD Ryzen 7 5700X 8-Core Processor,8,34265653248,NVIDIA GeForce RTX 5080,16303.0,,ppo,3DBall,512,5.4e-05,10240,0.001247,0.267,0.927,8.0,linear,True,32,2,simple,,,5,2000000,64,12000
20260104-032652,1.1791270971298218,1.2119460105895996,13.767952919006348,34.96503829956055,,,1.4189382642507553,1.4189382791519165,7.300000190734863,5.189583361148834,9830.3330078125,9736.291625976562,2267.333251953125,2267.333251953125,0.3333333432674408,0.0416666679084301,896.0,896.0,0.5264166593551636,0.393972173333168,0.0,0.0,Windows 11,AMD Ryzen 7 5700X 8-Core Processor,8,34265653248,NVIDIA GeForce RTX 5080,16303.0,,ppo,3DBall,2048,0.00015,163840,0.006494,0.3,0.909,5.0,linear,False,128,1,simple,,,5,100000,64,12000
20260104-032736,1.533113956451416,1.533113956451416,50.65618515014648,50.65618515014648,0.0361270774155854,0.0654586777091026,1.4193856418132782,1.4178301095962524,3.366666555404663,2.437499985098839,9719.0,9696.708374023438,2267.333251953125,2267.333251953125,0.0,0.0,896.0,896.0,0.7166513800621033,0.5890458077192307,0.0,0.0,Windows 11,AMD Ryzen 7 5700X 8-Core Processor,8,34265653248,NVIDIA GeForce RTX 5080,16303.0,,ppo,3DBall,512,7e-05,40960,0.005722,0.271,0.921,4.0,constant,False,256,2,simple,,,5,100000,64,12000
20260104-032835,100.00001525878906,100.00001525878906,117.28055572509766,210.74368286132807,0.0228274208695991,0.0631579478655981,1.3830475778114506,1.345881700515747,7.5,3.257723590222801,9674.5,9666.987804878048,2267.333251953125,2267.333251953125,0.0,0.0,896.0,896.0,1.0709238052368164,0.6697238589205393,0.0,0.0,Windows 11,AMD Ryzen 7 5700X 8-Core Processor,8,34265653248,NVIDIA GeForce RTX 5080,16303.0,,ppo,3DBall,1024,0.000262,20480,0.008522,0.216,0.927,3.0,constant,True,32,2,simple,,,5,500000,256,12000
20260104-033218,1.1363128423690796,1.1804182529449463,9.496084213256836,35.02981948852539,,,1.4189382791519165,1.4189382791519165,4.25,3.6166666746139526,9802.3330078125,9696.124877929688,2267.333251953125,2267.333251953125,0.0,0.0,896.0,896.0,0.8180103302001953,0.6432875357568264,0.0,0.0,Windows 11,AMD Ryzen 7 5700X 8-Core Processor,8,34265653248,NVIDIA GeForce RTX 5080,16303.0,,ppo,3DBall,4096,0.000258,163840,0.002425,0.188,0.947,8.0,linear,False,32,1,simple,,,5,100000,1024,12000
20260104-033302,94.7384796142578,100.00001525878906,255.8884735107422,351.9073181152344,0.0358577153899452,0.1609442781826311,1.3019854237393635,1.2212159633636477,6.566666603088379,3.0247967563024383,9718.5,9687.22353753811,2267.333251953125,2267.333251953125,1.5,0.0569105693479863,896.0,896.0,1.306757926940918,0.7798356937199105,0.0,0.0,Windows 11,AMD Ryzen 7 5700X 8-Core Processor,8,34265653248,NVIDIA GeForce RTX 5080,16303.0,,ppo,3DBall,512,0.000281,40960,0.003561,0.24,0.948,10.0,linear,False,64,3,simple,,,5,500000,256,12000
20260104-033922,4.438889026641846,4.438889026641846,63.36476516723633,63.36476516723633,0.0348716024309396,0.2427396848797798,1.4133917689323423,1.400024652481079,6.300000190734863,4.312500029802322,9638.5,9634.666625976562,2267.333251953125,2267.333251953125,0.3333333432674408,0.0416666679084301,896.0,896.0,0.7736188173294067,0.5682577155530453,0.0,0.0,Windows 11,AMD Ryzen 7 5700X 8-Core Processor,8,34265653248,NVIDIA GeForce RTX 5080,16303.0,,ppo,3DBall,512,0.000134,10240,0.000988,0.127,0.909,8.0,constant,True,128,1,simple,,,5,100000,2048,12000
20260104-034034,1.4297467470169067,1.4297467470169067,46.66099548339844,46.66099548339844,0.0160663425922393,0.1745162606239318,1.4191098511219025,1.419234037399292,4.833333492279053,2.502083331346512,9742.3330078125,9689.291625976562,2267.333251953125,2267.333251953125,0.0,0.0,896.0,896.0,0.6262242197990417,0.4705607667565346,0.0,0.0,Windows 11,AMD Ryzen 7 5700X 8-Core Processor,8,34265653248,NVIDIA GeForce RTX 5080,16303.0,,ppo,3DBall,2048,8.9e-05,40960,0.002598,0.279,0.926,3.0,constant,True,128,3,simple,,,5,100000,128,12000
20260104-034129,1.2444226741790771,1.257563829421997,160.73272705078125,475.5950317382813,0.0121215311810373,0.4861353685458501,1.419973617576691,1.420055866241455,6.900000095367432,4.746586348637041,9963.6669921875,9848.5642766378,2267.333251953125,2267.333251953125,0.6666666865348816,0.0080321287534323,896.0,896.0,0.5689173936843872,0.3842723297785563,0.0,0.0,Windows 11,AMD Ryzen 7 5700X 8-Core Processor,8,34265653248,NVIDIA GeForce RTX 5080,16303.0,,ppo,3DBall,4096,2.7e-05,163840,0.004437,0.169,0.916,3.0,constant,True,32,1,simple,,,5,1000000,64,12000
20260104-034933,1.630751609802246,1.6946511268615725,146.0988311767578,171.15481567382812,0.0245640994980931,0.0294420011341571,1.415304857492447,1.409246563911438,7.199999809265137,3.048333317041397,9834.0,9755.4,2267.333251953125,2267.333251953125,0.6666666865348816,0.033333334326744,896.0,896.0,0.6007197499275208,0.4541622847318649,0.0,0.0,Windows 11,AMD Ryzen 7 5700X 8-Core Processor,8,34265653248,NVIDIA GeForce RTX 5080,16303.0,,ppo,3DBallHard,1024,0.000203,81920,0.009656,0.208,0.921,8.0,linear,True,256,3,simple,,,5,250000,512,12000
20260104-035314,1.367695450782776,1.367695450782776,74.61910247802734,74.61910247802734,0.0360352401621639,0.037567353574559,1.411349505186081,1.4052951335906982,5.300000190734863,2.445833370089531,9639.0,9634.270874023438,2267.333251953125,2267.333251953125,0.0,0.0,896.0,896.0,0.4770882129669189,0.3646905049681663,0.0,0.0,Windows 11,AMD Ryzen 7 5700X 8-Core Processor,8,34265653248,NVIDIA GeForce RTX 5080,16303.0,,ppo,3DBallHard,512,0.000105,10240,0.001079,0.24,0.937,8.0,linear,False,128,3,simple,,,5,100000,64,12000
20260104-035438,1.6796295642852783,1.6796295642852783,558.19384765625,558.19384765625,0.0172205970933039,0.1193239136288563,1.413293770996921,1.4072952270507812,6.4666666984558105,2.584538142365145,9846.6669921875,9785.3273249247,2267.333251953125,2267.333251953125,0.0,0.0,896.0,896.0,0.9105202555656432,0.6000032342342009,0.0,0.0,Windows 11,AMD Ryzen 7 5700X 8-Core Processor,8,34265653248,NVIDIA GeForce RTX 5080,16303.0,,ppo,3DBallHard,2048,9.5e-05,81920,0.009288,0.135,0.92,4.0,linear,False,64,3,simple,,,5,1000000,256,12000
20260104-040405,1.3332656621932983,1.3332656621932983,78.1273422241211,78.1273422241211,0.0354196280241012,0.0546295307576656,1.4144699573516846,1.4103883504867554,4.933333396911621,2.8291666954755783,9727.0,9689.937377929688,2267.333251953125,2267.333251953125,0.0,0.0,896.0,896.0,0.7980570197105408,0.5784115009009838,0.0,0.0,Windows 11,AMD Ryzen 7 5700X 8-Core Processor,8,34265653248,NVIDIA GeForce RTX 5080,16303.0,,ppo,3DBallHard,512,0.000261,40960,0.005902,0.154,0.928,10.0,linear,True,64,2,simple,,,5,100000,512,12000
20260104-040532,1.51111102104187,1.5436122417449951,136.4730682373047,141.10220336914062,0.0356772102415561,0.0325186263769864,1.4175625622272492,1.4114227294921875,4.733333110809326,3.1391666769981383,9726.6669921875,9703.9833984375,2267.333251953125,2267.333251953125,0.3333333432674408,0.016666667163372,896.0,896.0,0.9738221764564514,0.6838143721222878,0.0,0.0,Windows 11,AMD Ryzen 7 5700X 8-Core Processor,8,34265653248,NVIDIA GeForce RTX 5080,16303.0,,ppo,3DBallHard,512,0.0002,40960,0.007434,0.185,0.936,5.0,linear,False,128,2,simple,,,5,250000,64,12000
20260104-040815,2.7146964073181152,2.8281044960021973,211.08750915527344,225.05862426757807,0.0154131380841135,0.0633378289639949,1.395856750011444,1.3643701076507568,6.4666666984558105,4.837499976158142,9918.6669921875,9817.616650390624,2267.333251953125,2267.333251953125,0.3333333432674408,0.016666667163372,896.0,896.0,0.4310971200466156,0.3521570384502411,0.0,0.0,Windows 11,AMD Ryzen 7 5700X 8-Core Processor,8,34265653248,NVIDIA GeForce RTX 5080,16303.0,,ppo,3DBallHard,4096,0.000249,81920,0.00076,0.266,0.925,10.0,constant,True,512,3,simple,,,5,250000,2048,12000
20260104-041313,1.182509422302246,1.2462890148162842,151.68734741210938,165.8357696533203,0.0170406885445117,0.0449550338089466,1.4200060307979585,1.422299861907959,5.5333333015441895,3.8999999880790712,10002.0,9793.441748046876,2267.333251953125,2267.333251953125,0.6666666865348816,0.033333334326744,896.0,896.0,0.737626850605011,0.4609995380043983,0.0,0.0,Windows 11,AMD Ryzen 7 5700X 8-Core Processor,8,34265653248,NVIDIA GeForce RTX 5080,16303.0,,ppo,3DBallHard,2048,0.000279,163840,0.007984,0.112,0.919,10.0,constant,False,128,2,simple,,,5,250000,512,12000
20260104-041611,1.1350092887878418,1.165406346321106,16.07680320739746,69.34133911132812,0.0263996003195642,0.1493553481996059,1.420135736465454,1.4213523864746094,2.933333396911621,1.629166692495346,9726.6669921875,9684.687622070312,2267.333251953125,2267.333251953125,0.0,0.0,896.0,896.0,0.5268283486366272,0.4200331382453441,0.0,0.0,Windows 11,AMD Ryzen 7 5700X 8-Core Processor,8,34265653248,NVIDIA GeForce RTX 5080,16303.0,,ppo,3DBallHard,1024,0.0001,40960,0.005163,0.262,0.913,8.0,linear,True,256,1,simple,,,5,100000,256,12000
20260104-041729,1.264173150062561,1.288270354270935,138.01051330566406,161.66256713867188,0.0125587773509323,0.1179142892360687,1.4195430338382722,1.4189187288284302,4.433333396911621,3.125833296775818,9819.0,9745.04169921875,2267.333251953125,2267.333251953125,0.3333333432674408,0.016666667163372,896.0,896.0,0.8338242769241333,0.5987618669867516,0.0,0.0,Windows 11,AMD Ryzen 7 5700X 8-Core Processor,8,34265653248,NVIDIA GeForce RTX 5080,16303.0,,ppo,3DBallHard,4096,0.000241,81920,0.007843,0.268,0.943,10.0,linear,False,32,3,simple,,,5,250000,2048,12000
20260104-042057,100.00001525878906,100.00001525878906,329.1173095703125,933.3035888671876,0.0251365105311075,0.0142245500452796,1.2961734533309937,1.2496345043182373,7.599999904632568,3.2987951930746973,9788.0,9752.650614175453,2267.333251953125,2267.333251953125,0.0,0.0,896.0,896.0,0.9369115233421326,0.5480848385627011,0.0,0.0,Windows 11,AMD Ryzen 7 5700X 8-Core Processor,8,34265653248,NVIDIA GeForce RTX 5080,16303.0,,ppo,3DBallHard,1024,0.00024,40960,0.004311,0.187,0.946,10.0,linear,True,512,2,simple,,,5,1000000,1024,12000
20260104-043640,89.47857666015625,100.00000762939452,198.77633666992188,478.32763671875,0.0242776932039608,0.1802978654547283,1.3079718739153392,1.204732060432434,6.5,2.471485953015017,9687.5,9668.371470256025,2267.333251953125,2267.333251953125,1.0,0.0301204819277108,896.0,896.0,0.7546343803405762,0.5075007817113256,0.0,0.0,Windows 11,AMD Ryzen 7 5700X 8-Core Processor,8,34265653248,NVIDIA GeForce RTX 5080,16303.0,,ppo,3DBallHard,1024,0.000258,20480,0.004156,0.236,0.907,3.0,constant,False,64,3,simple,,,5,1000000,64,12000
20260104-044447,1.234174728393555,1.2762845754623413,215.3679962158203,233.8987274169922,0.0167654696851968,0.3212088793516159,1.411799471552779,1.4050298929214478,4.066666603088379,2.307723589059784,10096.6669921875,9900.382097942073,2267.333251953125,2267.333251953125,0.3333333432674408,0.0081300815431083,896.0,896.0,0.997732639312744,0.6075725119288374,0.0,0.0,Windows 11,AMD Ryzen 7 5700X 8-Core Processor,8,34265653248,NVIDIA GeForce RTX 5080,16303.0,,ppo,3DBallHard,2048,0.000118,163840,0.009099,0.171,0.937,3.0,constant,False,64,1,simple,,,5,500000,2048,12000
20260104-044913,1.1855237483978271,1.2216633558273315,32.38306427001953,42.82335662841797,,,1.4189382642507553,1.4189382791519165,4.9666666984558105,3.5291666388511658,9930.0,9818.8125,2267.333251953125,2267.333251953125,0.3333333432674408,0.0416666679084301,896.0,896.0,0.6509103178977966,0.4881469495594501,0.0,0.0,Windows 11,AMD Ryzen 7 5700X 8-Core Processor,8,34265653248,NVIDIA GeForce RTX 5080,16303.0,,ppo,3DBallHard,4096,0.000105,327680,0.009194,0.121,0.938,4.0,constant,True,512,2,simple,,,5,100000,128,12000
20260104-045005,1.2038387060165403,1.2629921436309814,55.66147232055664,99.1866455078125,,,1.418938255310059,1.4189382791519165,3.066666603088379,1.505000004172325,10285.0,9990.6166015625,2267.333251953125,2267.333251953125,0.3333333432674408,0.016666667163372,896.0,896.0,0.6901077628135681,0.487498439848423,0.0,0.0,Windows 11,AMD Ryzen 7 5700X 8-Core Processor,8,34265653248,NVIDIA GeForce RTX 5080,16303.0,,ppo,3DBallHard,4096,0.00024,327680,0.008044,0.245,0.927,10.0,constant,True,32,1,simple,,,5,250000,64,12000
20260104-045158,1.3021999597549438,1.3985415697097778,322.0823669433594,383.6742858886719,0.0121464682742953,0.0348110906779766,1.4176952199238102,1.4152171611785889,4.400000095367432,1.8386178976152,10503.3330078125,10081.296755907011,2267.333251953125,2267.333251953125,0.3333333432674408,0.0081300815431083,896.0,896.0,0.6537631750106812,0.4535388452250783,0.0,0.0,Windows 11,AMD Ryzen 7 5700X 8-Core Processor,8,34265653248,NVIDIA GeForce RTX 5080,16303.0,,ppo,3DBallHard,4096,7.6e-05,327680,0.004544,0.156,0.92,10.0,constant,True,256,3,simple,,,5,500000,128,12000
20260104-045833,1.7597618103027344,1.768420934677124,549.4387817382812,594.01318359375,0.0171171048423274,0.0660575949586927,1.4145722188145282,1.411365628242493,4.933333396911621,2.104417670922107,9871.5,9839.628517978164,2267.333251953125,2267.333251953125,0.6666666865348816,0.0200803218835807,896.0,896.0,0.7419884204864502,0.467793009726398,0.0,0.0,Windows 11,AMD Ryzen 7 5700X 8-Core Processor,8,34265653248,NVIDIA GeForce RTX 5080,16303.0,,ppo,3DBallHard,2048,2.8e-05,40960,0.001411,0.24,0.93,4.0,linear,False,256,3,simple,,,5,1000000,2048,12000
20260104-050837,1.2117533683776855,1.3060120344161987,85.7291259765625,353.71728515625,0.0124411396682262,0.1451434046030044,1.4181068234327363,1.4164491891860962,4.25,1.6711382080868975,10510.0,10069.191096608232,2267.333251953125,2267.333251953125,0.3333333432674408,0.0162601630862166,896.0,896.0,0.5935431718826294,0.4298209806041019,0.0,0.0,Windows 11,AMD Ryzen 7 5700X 8-Core Processor,8,34265653248,NVIDIA GeForce RTX 5080,16303.0,,ppo,3DBallHard,4096,3.1e-05,327680,0.00246,0.26,0.934,10.0,linear,True,128,2,simple,,,5,500000,128,12000
20260104-051442,1.3130784034729004,1.3298174142837524,81.65222930908203,124.59954071044922,0.0344351421702991,0.2245315015316009,1.417671835422516,1.4157754182815552,4.866666793823242,3.5283333539962767,9752.0,9745.48330078125,2267.333251953125,2267.333251953125,0.6666666865348816,0.033333334326744,896.0,896.0,0.6976710557937622,0.4552225530147552,0.0,0.0,Windows 11,AMD Ryzen 7 5700X 8-Core Processor,8,34265653248,NVIDIA GeForce RTX 5080,16303.0,,ppo,3DBallHard,512,1.5e-05,20480,0.005578,0.16,0.933,3.0,constant,False,512,1,simple,,,5,250000,512,12000
20260104-051701,1.2598425149917605,1.287649393081665,181.01150512695312,237.5923767089844,0.0174600519239901,0.0598061196506022,1.4163404296084148,1.4131523370742798,4.9666666984558105,3.067073170731707,10109.0,9932.016268102134,2267.333251953125,2267.333251953125,0.0,0.0,896.0,896.0,0.6886781454086304,0.4954653316881598,0.0,0.0,Windows 11,AMD Ryzen 7 5700X 8-Core Processor,8,34265653248,NVIDIA GeForce RTX 5080,16303.0,,ppo,3DBallHard,2048,9e-05,163840,0.002222,0.229,0.932,3.0,constant,False,64,3,simple,,,5,500000,64,12000
20260104-052131,87.2785873413086,87.5461654663086,741.2661743164062,805.4705200195312,0.0129235212225466,0.2387875678638617,1.3945639061640545,1.3532922267913818,6.599999904632568,3.4034136418836662,9970.0,9902.722891566264,2267.333251953125,2267.333251953125,0.3333333432674408,0.0040160643767161,896.0,896.0,1.1432088613510132,0.6107638603951557,0.0,0.0,Windows 11,AMD Ryzen 7 5700X 8-Core Processor,8,34265653248,NVIDIA GeForce RTX 5080,16303.0,,ppo,3DBallHard,4096,0.000214,81920,0.008962,0.23,0.937,10.0,linear,False,128,3,simple,,,5,1000000,256,12000
20260104-053506,94.33334350585938,100.00000762939452,741.3463745117188,784.366943359375,0.0253238710574805,0.0522333877161144,1.3642476524215146,1.288669466972351,5.366666793823242,3.127309221819223,9932.5,9862.504035673946,2267.333251953125,2267.333251953125,3.0,0.0481927714434014,896.0,896.0,0.931088924407959,0.5876011245221977,0.0,0.0,Windows 11,AMD Ryzen 7 5700X 8-Core Processor,8,34265653248,NVIDIA GeForce RTX 5080,16303.0,,ppo,3DBallHard,1024,0.000175,81920,0.006728,0.255,0.943,10.0,linear,False,32,3,simple,,,5,1000000,64,12000
20260104-054819,100.00001525878906,100.00001525878906,821.4178466796875,1368.333740234375,0.0177454741206019,0.0444413751392857,1.3822015409010002,1.3362127542495728,5.599999904632568,2.800401606473578,9989.0,9905.66969244164,2267.333251953125,2267.333251953125,0.6666666865348816,0.0100401609417903,896.0,896.0,1.097864866256714,0.6649666663752981,0.0,0.0,Windows 11,AMD Ryzen 7 5700X 8-Core Processor,8,34265653248,NVIDIA GeForce RTX 5080,16303.0,,ppo,3DBallHard,2048,0.000106,81920,0.007557,0.18,0.908,8.0,constant,True,64,1,simple,,,5,2000000,256,12000
20260104-061119,2.7354838848114014,2.8535947799682617,573.2518310546875,594.8753662109375,0.0125449988991021,0.1497834504892428,1.4013957661318492,1.3860208988189695,4.75,2.1102409585412727,9943.0,9879.21885589232,2267.333251953125,2267.333251953125,0.3333333432674408,0.0080321287534323,896.0,896.0,0.9992974400520324,0.54002896382148,0.0,0.0,Windows 11,AMD Ryzen 7 5700X 8-Core Processor,8,34265653248,NVIDIA GeForce RTX 5080,16303.0,,ppo,3DBallHard,4096,0.000198,81920,0.00074,0.244,0.907,5.0,linear,False,64,3,simple,,,5,1000000,64,12000
20260104-062123,1.356646180152893,1.3894190788269043,139.8084716796875,154.767822265625,0.0180277954787015,0.1392999552190303,1.4178169667720797,1.4167149066925049,5.0,3.2200000166893004,9915.6669921875,9842.241796875,2267.333251953125,2267.333251953125,0.6666666865348816,0.0500000014901161,896.0,896.0,0.6301058530807495,0.483439440280199,0.0,0.0,Windows 11,AMD Ryzen 7 5700X 8-Core Processor,8,34265653248,NVIDIA GeForce RTX 5080,16303.0,,ppo,3DBallHard,2048,0.000194,81920,0.0054,0.218,0.929,8.0,linear,True,64,2,simple,,,5,250000,128,12000
20260104-062438,100.00001525878906,100.00001525878906,261.4267883300781,296.0541381835937,0.0348770557479424,0.0952897373248229,1.3466537347654015,1.282374143600464,5.650000095367432,2.867479665977199,9859.0,9832.731707317073,2267.333251953125,2267.333251953125,4.5,0.1219512195121951,896.0,896.0,0.722183346748352,0.4800136045711796,0.0,0.0,Windows 11,AMD Ryzen 7 5700X 8-Core Processor,8,34265653248,NVIDIA GeForce RTX 5080,16303.0,,ppo,3DBallHard,512,0.000274,40960,0.005004,0.126,0.903,3.0,constant,True,512,3,simple,,,5,500000,512,12000
20260104-062954,100.00001525878906,100.00001525878906,444.1334228515625,1652.19189453125,0.0246343928932522,0.0028181654040508,1.1832598052829144,1.0114290714263916,6.300000190734863,2.427309237689857,10006.5,9918.104409826808,2267.333251953125,2267.333251953125,2.5,0.0542168671108153,896.0,896.0,0.9971977472305298,0.5603436183139502,0.0,0.0,Windows 11,AMD Ryzen 7 5700X 8-Core Processor,8,34265653248,NVIDIA GeForce RTX 5080,16303.0,,ppo,3DBallHard,1024,0.000205,81920,0.00494,0.262,0.906,10.0,constant,True,256,2,simple,,,5,2000000,256,12000
20260104-065737,1.3167338371276855,1.4089957475662231,113.87950134277344,125.93757629394533,0.0246766952967101,0.0826243013143538,1.4148973047733306,1.4096300601959229,4.566666603088379,2.4825000047683714,10057.0,9817.366796875,2267.333251953125,2267.333251953125,0.0,0.0,896.0,896.0,0.9215657114982604,0.4732981264591217,0.0,0.0,Windows 11,AMD Ryzen 7 5700X 8-Core Processor,8,34265653248,NVIDIA GeForce RTX 5080,16303.0,,ppo,3DBallHard,1024,0.000213,20480,0.007895,0.294,0.93,3.0,linear,False,128,2,simple,,,5,250000,256,12000
20260104-065958,100.00000762939452,100.00000762939452,419.7271728515625,1383.6893310546875,0.024654119547146,0.0178695374840268,1.2360240414918189,1.0979310274124146,7.0,2.25301203849804,9821.0,9787.291174463478,2267.333251953125,2267.333251953125,1.5,0.0271084339144718,896.0,896.0,1.1312673091888428,0.5408465404467411,0.0,0.0,Windows 11,AMD Ryzen 7 5700X 8-Core Processor,8,34265653248,NVIDIA GeForce RTX 5080,16303.0,,ppo,3DBallHard,1024,0.000258,40960,0.005213,0.138,0.942,8.0,linear,True,256,1,simple,,,5,2000000,64,12000
20260104-072315,1.197509527206421,1.2706114053726196,86.9985580444336,114.88543701171876,0.0145765012130141,1.2110775709152222,1.418976765871048,1.4190595149993896,4.550000190734863,2.3783333539962768,10099.0,9878.491650390624,2267.333251953125,2267.333251953125,0.3333333432674408,0.016666667163372,896.0,896.0,1.010960340499878,0.6159478783607483,0.0,0.0,Windows 11,AMD Ryzen 7 5700X 8-Core Processor,8,34265653248,NVIDIA GeForce RTX 5080,16303.0,,ppo,3DBallHard,4096,9.3e-05,163840,0.007928,0.269,0.909,3.0,linear,False,32,2,simple,,,5,250000,512,12000
20260104-072522,44.63928985595703,93.5538558959961,269.0873413085937,481.6395263671875,0.0243659735036392,0.0295508169947424,1.2934453070881855,1.1822381019592283,7.849999904632568,4.934538171952029,9760.0,9748.07631306476,2267.333251953125,2267.333251953125,0.5,0.0060240963855421,896.0,896.0,0.9074952602386476,0.5262093874345343,0.0,0.0,Windows 11,AMD Ryzen 7 5700X 8-Core Processor,8,34265653248,NVIDIA GeForce RTX 5080,16303.0,,ppo,3DBallHard,1024,0.00027,20480,0.000154,0.262,0.948,3.0,constant,False,512,1,simple,,,5,1000000,64,12000
20260104-073333,1.220889687538147,1.253137230873108,34.78421401977539,39.69471740722656,,,1.4189382642507553,1.4189382791519165,3.5999999046325684,2.789583295583725,9918.0,9808.520751953123,2267.333251953125,2267.333251953125,0.0,0.0,896.0,896.0,0.6123399138450623,0.5008810050785542,0.0,0.0,Windows 11,AMD Ryzen 7 5700X 8-Core Processor,8,34265653248,NVIDIA GeForce RTX 5080,16303.0,,ppo,3DBallHard,4096,6.4e-05,327680,0.002783,0.182,0.947,4.0,constant,False,256,3,simple,,,5,100000,128,12000
20260104-073421,1.2662721872329712,1.3765431642532349,219.70779418945312,274.231201171875,0.0126666414240995,0.2550261964400609,1.418620688159291,1.4196398258209229,3.700000047683716,1.570325197243109,10097.3330078125,9926.776391006097,2267.333251953125,2267.333251953125,0.3333333432674408,0.0325203261724332,896.0,896.0,0.6539589166641235,0.4383327575718484,0.0,0.0,Windows 11,AMD Ryzen 7 5700X 8-Core Processor,8,34265653248,NVIDIA GeForce RTX 5080,16303.0,,ppo,3DBallHard,4096,0.000153,163840,0.000888,0.141,0.932,5.0,linear,True,64,2,simple,,,5,500000,256,12000
20260104-073942,1.5662970542907717,1.5662970542907717,67.44148254394531,67.44148254394531,0.0248791561461984,0.2354359664022922,1.41481015086174,1.411136031150818,2.700000047683716,1.78333330899477,9737.3330078125,9728.041625976562,2267.333251953125,2267.333251953125,0.0,0.0,896.0,896.0,0.6942968368530273,0.42558996938169,0.0,0.0,Windows 11,AMD Ryzen 7 5700X 8-Core Processor,8,34265653248,NVIDIA GeForce RTX 5080,16303.0,,ppo,3DBallHard,1024,0.000225,20480,0.002753,0.3,0.945,8.0,linear,True,64,1,simple,,,5,100000,2048,12000
20260104-074058,2.090425491333008,2.090425491333008,754.467041015625,754.467041015625,0.0170690342395876,0.1181702837347983,1.4140419960021973,1.4067822694778442,5.366666793823242,2.155823291784309,9832.0,9800.020060711597,2267.333251953125,2267.333251953125,0.3333333432674408,0.0120481931301484,896.0,896.0,0.8241948485374451,0.473039152931018,0.0,0.0,Windows 11,AMD Ryzen 7 5700X 8-Core Processor,8,34265653248,NVIDIA GeForce RTX 5080,16303.0,,ppo,3DBallHard,2048,1.1e-05,40960,0.004091,0.242,0.912,8.0,constant,False,256,2,simple,,,5,1000000,256,12000
20260104-075342,6.308805465698242,6.308805465698242,596.453857421875,596.453857421875,0.0190770144884784,0.1234949106971422,1.3788999319076538,1.317445158958435,5.099999904632568,1.847590354910816,10128.3330078125,9970.429675734187,2267.333251953125,2267.333251953125,1.0,0.0200803215245166,896.0,896.0,0.8387531042098999,0.5121988697224352,0.0,0.0,Windows 11,AMD Ryzen 7 5700X 8-Core Processor,8,34265653248,NVIDIA GeForce RTX 5080,16303.0,,ppo,3DBallHard,2048,0.000147,163840,0.001704,0.27,0.931,5.0,constant,False,128,2,simple,,,5,1000000,64,12000
20260104-080348,506.9075012207031,660.6445922851562,1096.0615234375,1113.790771484375,0.0353630331034461,15.309911437022189,1.1549567249884087,0.9863678216934204,6.866666793823242,3.932931736291173,9827.0,9790.277108433736,2267.333251953125,2267.333251953125,0.3333333432674408,0.0120481931301484,896.0,896.0,0.9772630333900452,0.4870993622455252,0.0,0.0,Windows 11,AMD Ryzen 7 5700X 8-Core Processor,8,34265653248,NVIDIA GeForce RTX 5080,16303.0,,ppo,Crawler,512,0.000269,20480,0.003968,0.221,0.941,10.0,linear,False,512,2,simple,,,5,1000000,256,12000
20260104-082237,-0.5565559267997742,-0.5025230646133423,54.943321228027344,69.95832824707031,0.0242607360705732,0.5414000302553177,1.419411063194275,1.4196873903274536,3.3333332538604736,2.0302083045244217,9765.6669921875,9759.479125976562,2267.333251953125,2267.333251953125,0.25,0.03125,896.0,896.0,0.6815314292907715,0.4472671225667,0.0,0.0,Windows 11,AMD Ryzen 7 5700X 8-Core Processor,8,34265653248,NVIDIA GeForce RTX 5080,16303.0,,ppo,Crawler,1024,5.5e-05,20480,0.009793,0.167,0.941,4.0,linear,True,128,1,simple,,,5,100000,128,12000
20260104-082400,63.430999755859375,117.14682006835938,636.2764892578125,689.1834106445312,0.0169652742333709,0.6796963959932327,1.4270539125764226,1.4385106563568115,5.366666793823242,2.5448795190776687,9994.0,9905.412638836597,2267.333251953125,2267.333251953125,0.0,0.0,896.0,896.0,1.0570054054260254,0.6344697778842535,0.0,0.0,Windows 11,AMD Ryzen 7 5700X 8-Core Processor,8,34265653248,NVIDIA GeForce RTX 5080,16303.0,,ppo,Crawler,2048,5.4e-05,81920,0.00758,0.226,0.918,4.0,constant,True,32,2,simple,,,5,1000000,512,12000
20260104-083543,1292.4947509765625,1877.7667236328125,1194.1871337890625,1506.80029296875,0.034675893800176,15.12517239983721,1.2139755925500249,1.1120561361312866,7.5,2.833333332136453,9840.5,9772.316259177334,2267.333251953125,2267.333251953125,1.6666666269302368,0.0200803213449845,896.0,896.0,0.789989173412323,0.4713936448097229,0.0,0.0,Windows 11,AMD Ryzen 7 5700X 8-Core Processor,8,34265653248,NVIDIA GeForce RTX 5080,16303.0,,ppo,Crawler,512,0.000251,10240,0.005609,0.293,0.925,5.0,linear,True,512,1,simple,,,5,2000000,128,12000
20260104-090105,74.60720825195312,153.56150817871094,1262.80029296875,1339.6336669921875,0.0240155103371331,3.206014328881314,1.4205084838062885,1.4245399236679075,7.599999904632568,3.4987951868987945,9872.6669921875,9847.977409638554,2267.333251953125,2267.333251953125,1.0,0.0155622490558279,896.0,896.0,1.1655924320220947,0.5663235169577311,0.0,0.0,Windows 11,AMD Ryzen 7 5700X 8-Core Processor,8,34265653248,NVIDIA GeForce RTX 5080,16303.0,,ppo,Crawler,1024,2.8e-05,20480,0.001683,0.178,0.902,4.0,constant,False,128,2,simple,,,5,2000000,2048,12000
20260104-092339,-0.2805413901805877,-0.1124161481857299,191.3454742431641,202.46954345703125,0.0116432919166981,0.3122955933213233,1.4200095593929292,1.420547366142273,6.300000190734863,4.957083368301392,10012.25,9925.0666015625,2267.333251953125,2267.333251953125,0.25,0.0125,896.0,896.0,0.7452061772346497,0.4745302822440863,0.0,0.0,Windows 11,AMD Ryzen 7 5700X 8-Core Processor,8,34265653248,NVIDIA GeForce RTX 5080,16303.0,,ppo,Crawler,4096,0.000251,81920,0.005992,0.101,0.902,8.0,constant,True,128,1,simple,,,5,250000,2048,12000
20260104-092743,33.93334197998047,85.88117980957031,408.4290466308594,413.2903442382813,0.0170438103377818,0.2589728872884403,1.417043627762213,1.416627287864685,7.5,3.112601637840271,9927.5,9888.247927782011,2267.333251953125,2267.333251953125,0.0,0.0,896.0,896.0,1.156350016593933,0.7284980757934291,0.0,0.0,Windows 11,AMD Ryzen 7 5700X 8-Core Processor,8,34265653248,NVIDIA GeForce RTX 5080,16303.0,,ppo,Crawler,2048,8.1e-05,40960,0.003715,0.162,0.945,8.0,linear,False,512,1,simple,,,5,500000,128,12000
20260104-093504,123.08985137939452,322.2352294921875,1245.573974609375,1359.64599609375,0.0248408426996319,3.3091253774861493,1.4295737168875084,1.4359246492385864,7.349999904632568,2.949849393712469,10369.5,10104.305222844505,2267.333251953125,2267.333251953125,1.0,0.0210843377084617,896.0,896.0,1.2093788385391235,0.6402277141719698,0.0,0.0,Windows 11,AMD Ryzen 7 5700X 8-Core Processor,8,34265653248,NVIDIA GeForce RTX 5080,16303.0,,ppo,Crawler,1024,0.000131,81920,0.005463,0.247,0.9,4.0,linear,True,32,3,simple,,,5,2000000,1024,12000
20260104-095800,126.92814636230467,216.96485900878903,856.23681640625,914.2761840820312,0.0348954515842099,2.3921202526738248,1.409296180828508,1.4035996198654177,7.300000190734863,3.115060243261866,10311.0,10172.39456654744,2267.333251953125,2267.333251953125,1.3333333730697632,0.0200803218835807,901.0,900.1767070724303,0.988897979259491,0.5380429355315415,0.0,0.0,Windows 11,AMD Ryzen 7 5700X 8-Core Processor,8,34265653248,NVIDIA GeForce RTX 5080,16303.0,,ppo,Crawler,512,0.000137,40960,0.005032,0.134,0.949,5.0,linear,False,512,3,simple,,,5,1000000,1024,12000
20260104-101325,64.58390808105469,93.14665222167967,180.6517639160156,217.1724090576172,0.0351189171726053,0.2335940274325283,1.4073720037937163,1.400524020195007,5.75,3.7791666865348814,10082.0,10049.812548828126,2267.333251953125,2267.333251953125,1.6666666269302368,0.0999999985098838,901.0,901.0,0.8735877871513367,0.5073947541415691,0.0,0.0,Windows 11,AMD Ryzen 7 5700X 8-Core Processor,8,34265653248,NVIDIA GeForce RTX 5080,16303.0,,ppo,Crawler,512,0.000211,20480,0.004837,0.157,0.908,8.0,linear,True,128,3,simple,,,5,250000,512,12000
20260104-101723,91.13436889648438,181.75958251953125,315.5731811523437,329.13232421875,0.0348015119038197,0.58830811990344,1.4102398942156535,1.408979058265686,7.599999904632568,5.40325203174498,10146.5,10016.087390434452,2267.333251953125,2267.333251953125,0.0,0.0,901.0,901.0,0.9383367896080016,0.6494648202163417,0.0,0.0,Windows 11,AMD Ryzen 7 5700X 8-Core Processor,8,34265653248,NVIDIA GeForce RTX 5080,16303.0,,ppo,Crawler,512,0.000158,20480,0.001457,0.26,0.934,3.0,linear,False,256,3,simple,,,5,500000,1024,12000
20260104-102307,438.5250549316406,836.1842651367188,1404.378173828125,1532.732421875,0.0248886789195239,3.526651001845797,1.3909967793039528,1.3779175281524658,5.800000190734863,2.384487947785711,10269.0,10181.455842902862,2267.333251953125,2267.333251953125,0.3333333432674408,0.0040160643767161,901.0,901.0,1.087080001831055,0.6094004169375782,0.0,0.0,Windows 11,AMD Ryzen 7 5700X 8-Core Processor,8,34265653248,NVIDIA GeForce RTX 5080,16303.0,,ppo,Crawler,1024,0.000107,81920,0.001545,0.205,0.941,5.0,linear,True,256,2,simple,,,5,2000000,128,12000
20260104-104853,2.1288609504699707,2.1288609504699707,744.240234375,744.240234375,0.0115629577388365,0.3101846675078074,1.4207759664719364,1.4211883544921875,6.550000190734863,4.884738965206836,11048.0,10558.371482021836,2267.333251953125,2267.333251953125,0.3333333432674408,0.0040160643767161,901.0,901.0,0.9268841743469238,0.5497657771121307,0.0,0.0,Windows 11,AMD Ryzen 7 5700X 8-Core Processor,8,34265653248,NVIDIA GeForce RTX 5080,16303.0,,ppo,Crawler,4096,0.000248,327680,0.008643,0.158,0.924,4.0,linear,False,128,3,simple,,,5,1000000,2048,12000
20260104-110131,-0.6482079029083252,-0.5432122349739075,163.85670471191406,195.1851348876953,0.0183686092495918,0.389055997133255,1.418635016679764,1.417984127998352,3.25,1.8966666758060453,10442.0,10211.3375,2267.333251953125,2267.333251953125,0.0,0.0,901.0,901.0,0.8393982648849487,0.4656496345996856,0.0,0.0,Windows 11,AMD Ryzen 7 5700X 8-Core Processor,8,34265653248,NVIDIA GeForce RTX 5080,16303.0,,ppo,Crawler,2048,0.000237,163840,0.005482,0.237,0.941,3.0,linear,True,512,2,simple,,,5,250000,256,12000
20260104-110500,39.61758041381836,148.31631469726562,130.62823486328125,632.81689453125,0.0342937064278556,1.567572281841772,1.427010187183518,1.430728554725647,8.449999809265137,3.760843377515494,9995.5,9987.65461455196,2267.333251953125,2267.333251953125,0.3333333432674408,0.0080321287534323,901.0,901.0,0.9388041496276855,0.6769377064992146,0.0,0.0,Windows 11,AMD Ryzen 7 5700X 8-Core Processor,8,34265653248,NVIDIA GeForce RTX 5080,16303.0,,ppo,Crawler,512,0.000129,10240,0.004237,0.239,0.939,3.0,linear,True,128,1,simple,,,5,1000000,256,12000
20260104-111547,1446.2286376953125,1987.1187744140625,1361.4796142578125,1481.18994140625,0.0346176450515223,147.73647810226862,1.454109512179731,1.4943442344665527,6.199999809265137,2.5852409536580003,10115.0,10020.827307275978,2267.333251953125,2267.333251953125,0.6666666865348816,0.0080321287534323,901.0,901.0,1.0599093437194824,0.537533789154995,0.0,0.0,Windows 11,AMD Ryzen 7 5700X 8-Core Processor,8,34265653248,NVIDIA GeForce RTX 5080,16303.0,,ppo,Crawler,512,0.000256,20480,0.008384,0.129,0.924,5.0,constant,True,64,1,simple,,,5,2000000,64,12000
20260104-114041,21.745752334594727,180.3472137451172,377.0500183105469,721.82470703125,0.0353140571775535,0.5926300417631865,1.4116554978382156,1.40549898147583,37.54999923706055,4.258734934301262,12875.0,10274.809217338105,2267.333251953125,2267.333251953125,22.33333396911621,1.8594377669225253,918.0,902.8875504459244,1.2166236639022827,0.7295381798442587,0.0,0.0,Windows 11,AMD Ryzen 7 5700X 8-Core Processor,8,34265653248,NVIDIA GeForce RTX 5080,16303.0,,ppo,Crawler,512,9.4e-05,40960,0.0022,0.291,0.912,5.0,constant,False,64,2,simple,,,5,1000000,1024,12000
20260104-115309,0.986092746257782,0.986092746257782,1232.0587158203125,1232.0587158203125,0.0125853503122925,0.2692416807015736,1.4174237294369434,1.4148095846176147,10.899999618530272,4.59186745264444,14208.6669921875,13352.23195124247,2267.333251953125,2267.333251953125,31.0,19.03112443671169,936.25,927.6857432170086,1.1691746711730957,0.6636861654739064,0.0,0.0,Windows 11,AMD Ryzen 7 5700X 8-Core Processor,8,34265653248,NVIDIA GeForce RTX 5080,16303.0,,ppo,Crawler,4096,0.000243,327680,0.001673,0.104,0.917,10.0,linear,True,32,3,simple,,,5,1000000,1024,12000
20260104-121355,8.423569679260254,14.883163452148438,340.1703796386719,410.0221557617188,0.017822173424065,0.2016551792621612,1.4177464508428803,1.4153252840042114,9.225000381469728,6.317682917525128,13714.0,13372.719488376524,2267.333251953125,2267.333251953125,26.5,19.59959346492116,936.0,935.5284542921112,0.8795381188392639,0.600405224939672,0.0,0.0,Windows 11,AMD Ryzen 7 5700X 8-Core Processor,8,34265653248,NVIDIA GeForce RTX 5080,16303.0,,ppo,Crawler,2048,6.9e-05,163840,0.004146,0.28,0.905,5.0,constant,True,32,2,simple,,,5,500000,2048,12000
20260104-122138,-0.9905142784118652,-0.98528391122818,8.341509819030762,107.79608917236328,0.0237316433340311,0.3599363565444946,1.4187433272600174,1.4176088571548462,7.900000095367432,5.08625003695488,13165.400390625,13016.737548828123,2267.333251953125,2267.333251953125,13.199999809265137,8.631249964237213,935.0,935.0,0.6149167418479919,0.3866542493924498,0.0,0.0,Windows 11,AMD Ryzen 7 5700X 8-Core Processor,8,34265653248,NVIDIA GeForce RTX 5080,16303.0,,ppo,Crawler,1024,0.00028,81920,0.004385,0.239,0.946,10.0,linear,False,256,1,simple,,,5,100000,256,12000
20260104-122341,-0.7869635820388794,-0.7693538069725037,49.84159851074219,63.9132194519043,,,1.418938249349594,1.4189382791519165,6.425000190734863,4.822916716337204,13349.25,13175.354248046877,2267.333251953125,2267.333251953125,15.75,10.666666686534882,935.0,935.0,0.6160160899162292,0.5400503799319267,0.0,0.0,Windows 11,AMD Ryzen 7 5700X 8-Core Processor,8,34265653248,NVIDIA GeForce RTX 5080,16303.0,,ppo,Crawler,2048,6.8e-05,163840,0.008277,0.2,0.912,10.0,constant,True,128,1,simple,,,5,100000,1024,12000
20260104-122459,21.846036911010746,24.462270736694336,718.1716918945312,809.338134765625,0.0171564534927407,0.1758548741539319,1.4114485390215037,1.406616449356079,10.899999618530272,4.919538133115654,13979.2001953125,12531.626129518072,2267.333251953125,2267.333251953125,18.66666603088379,3.0885542153594003,939.0,931.9919676263648,0.8928595781326294,0.618424731564809,0.0,0.0,Windows 11,AMD Ryzen 7 5700X 8-Core Processor,8,34265653248,NVIDIA GeForce RTX 5080,16303.0,,ppo,Crawler,2048,0.000147,163840,0.000576,0.153,0.904,4.0,linear,False,256,3,simple,,,5,1000000,128,12000
20260104-123842,101.23365020751952,246.47613525390625,355.636474609375,507.16497802734375,0.034877520826895,5.202730476856232,1.4154611738716685,1.4141218662261963,7.699999809265137,5.488617897033691,11873.3330078125,11808.380097179876,2267.333251953125,2267.333251953125,13.0,0.3170731707317073,929.0,924.329268292683,0.5962138175964355,0.2998493568199437,0.0,0.0,Windows 11,AMD Ryzen 7 5700X 8-Core Processor,8,34265653248,NVIDIA GeForce RTX 5080,16303.0,,ppo,Crawler,512,3.5e-05,10240,0.006953,0.211,0.93,8.0,linear,False,512,2,simple,,,5,500000,64,12000
20260104-124727,-0.4214673936367035,-0.4214673936367035,460.3493347167969,460.3493347167969,0.0126075129956007,0.1956527829170227,1.4201464013355534,1.4225558042526243,5.5,4.333943111140553,12813.0,12251.971512957318,2267.333251953125,2267.333251953125,0.0,0.0,921.0,917.2154466582508,0.7879834771156311,0.5564550356712283,0.0,0.0,Windows 11,AMD Ryzen 7 5700X 8-Core Processor,8,34265653248,NVIDIA GeForce RTX 5080,16303.0,,ppo,Crawler,4096,0.000125,327680,0.007608,0.121,0.936,10.0,constant,True,64,2,simple,,,5,500000,256,12000
20260104-125521,1.255500078201294,1.255500078201294,83.24635314941406,83.24635314941406,0.0342359505593776,0.8155994564294815,1.4211120456457138,1.4213824272155762,4.099999904632568,2.5968749821186066,11818.0,11805.604248046877,2267.333251953125,2267.333251953125,0.0,0.0,917.0,912.0416641235352,0.8302838802337646,0.4171884432435035,0.0,0.0,Windows 11,AMD Ryzen 7 5700X 8-Core Processor,8,34265653248,NVIDIA GeForce RTX 5080,16303.0,,ppo,Crawler,512,0.000108,20480,0.009485,0.267,0.934,8.0,linear,True,32,1,simple,,,5,100000,128,12000
20260104-125657,68.34825134277344,212.4653778076172,172.46017456054688,180.14791870117188,0.0353935800492762,0.990358392894268,1.4054025173187257,1.390788197517395,5.5,3.0974999904632567,11901.6669921875,11842.933349609377,2267.333251953125,2267.333251953125,0.0,0.0,916.0,913.366665649414,0.6815847158432007,0.503834493458271,0.0,0.0,Windows 11,AMD Ryzen 7 5700X 8-Core Processor,8,34265653248,NVIDIA GeForce RTX 5080,16303.0,,ppo,Crawler,512,0.000232,10240,0.002083,0.133,0.935,4.0,constant,True,256,3,simple,,,5,250000,1024,12000
20260104-130015,-0.6044518947601318,-0.6044518947601318,77.30784606933594,77.30784606933594,0.0125256311148405,0.2901515960693359,1.4188899248838425,1.418609857559204,5.474999904632568,2.796874985098839,12040.25,11906.25,2267.333251953125,2267.333251953125,0.0,0.0,910.0,908.40625,0.7204298377037048,0.4935433445498347,0.0,0.0,Windows 11,AMD Ryzen 7 5700X 8-Core Processor,8,34265653248,NVIDIA GeForce RTX 5080,16303.0,,ppo,Crawler,4096,9.6e-05,81920,0.00853,0.173,0.905,5.0,linear,False,256,2,simple,,,5,100000,256,12000
20260104-130146,518.9508056640625,906.4378051757812,859.7720947265625,989.3522338867188,0.0346156036636481,43.92307170232137,1.377617316073682,1.3545417785644531,9.550000190734863,2.845682728721435,14746.0,12198.496987951808,2267.333251953125,2267.333251953125,18.5,1.0983935766909496,1023.6666870117188,928.7590368799416,0.9207495450973512,0.4631277504096548,0.0,0.0,Windows 11,AMD Ryzen 7 5700X 8-Core Processor,8,34265653248,NVIDIA GeForce RTX 5080,16303.0,,ppo,Crawler,512,0.000234,20480,0.008257,0.273,0.925,10.0,linear,True,32,3,simple,,,5,1000000,128,12000
20260104-131829,2.7156553268432617,7.6748504638671875,16.267915725708008,76.8578109741211,0.0173673089593648,0.7104030698537828,1.4165056198835373,1.4129618406295776,5.599999904632568,4.67083340883255,14328.0,14286.916625976562,2267.333251953125,2267.333251953125,15.0,5.104166626930237,1032.3333740234375,1024.1458358764648,1.076697587966919,0.6577753182500601,0.0,0.0,Windows 11,AMD Ryzen 7 5700X 8-Core Processor,8,34265653248,NVIDIA GeForce RTX 5080,16303.0,,ppo,Crawler,2048,0.000203,40960,0.003104,0.154,0.936,8.0,constant,False,256,1,simple,,,5,100000,256,12000
20260106-002653,100.00001525878906,100.00001525878906,396.47991943359375,1104.100830078125,0.0129469038996223,0.0185194565325824,1.2401466786143291,1.0965183973312378,26.39999961853028,5.8215863374342405,15201.0,12987.220873729291,2267.333251953125,2267.333251953125,26.0,8.690763038325022,1739.5,1615.2921679393355,1.2489765882492063,0.6055740157523787,0.0,0.0,Windows 11,AMD Ryzen 7 5700X 8-Core Processor,8,34265653248,NVIDIA GeForce RTX 5080,16303.0,,ppo,3DBall,4096,0.000212,81920,0.002985,0.255,0.939,5.0,constant,False,128,3,simple,,,5,2000000,2048,12000
20260106-004532,0.9200674295425416,0.9200674295425416,56.02976608276367,56.02976608276367,0.0171593036502599,1.5367950201034546,1.4179469347000122,1.41220223903656,19.33333396911621,11.58125013113022,14745.3330078125,14132.562377929688,2267.333251953125,2267.333251953125,19.0,10.062499970197678,1739.0,1677.062515258789,0.5478923916816711,0.4927225038409233,0.0,0.0,Windows 11,AMD Ryzen 7 5700X 8-Core Processor,8,34265653248,NVIDIA GeForce RTX 5080,16303.0,,ppo,3DBall,2048,0.00017,81920,0.001893,0.277,0.946,4.0,constant,False,128,1,simple,,,5,100000,2048,12000
20260106-004640,100.00001525878906,100.00001525878906,105.80108642578124,276.8970947265625,0.0339307844547963,0.0952412962186626,1.2736512073656407,1.1915881633758545,11.333333015441896,6.235772365477027,14717.5,14005.398366044208,2267.333251953125,2267.333251953125,20.0,7.134146347278502,2117.0,1979.910570098133,0.7492701411247253,0.4993498870512334,0.0,0.0,Windows 11,AMD Ryzen 7 5700X 8-Core Processor,8,34265653248,NVIDIA GeForce RTX 5080,16303.0,,ppo,3DBall,512,0.00019,10240,0.006317,0.278,0.915,5.0,constant,False,128,2,simple,,,5,500000,128,12000
20260106-005131,2.7088606357574463,2.7088606357574463,501.7250671386719,501.7250671386719,0.0173386596143245,0.3578059350450833,1.4070229501609344,1.387781858444214,10.149999618530272,5.016064227345479,14245.0,13955.905649943525,2267.333251953125,2267.333251953125,26.5,8.56224897252508,2263.5,2104.5040239081327,0.8388939499855042,0.5051742664661752,0.0,0.0,Windows 11,AMD Ryzen 7 5700X 8-Core Processor,8,34265653248,NVIDIA GeForce RTX 5080,16303.0,,ppo,3DBall,2048,8e-05,81920,0.002936,0.157,0.927,3.0,constant,False,128,1,simple,,,5,1000000,1024,12000
20260106-010002,100.00000762939452,100.00000762939452,167.57797241210938,521.6264038085938,0.0351390408662457,0.110783876152709,1.248421499528081,1.1602799892425537,23.5,5.767469859984984,14605.3330078125,13603.78313253012,2267.333251953125,2267.333251953125,35.5,9.98192771587027,1999.6666259765625,1588.4879503365023,0.8853088021278381,0.548359743083816,0.0,0.0,Windows 11,AMD Ryzen 7 5700X 8-Core Processor,8,34265653248,NVIDIA GeForce RTX 5080,16303.0,,ppo,3DBall,512,0.000218,40960,0.004049,0.209,0.943,4.0,constant,True,64,2,simple,,,5,1000000,64,12000
20260106-010852,1.2692307233810425,1.28924298286438,292.3472595214844,324.5269470214844,0.0129762571305036,0.0249230097979307,1.4188986260716507,1.4188196659088137,7.199999809265137,4.039024393732955,14300.0,13945.894316882624,2267.333251953125,2267.333251953125,16.33333396911621,3.8455284630380016,1544.6666259765625,1499.3292623380337,0.6008224487304688,0.3945618555313203,0.0,0.0,Windows 11,AMD Ryzen 7 5700X 8-Core Processor,8,34265653248,NVIDIA GeForce RTX 5080,16303.0,,ppo,3DBallHard,4096,0.000293,327680,0.00536,0.124,0.927,3.0,constant,True,512,3,simple,,,5,500000,2048,12000
20260106-011433,1.2994011640548706,1.2994011640548706,82.83147430419922,82.83147430419922,0.0129230488091707,0.2241347432136535,1.4190443605184555,1.4196604490280151,9.333333015441896,5.608333349227905,13917.3330078125,13590.125,2267.333251953125,2267.333251953125,28.0,10.791666619479656,1513.6666259765625,1490.1041717529297,0.4607920944690704,0.35610306635499,0.0,0.0,Windows 11,AMD Ryzen 7 5700X 8-Core Processor,8,34265653248,NVIDIA GeForce RTX 5080,16303.0,,ppo,3DBallHard,4096,0.000283,81920,0.00432,0.139,0.939,8.0,linear,True,256,3,simple,,,5,100000,1024,12000
20260106-011606,1.2485322952270508,1.3662551641464231,154.48388671875,177.1494140625,0.0172324739396571,0.109808150678873,1.4187033355236054,1.4177786111831665,8.966666221618652,4.880833303928375,14550.3330078125,14017.166650390624,2267.333251953125,2267.333251953125,17.0,4.816666662693024,1730.0,1543.85,0.5896328091621399,0.4425128474831581,0.0,0.0,Windows 11,AMD Ryzen 7 5700X 8-Core Processor,8,34265653248,NVIDIA GeForce RTX 5080,16303.0,,ppo,3DBallHard,2048,4.8e-05,81920,0.006724,0.293,0.91,8.0,linear,True,64,3,simple,,,5,250000,1024,12000
20260106-011948,1.2405457496643066,1.2405457496643066,141.90933227539062,141.90933227539062,0.0125544918701052,0.1082257200032471,1.416759693622589,1.41450297832489,10.399999618530272,4.443333292007447,13868.0,12313.86669921875,2267.333251953125,2267.333251953125,18.0,4.491666686534882,1560.6666259765625,1494.075,0.6074028015136719,0.4450209453701973,0.0,0.0,Windows 11,AMD Ryzen 7 5700X 8-Core Processor,8,34265653248,NVIDIA GeForce RTX 5080,16303.0,,ppo,3DBallHard,4096,0.000271,81920,0.000446,0.257,0.919,5.0,linear,False,512,1,simple,,,5,250000,128,12000
20260106-012245,100.00001525878906,100.00001525878906,701.8926391601562,888.8642578125,0.0256932213281591,0.0099436601364383,1.3587479849895798,1.2908046245574951,15.300000190734863,6.131526076650045,14211.3330078125,13868.09233810241,2267.333251953125,2267.333251953125,32.0,10.321285112794625,1648.0,1514.1465858551394,0.7619009613990784,0.5082102403583297,0.0,0.0,Windows 11,AMD Ryzen 7 5700X 8-Core Processor,8,34265653248,NVIDIA GeForce RTX 5080,16303.0,,ppo,3DBallHard,1024,0.000252,81920,0.005835,0.178,0.922,10.0,constant,False,64,3,simple,,,5,1000000,512,12000
20260106-013743,-0.8718520998954773,-0.844414234161377,29.50990104675293,64.43458557128906,,,1.4189382940530777,1.4189382791519165,6.566666603088379,3.869791656732559,13741.25,13564.135375976562,2267.333251953125,2267.333251953125,10.0,8.802083373069763,1496.0,1496.0,0.8424280881881714,0.6354521997272968,0.0,0.0,Windows 11,AMD Ryzen 7 5700X 8-Core Processor,8,34265653248,NVIDIA GeForce RTX 5080,16303.0,,ppo,Crawler,2048,3e-05,163840,0.004598,0.257,0.921,3.0,linear,True,128,1,simple,,,5,100000,1024,12000
20260106-013906,0.0262909177690744,0.0262909177690744,95.030517578125,95.030517578125,0.0248849010095,0.6771401464939117,1.4195434749126434,1.4199141263961792,5.224999904632568,2.888541668653488,13762.3330078125,13569.854125976562,2267.333251953125,2267.333251953125,10.666666984558104,9.197916626930237,1496.0,1496.0,0.6756808757781982,0.4671013969928026,0.0,0.0,Windows 11,AMD Ryzen 7 5700X 8-Core Processor,8,34265653248,NVIDIA GeForce RTX 5080,16303.0,,ppo,Crawler,1024,1.9e-05,40960,0.008233,0.173,0.939,10.0,constant,False,128,1,simple,,,5,100000,128,12000
20260106-014054,-0.8303429484367371,-0.737767219543457,46.22260284423828,90.22493743896484,0.0120547730475664,0.4025129377841949,1.4188285768032074,1.4181914329528809,6.75,4.347916662693024,13912.0,13707.895874023438,2267.333251953125,2267.333251953125,19.66666603088379,14.135416626930237,1734.25,1520.2395782470703,1.1026335954666138,0.7294263374060392,0.0,0.0,Windows 11,AMD Ryzen 7 5700X 8-Core Processor,8,34265653248,NVIDIA GeForce RTX 5080,16303.0,,ppo,Crawler,4096,0.000255,81920,0.009676,0.108,0.93,8.0,linear,False,32,1,simple,,,5,100000,128,12000
20260106-014239,126.48210906982422,608.1641235351562,1028.146728515625,1061.1024169921875,0.0248114524098733,8.129685637851557,1.3998893197760525,1.395236849784851,13.266666412353516,6.182028089661196,15547.3330078125,14279.418651167169,2267.333251953125,2267.333251953125,24.0,13.604417617062488,1684.0,1655.6064261930535,0.9582611322402954,0.611759290099144,0.0,0.0,Windows 11,AMD Ryzen 7 5700X 8-Core Processor,8,34265653248,NVIDIA GeForce RTX 5080,16303.0,,ppo,Crawler,1024,9.1e-05,40960,0.004078,0.299,0.92,10.0,linear,True,128,1,simple,,,5,1000000,64,12000
20260106-020034,9.10954761505127,9.10954761505127,87.10699462890625,87.10699462890625,0.0251600220799446,0.3669807910919189,1.4190303534269333,1.4195955991744995,6.349999904632568,4.304166689515114,15287.5,15189.791625976562,2267.333251953125,2267.333251953125,27.33333396911621,15.083333373069763,1684.0,1683.625,0.8660591244697571,0.5964716831222177,0.0,0.0,Windows 11,AMD Ryzen 7 5700X 8-Core Processor,8,34265653248,NVIDIA GeForce RTX 5080,16303.0,,ppo,Crawler,1024,7.6e-05,81920,0.00647,0.277,0.944,8.0,constant,False,32,1,simple,,,5,100000,2048,12000
20260106-020216,0.6666666865348816,1.5,1142.1444091796875,1416.6552734375,0.0125299952924251,0.0030497937928884,2.1145450426982,,20.25,14.975000088031477,17327.0,15707.25,2267.333251953125,2267.333251953125,26.0,16.307692307692307,1684.0,1683.4038461538462,2.5884273052215576,2.396484164091257,0.0,0.0,Windows 11,AMD Ryzen 7 5700X 8-Core Processor,8,34265653248,NVIDIA GeForce RTX 5080,16303.0,,ppo,GridFoodCollector,4096,0.000205,81920,0.007954,0.179,0.932,5.0,constant,True,512,2,simple,,,5,500000,1024,12000
20260106-022612,-0.1578947305679321,0.3333333432674408,33.13589859008789,561.3824462890625,0.0347290855965443,0.0036080392809318,2.1092402815818785,2.095899820327759,20.100000381469727,16.262499809265137,13688.0,13365.0,2267.333251953125,2267.333251953125,27.0,17.25,1683.0,1683.0,2.61482310295105,2.248307889699936,0.0,0.0,Windows 11,AMD Ryzen 7 5700X 8-Core Processor,8,34265653248,NVIDIA GeForce RTX 5080,16303.0,,ppo,GridFoodCollector,512,0.00011,20480,0.002957,0.24,0.946,3.0,linear,False,256,3,simple,,,5,250000,512,12000
20260106-023625,-0.1666666716337204,0.4166666567325592,152.2375946044922,572.9683837890625,0.0128553500398993,0.0043561379425227,2.1122809190016527,2.112720966339112,18.299999237060547,14.311538329491247,17598.5,15290.307692307691,2267.333251953125,2267.333251953125,25.5,15.5,1696.0,1676.1923076923076,2.4172730445861816,2.2699582760150614,0.0,0.0,Windows 11,AMD Ryzen 7 5700X 8-Core Processor,8,34265653248,NVIDIA GeForce RTX 5080,16303.0,,ppo,GridFoodCollector,4096,0.000162,163840,0.005358,0.262,0.937,3.0,linear,True,128,2,simple,,,5,250000,2048,12000
20260106-024614,0.699999988079071,3.0,1172.300048828125,1195.588623046875,0.0125989537686109,0.0024359190138056,2.1064158507755826,2.099879026412964,18.89999961853028,14.82058822407442,16283.0,14791.911764705885,2267.333251953125,2267.333251953125,47.0,16.764705882352942,1670.0,1663.264705882353,2.4943015575408936,2.276547420592535,0.0,0.0,Windows 11,AMD Ryzen 7 5700X 8-Core Processor,8,34265653248,NVIDIA GeForce RTX 5080,16303.0,,ppo,GridFoodCollector,4096,0.000299,81920,0.003164,0.168,0.926,3.0,constant,True,512,2,simple,,,5,500000,256,12000
20260106-030621,,0.3157894611358642,113.63470458984376,193.0067138671875,,,2.1120853424072266,2.1120853424072266,17.850000381469727,15.518750309944153,15387.0,13839.0625,2267.333251953125,2267.333251953125,16.5,10.9375,1665.0,1662.25,2.565919876098633,2.4163023233413696,0.0,0.0,Windows 11,AMD Ryzen 7 5700X 8-Core Processor,8,34265653248,NVIDIA GeForce RTX 5080,16303.0,,ppo,GridFoodCollector,4096,0.000258,327680,0.003399,0.225,0.912,3.0,constant,True,512,2,simple,,,5,100000,64,12000
20260106-030953,0.4050382673740387,0.4666107296943664,1747.0089111328125,1976.696044921875,0.034684370458126,0.0455138538461389,0.2349020379584237,0.0677219256758689,18.299999237060547,6.139056238783411,13193.0,12527.799198748118,2267.333251953125,2267.333251953125,31.5,14.160642580813672,1672.0,1662.1747002659074,0.7323571443557739,0.4581925109567412,0.0,0.0,Windows 11,AMD Ryzen 7 5700X 8-Core Processor,8,34265653248,NVIDIA GeForce RTX 5080,16303.0,,ppo,Hallway,512,0.000292,10240,0.004288,0.257,0.931,10.0,linear,False,64,2,simple,,,5,2000000,512,12000
20260106-034310,-0.3751563429832458,-0.3751563429832458,162.3505859375,162.3505859375,0.0356503348797559,0.0020985510251193,1.5708127439022064,1.5448389053344729,16.350000381469727,10.272500038146973,12788.0,12615.05,2267.333251953125,2267.333251953125,34.0,15.125,1664.0,1662.175,0.7687510251998901,0.5346498504281044,0.0,0.0,Windows 11,AMD Ryzen 7 5700X 8-Core Processor,8,34265653248,NVIDIA GeForce RTX 5080,16303.0,,ppo,Hallway,512,0.000144,20480,0.003214,0.132,0.932,5.0,linear,False,256,2,simple,,,5,250000,512,12000
20260106-034604,-0.999708354473114,-0.9628958702087402,62.36928176879883,125.95111846923828,0.0248108590021729,0.0131960324943065,1.5931448578834533,1.5703822374343872,7.5,5.657500022649765,12958.0,12646.3,2267.333251953125,2267.333251953125,21.0,15.225,1672.0,1663.0,0.8708735108375549,0.6650180459022522,0.0,0.0,Windows 11,AMD Ryzen 7 5700X 8-Core Processor,8,34265653248,NVIDIA GeForce RTX 5080,16303.0,,ppo,Hallway,1024,1.8e-05,81920,0.005832,0.192,0.933,4.0,constant,False,512,1,simple,,,5,250000,64,12000
20260106-034840,0.0993640050292015,0.2927724421024322,1598.3411865234375,1678.7303466796875,0.0124551823828368,0.0064751864386683,1.106969530682966,0.5334866046905518,17.100000381469727,6.990963855421687,14364.0,13771.280120481928,2267.333251953125,2267.333251953125,38.0,14.180722891566266,1666.0,1662.6566265060242,0.9139796495437622,0.5094364079007183,0.0,0.0,Windows 11,AMD Ryzen 7 5700X 8-Core Processor,8,34265653248,NVIDIA GeForce RTX 5080,16303.0,,ppo,Hallway,4096,0.000231,81920,0.00346,0.202,0.904,8.0,constant,False,32,3,simple,,,5,2000000,512,12000
20260106-041650,-0.9760833978652954,-0.9277647733688354,59.50517654418945,325.34197998046875,0.0181245878338813,0.0002224918122616,1.6023541369089267,1.5933566093444824,13.449999809265137,6.215853621320027,13777.5,13324.817073170732,2267.333251953125,2267.333251953125,21.0,10.939024390243905,1664.0,1661.5121951219512,0.9303967356681824,0.6480647238289438,0.0,0.0,Windows 11,AMD Ryzen 7 5700X 8-Core Processor,8,34265653248,NVIDIA GeForce RTX 5080,16303.0,,ppo,Hallway,2048,0.000104,163840,0.001015,0.161,0.909,8.0,linear,False,32,3,simple,,,5,500000,128,12000
20260106-042338,3.5609259605407715,4.646100044250488,4.6385579109191895,686.4947509765625,0.0246375667947259,0.034992904624563,1.888077478810965,1.753687620162964,15.899999618530272,7.551562510430813,13588.0,12969.375,2267.333251953125,2267.333251953125,42.0,13.140625,1665.0,1643.296875,0.6779146194458008,0.3436198036848421,0.0,0.0,Windows 11,AMD Ryzen 7 5700X 8-Core Processor,8,34265653248,NVIDIA GeForce RTX 5080,16303.0,,ppo,PushBlock,1024,0.00027,40960,0.004711,0.108,0.914,5.0,linear,False,512,2,simple,,,5,1000000,512,12000
20260106-043532,0.9830713868141174,1.8886499404907229,198.8773193359375,238.79049682617188,0.0183489680290221,0.0154482248239218,1.9315049716404509,1.9173238277435305,15.199999809265137,5.543333311875661,9433.0,9328.633333333331,2267.333251953125,2267.333251953125,0.0,0.0,1461.0,1453.5,0.9432455897331238,0.5181312044010018,0.0,0.0,Windows 11,AMD Ryzen 7 5700X 8-Core Processor,8,34265653248,NVIDIA GeForce RTX 5080,16303.0,,ppo,PushBlock,2048,0.000215,81920,0.006269,0.148,0.912,4.0,constant,False,256,3,simple,,,5,500000,1024,12000
20260106-043941,-0.9996400475502014,4.651000022888184,31.80475616455078,195.39715576171875,0.0327433543684689,0.008154790036117,1.9456379849736285,1.9455362558364868,9.800000190734863,5.612903275797444,9117.0,9086.83870967742,2267.333251953125,2267.333251953125,0.0,0.0,1453.0,1452.645161290323,0.948903501033783,0.468417936345426,0.0,0.0,Windows 11,AMD Ryzen 7 5700X 8-Core Processor,8,34265653248,NVIDIA GeForce RTX 5080,16303.0,,ppo,PushBlock,512,3.1e-05,20480,0.008471,0.157,0.913,3.0,linear,False,32,2,simple,,,5,500000,128,12000
20260106-044309,0.2322857081890106,4.921750068664551,2.6617565155029297,198.33937072753903,0.0344359089027751,0.0142201801592652,1.9409316458353183,1.934468388557434,6.599999904632568,3.867741911642013,9176.0,9145.16129032258,2267.333251953125,2267.333251953125,0.0,0.0,1453.0,1453.0,0.646796464920044,0.4109097977237003,0.0,0.0,Windows 11,AMD Ryzen 7 5700X 8-Core Processor,8,34265653248,NVIDIA GeForce RTX 5080,16303.0,,ppo,PushBlock,512,7e-05,40960,0.003736,0.143,0.917,3.0,linear,False,64,2,simple,,,5,500000,64,12000
20260106-044642,-0.1783001273870468,0.8723599314689636,6.880258560180664,43.13736724853516,0.0241327136754989,0.017236903309822,1.9432264864444733,1.9407706260681152,14.600000381469728,8.400000174840292,9249.0,9191.666666666666,2267.333251953125,2267.333251953125,0.0,0.0,1453.0,1453.0,0.5261317491531372,0.4286792129278183,0.0,0.0,Windows 11,AMD Ryzen 7 5700X 8-Core Processor,8,34265653248,NVIDIA GeForce RTX 5080,16303.0,,ppo,PushBlock,1024,0.000291,40960,0.006494,0.232,0.942,4.0,linear,True,256,3,simple,,,5,100000,1024,12000
20260106-044735,-1.0,-1.0,10.569151878356934,2107.015625,0.0201186353030303,0.0012263968822404,1.474959048682344,1.430994153022766,11.800000190734863,5.366766453503135,9874.0,9598.940119760478,2267.333251953125,2267.333251953125,0.5,0.0029940119760479,1453.0,1453.0,1.1816365718841553,0.6489268669825115,0.0,0.0,Windows 11,AMD Ryzen 7 5700X 8-Core Processor,8,34265653248,NVIDIA GeForce RTX 5080,16303.0,,ppo,Pyramids,2048,0.000264,163840,0.003759,0.221,0.927,10.0,constant,True,128,2,simple,,,5,2000000,256,12000
20260106-052253,-1.0,-1.0,16.21427345275879,1366.727294921875,0.0348363838138732,0.0001258052807268,1.4209477147424077,1.2185735702514648,8.550000190734863,3.9319277125668814,9300.5,9247.840361445784,2267.333251953125,2267.333251953125,1.0,0.0060240963855421,1453.0,1453.0,0.9846246242523192,0.5273655898958803,0.0,0.0,Windows 11,AMD Ryzen 7 5700X 8-Core Processor,8,34265653248,NVIDIA GeForce RTX 5080,16303.0,,ppo,Pyramids,512,6.4e-05,20480,0.002562,0.272,0.913,4.0,constant,True,64,3,simple,,,5,2000000,64,12000
20260106-054600,-1.0000001192092896,-1.0000001192092896,5.922674179077148,130.89926147460938,0.0276611267278591,0.0007608382481218,1.5859058243887765,1.5539339780807495,4.849999904632568,3.0785714047295705,9337.0,9293.785714285714,2267.333251953125,2267.333251953125,0.0,0.0,1453.0,1453.0,0.9827868938446044,0.6309650668076107,0.0,0.0,Windows 11,AMD Ryzen 7 5700X 8-Core Processor,8,34265653248,NVIDIA GeForce RTX 5080,16303.0,,ppo,Pyramids,1024,0.000284,20480,0.00848,0.17,0.941,10.0,constant,False,512,3,simple,,,5,100000,2048,12000
20260106-054821,-1.0,-1.0,10.395309448242188,65.08358764648438,0.0272676162421703,0.0018112299003405,1.5999897867441175,1.5763437747955322,10.899999618530272,5.987500011920929,9332.0,9275.3125,2267.333251953125,2267.333251953125,0.5,0.0625,1453.0,1453.0,1.0382461547851562,0.6655993573367596,0.0,0.0,Windows 11,AMD Ryzen 7 5700X 8-Core Processor,8,34265653248,NVIDIA GeForce RTX 5080,16303.0,,ppo,Pyramids,1024,0.000298,40960,0.009263,0.228,0.925,5.0,constant,False,32,3,simple,,,5,100000,256,12000
20260106-054936,-0.9999334812164308,-0.7811539769172668,269.07159423828125,332.9341125488281,0.0354940268181023,0.0005274474916081,1.5304526897037731,1.532949686050415,14.399999618530272,3.945588227580576,9301.0,9266.823529411764,2267.333251953125,2267.333251953125,0.0,0.0,1453.0,1453.0,1.0977569818496704,0.5525607212501413,0.0,0.0,Windows 11,AMD Ryzen 7 5700X 8-Core Processor,8,34265653248,NVIDIA GeForce RTX 5080,16303.0,,ppo,Pyramids,512,9.1e-05,10240,0.007378,0.231,0.92,3.0,linear,False,512,2,simple,,,5,500000,2048,12000
20260106-055519,-1.1370909214019775,-0.8995800018310547,834.5127563476562,1821.8524169921875,0.0233713865357761,0.0013652044227967,2.818120146372232,2.55984878540039,4.433333396911621,2.5343373468123285,9592.0,9511.119517131025,2267.333251953125,2267.333251953125,0.0,0.0,1453.0,1453.0,0.8497984409332275,0.5232086537114109,0.0,0.0,Windows 11,AMD Ryzen 7 5700X 8-Core Processor,8,34265653248,NVIDIA GeForce RTX 5080,16303.0,,ppo,Sorter,1024,0.000124,20480,0.002518,0.274,0.915,3.0,constant,False,64,3,simple,,,5,1000000,64,12000
20260106-062555,-0.9993500709533693,-0.8808533549308777,1500.6419677734375,2474.059814453125,0.0244665928184985,0.0022214448354891,2.993745746382748,2.742596387863159,5.366666793823242,2.927309240203306,9643.6669921875,9535.812229386294,2267.333251953125,2267.333251953125,0.0,0.0,1455.0,1451.7951807228917,0.7431538701057434,0.4710868442633066,0.0,0.0,Windows 11,AMD Ryzen 7 5700X 8-Core Processor,8,34265653248,NVIDIA GeForce RTX 5080,16303.0,,ppo,Sorter,1024,4.2e-05,20480,0.001919,0.169,0.93,5.0,constant,False,64,3,simple,,,5,1000000,128,12000
20260106-070719,-0.99943345785141,-0.5735385417938232,199.0969696044922,1087.9715576171875,0.0245059999110905,0.0018206498248416,3.157210687311684,3.0972070693969727,7.800000190734863,3.519512185236303,9679.5,9585.943049733232,2267.333251953125,2267.333251953125,0.3333333432674408,0.0081300815431083,1450.0,1450.0,0.6300854086875916,0.4509725003707699,0.0,0.0,Windows 11,AMD Ryzen 7 5700X 8-Core Processor,8,34265653248,NVIDIA GeForce RTX 5080,16303.0,,ppo,Sorter,1024,9.8e-05,20480,0.004572,0.24,0.942,4.0,constant,True,512,2,simple,,,5,500000,1024,12000
20260106-072542,-1.180880069732666,-0.8104000687599182,544.9598388671875,917.716064453125,0.0332807014900736,0.0021734570813927,3.1480818667062898,3.0943267345428467,7.199999809265137,4.258333313755873,9506.3330078125,9393.938976753048,2267.333251953125,2267.333251953125,0.0,0.0,1450.0,1450.0,0.6454760432243347,0.4529382106734485,0.0,0.0,Windows 11,AMD Ryzen 7 5700X 8-Core Processor,8,34265653248,NVIDIA GeForce RTX 5080,16303.0,,ppo,Sorter,512,0.000276,10240,0.00529,0.261,0.945,4.0,constant,False,256,1,simple,,,5,500000,2048,12000
20260106-074126,-1.0589500665664673,-1.0536571741104126,30.398456573486328,208.1858673095703,0.0143957743421196,0.0050616962835192,3.2956933677196503,3.2953436374664307,7.900000095367432,3.9583333134651184,10781.3330078125,9622.666625976562,2267.333251953125,2267.333251953125,0.0,0.0,1450.0,1450.0,0.8779550790786743,0.6627251617610455,0.0,0.0,Windows 11,AMD Ryzen 7 5700X 8-Core Processor,8,34265653248,NVIDIA GeForce RTX 5080,16303.0,,ppo,Sorter,4096,0.000156,81920,0.002391,0.247,0.932,4.0,linear,True,256,3,simple,,,5,100000,512,12000
20260106-074506,-0.2946438193321228,-0.2299236804246902,407.9576721191406,447.0755615234375,0.0176739056284228,0.0859521608799695,1.4224697351455688,1.42322039604187,4.099999904632568,2.735365858892115,9538.6669921875,9344.99590320122,2267.333251953125,2267.333251953125,0.0,0.0,1450.0,1450.0,1.3156068325042725,0.8289974995139169,0.0,0.0,Windows 11,AMD Ryzen 7 5700X 8-Core Processor,8,34265653248,NVIDIA GeForce RTX 5080,16303.0,,ppo,Walker,2048,0.0001,81920,0.006863,0.252,0.909,8.0,linear,False,64,2,simple,,,5,500000,1024,12000
20260106-075315,-0.6493744254112244,-0.6273086667060852,7.520205974578857,59.03044891357422,,,1.4189382642507553,1.4189382791519165,3.3333332538604736,2.861458301544189,9598.0,9399.375,2267.333251953125,2267.333251953125,0.0,0.0,1450.0,1450.0,1.0755748748779297,0.8670664504170418,0.0,0.0,Windows 11,AMD Ryzen 7 5700X 8-Core Processor,8,34265653248,NVIDIA GeForce RTX 5080,16303.0,,ppo,Walker,2048,0.000206,163840,0.00897,0.281,0.907,3.0,linear,False,256,1,simple,,,5,100000,256,12000
20260106-075428,-0.5929142832756042,-0.5834529995918274,167.4287109375,186.9706878662109,0.0262532420456408,0.0474850479513406,1.4192751288414,1.4193003177642822,4.0,2.527083319425583,9468.25,9365.908349609375,2267.333251953125,2267.333251953125,0.3333333432674408,0.016666667163372,1450.0,1450.0,1.1076862812042236,0.8104568988084793,0.0,0.0,Windows 11,AMD Ryzen 7 5700X 8-Core Processor,8,34265653248,NVIDIA GeForce RTX 5080,16303.0,,ppo,Walker,1024,0.000201,81920,0.005749,0.139,0.927,5.0,linear,False,128,3,simple,,,5,250000,64,12000
20260106-075813,-0.4291598200798034,-0.4291598200798034,1073.6036376953125,1073.6036376953125,0.0125756035558878,0.1367115539809068,1.420102984072214,1.4201271533966064,3.625,2.2515060212238724,9850.25,9614.176710749249,2267.333251953125,2267.333251953125,0.0,0.0,1450.0,1450.0,1.5084989070892334,0.8226747254291212,0.0,0.0,Windows 11,AMD Ryzen 7 5700X 8-Core Processor,8,34265653248,NVIDIA GeForce RTX 5080,16303.0,,ppo,Walker,4096,4.4e-05,163840,0.001758,0.14,0.945,10.0,linear,True,32,3,simple,,,5,1000000,64,12000
20260106-081620,1.0087028741836548,1.065980315208435,1504.193359375,1516.9200439453125,0.0122442574550707,0.2070240930964549,1.4088324638734382,1.3923027515411377,4.566666603088379,2.5391566243516395,9860.25,9599.74900578878,2267.333251953125,2267.333251953125,0.5,0.0045180722891566,1450.0,1450.0,1.5171946287155151,0.8866896646389042,0.0,0.0,Windows 11,AMD Ryzen 7 5700X 8-Core Processor,8,34265653248,NVIDIA GeForce RTX 5080,16303.0,,ppo,Walker,4096,0.000204,163840,0.000495,0.131,0.938,3.0,constant,False,128,1,simple,,,5,2000000,2048,12000
20260106-084149,0.2543504536151886,0.5267339944839478,67.77119445800781,127.32638549804688,0.017395494505763,0.3710035681724548,1.4193046271800995,1.420099854469299,6.949999809265137,3.802499973773956,9583.0,9378.125,2267.333251953125,2267.333251953125,0.0,0.0,1450.0,1450.0,1.4909963607788086,1.0499224662780762,0.0,0.0,Windows 11,AMD Ryzen 7 5700X 8-Core Processor,8,34265653248,NVIDIA GeForce RTX 5080,16303.0,,ppo,Worm,2048,6.2e-05,163840,0.002938,0.185,0.95,5.0,constant,False,32,1,simple,,,5,250000,128,12000
20260106-084415,0.6378155946731567,0.9097917079925536,304.013916015625,590.3052368164062,0.0246798158623277,0.0145269165281205,1.4208868330433255,1.4195080995559692,6.050000190734863,2.8101190498897006,9391.0,9327.613095238095,2267.333251953125,2267.333251953125,0.25,0.0059523809523809,1450.0,1450.0,1.5058751106262207,0.8704600408673286,0.0,0.0,Windows 11,AMD Ryzen 7 5700X 8-Core Processor,8,34265653248,NVIDIA GeForce RTX 5080,16303.0,,ppo,Worm,1024,0.000295,40960,0.005764,0.143,0.917,4.0,linear,False,256,2,simple,,,5,1000000,2048,12000
20260106-085417,0.1485868990421295,0.5483638644218445,9.65093231201172,81.86007690429688,0.011536587961018,0.112578772008419,1.4190542565451727,1.4194601774215698,3.75,2.5092592504289417,9442.0,9354.546332465276,2267.333251953125,2267.333251953125,0.0,0.0,1450.0,1450.0,1.1454662084579468,0.8164427744017707,0.0,0.0,Windows 11,AMD Ryzen 7 5700X 8-Core Processor,8,34265653248,NVIDIA GeForce RTX 5080,16303.0,,ppo,Worm,4096,0.000237,81920,0.008232,0.243,0.906,8.0,linear,False,512,2,simple,,,5,100000,1024,12000
20260106-085550,0.2184193581342697,0.8228585124015808,74.33032989501953,150.63206481933594,0.0175126045942306,0.2263738413651783,1.4199111291340418,1.4213855266571045,5.400000095367432,3.811111098244077,9420.0,9351.793712797618,2267.333251953125,2267.333251953125,0.0,0.0,1450.0,1450.0,1.2948224544525146,0.8918281197547913,0.0,0.0,Windows 11,AMD Ryzen 7 5700X 8-Core Processor,8,34265653248,NVIDIA GeForce RTX 5080,16303.0,,ppo,Worm,2048,0.000249,81920,0.006734,0.263,0.901,5.0,linear,False,64,1,simple,,,5,250000,256,12000
20260106-085829,0.7807841300964355,0.8973739147186279,923.6976928710938,1127.3472900390625,0.0125281422991643,0.027145901610228,1.4546745365965152,1.4687005281448364,5.400000095367432,2.7603293485984115,9494.5,9422.24201791729,2267.333251953125,2267.333251953125,0.0,0.0,1450.0,1450.0,1.6958136558532717,0.970857216569478,0.0,0.0,Windows 11,AMD Ryzen 7 5700X 8-Core Processor,8,34265653248,NVIDIA GeForce RTX 5080,16303.0,,ppo,Worm,4096,0.000244,81920,0.007832,0.136,0.913,4.0,linear,True,64,1,simple,,,5,2000000,2048,12000
20260106-091727,94.26731872558594,100.00000762939452,9114.33984375,20775.892578125,-1.8353077054023743,0.0009935275724273,-0.1327557062730193,-0.5569654703140259,14.311111450195312,12.65205545425415,13605.875,11231.90556640625,2267.333251953125,2267.333251953125,12.777777671813965,3.705555534362793,3279.625,1997.8541748046875,0.0897360742092132,0.0154948120005428,0.0,0.0,Windows 11,AMD Ryzen 7 5700X 8-Core Processor,8,34265653248,NVIDIA GeForce RTX 5080,16303.0,,sac,3DBall,1024,0.000156,500000,,,,,constant,False,64,1,simple,,,5,500000,64,50000
20260106-150452,49.36596298217773,100.00000762939452,15215.5810546875,58602.578125,-22.387493824958803,0.1795247112691868,-0.1896871173172258,-0.3859350383281708,17.524999618530273,13.34862498641014,20189.25,13404.703125,2267.333251953125,2267.333251953125,43.0,5.795625001192093,11426.5,3163.286875915527,0.0183745622634887,0.010217471589567,0.0,0.0,Windows 11,AMD Ryzen 7 5700X 8-Core Processor,8,34265653248,NVIDIA GeForce RTX 5080,16303.0,,sac,3DBall,128,0.000155,50000,,,,,constant,False,512,3,simple,,,5,2000000,64,25000
20260107-072219,97.79796600341795,100.00000762939452,1269.056396484375,3257.33544921875,-10.971780109405518,0.0079492965713142,-0.0079846184700727,-0.3400104641914367,14.399999618530272,14.198055458068849,10384.25,10220.8443359375,2267.333251953125,2267.333251953125,0.0,0.0,2064.0,2062.65,0.0220573563128709,0.0180992709472775,0.0,0.0,Windows 11,AMD Ryzen 7 5700X 8-Core Processor,8,34265653248,NVIDIA GeForce RTX 5080,16303.0,,sac,3DBall,512,0.000171,200000,,,,,constant,True,512,2,simple,,,5,250000,64,50000
20260107-081701,76.5666732788086,100.00000762939452,2269.059326171875,16130.4384765625,-0.9978695154190064,0.0002283665217077,0.186195008829236,-0.2445296645164489,18.700000762939453,14.147077131271365,17698.5546875,11934.47177734375,2267.333251953125,2267.333251953125,1.5,0.075,2087.888916015625,2076.235412597656,0.1013545989990234,0.020743190171197,0.0,0.0,Windows 11,AMD Ryzen 7 5700X 8-Core Processor,8,34265653248,NVIDIA GeForce RTX 5080,16303.0,,sac,3DBall,1024,0.000109,500000,,,,,constant,False,256,2,simple,,,5,1000000,64,50000
20260107-124645,100.00000762939452,100.00000762939452,262.6615295410156,1355.614501953125,-9.061214501659077,0.0083240403619128,0.2570030959695578,-0.3038445711135864,22.850000381469727,13.817999954223632,19644.0,18085.52,2267.333251953125,2267.333251953125,0.0,0.0,2082.0,2082.0,0.5421562790870667,0.0633644561469554,0.0,0.0,Windows 11,AMD Ryzen 7 5700X 8-Core Processor,8,34265653248,NVIDIA GeForce RTX 5080,16303.0,,sac,3DBall,128,0.000112,200000,,,,,constant,True,32,2,simple,,,5,250000,64,10000
20260107-131018,87.22282409667969,100.00001525878906,2194.229248046875,15803.6669921875,-1.909239798784256,0.0005639736740704,0.2515790081582963,0.1807489395141601,13.277777671813965,8.536186909675598,18087.5,17774.85927734375,2267.333251953125,2267.333251953125,0.0,0.0,2096.75,2015.6238647460937,0.451980710029602,0.2413196466863155,0.0,0.0,Windows 11,AMD Ryzen 7 5700X 8-Core Processor,8,34265653248,NVIDIA GeForce RTX 5080,16303.0,,sac,3DBallHard,256,0.000244,500000,,,,,constant,False,32,2,simple,,,5,1000000,2048,50000
20260107-173441,100.00001525878906,100.00001525878906,13646.2431640625,17279.263671875,-2.004466438293457,0.0011361870143445,0.3599759999662638,-0.1040898710489273,12.922222137451172,11.13555555343628,19153.625,17299.2416015625,2267.333251953125,2267.333251953125,20.375,6.808333325386047,5071.75,2800.261108398437,0.009696515277028,0.0058741338551043,0.0,0.0,Windows 11,AMD Ryzen 7 5700X 8-Core Processor,8,34265653248,NVIDIA GeForce RTX 5080,16303.0,,sac,3DBallHard,1024,0.000137,200000,,,,,constant,False,256,2,simple,,,5,250000,512,50000
20260107-222258,90.72760009765624,98.23890686035156,1345.6878662109375,2205.54736328125,-17.433422470092772,0.0580727757886051,0.2262330275028944,-0.3509612381458282,15.199999809265137,13.74083309173584,14902.625,14463.8916015625,2267.333251953125,2267.333251953125,12.375,9.37222228050232,2025.5,2022.522216796875,0.0384458787739276,0.0292099636048077,0.0,0.0,Windows 11,AMD Ryzen 7 5700X 8-Core Processor,8,34265653248,NVIDIA GeForce RTX 5080,16303.0,,sac,3DBallHard,256,0.000206,100000,,,,,constant,True,512,2,simple,,,5,250000,256,50000
20260107-230013,100.00001525878906,100.00001525878906,18816.482421875,20972.533203125,-41.87181758880615,0.2205970537383109,-0.3874789538793265,-0.663802981376648,8.98888874053955,6.45152781009674,13866.3330078125,13208.99443359375,2267.333251953125,2267.333251953125,0.0,0.0,2003.0,2002.722216796875,0.4613909721374511,0.3056061826646328,0.0,0.0,Windows 11,AMD Ryzen 7 5700X 8-Core Processor,8,34265653248,NVIDIA GeForce RTX 5080,16303.0,,sac,3DBallHard,256,9e-05,500000,,,,,constant,True,512,3,simple,,,5,500000,2048,50000
20260108-045025,64.12564849853516,100.00000762939452,8922.513671875,23968.1328125,-1.32987160384655,0.0011746361832592,0.6042837627232075,-0.5082558989524841,17.450000762939453,14.936749982833865,17129.5,14067.40087890625,2267.333251953125,2267.333251953125,15.800000190734863,3.002500009536744,2424.0,2094.7150024414063,0.1407022476196289,0.0135145101696252,0.0,0.0,Windows 11,AMD Ryzen 7 5700X 8-Core Processor,8,34265653248,NVIDIA GeForce RTX 5080,16303.0,,sac,3DBallHard,1024,7.2e-05,200000,,,,,constant,True,512,3,simple,,,5,500000,64,25000
20260108-113053,200.262924194336,258.62030029296875,15082.453125,15458.369140625,-10.579882109165192,0.139929438009858,0.7906858682632446,0.8535248041152954,14.763636589050291,12.066545486450195,17276.400390625,16174.231372070311,2267.333251953125,2267.333251953125,19.636363983154297,7.84772723019123,3758.727294921875,2753.9434020996096,0.0704042091965675,0.0577032901346683,0.0,0.0,Windows 11,AMD Ryzen 7 5700X 8-Core Processor,8,34265653248,NVIDIA GeForce RTX 5080,16303.0,,sac,Crawler,256,5.6e-05,200000,,,,,constant,False,32,3,simple,,,5,2000000,1024,50000
20260108-154927,4.973453998565674,16.489437103271484,528.4840087890625,1127.0281982421875,-159.35890769958496,6.377723753452301,1.0230618715286257,0.886699378490448,12.016666412353516,10.179166793823242,14247.6669921875,13870.466796875,2267.333251953125,2267.333251953125,4.800000190734863,2.841666728258133,3119.166748046875,2937.2916870117188,0.0593227818608284,0.0359309031628072,0.0,0.0,Windows 11,AMD Ryzen 7 5700X 8-Core Processor,8,34265653248,NVIDIA GeForce RTX 5080,16303.0,,sac,Crawler,512,0.000101,200000,,,,,constant,False,128,2,simple,,,5,100000,2048,25000
20260108-160936,138.860107421875,212.1259765625,15050.4150390625,22440.609375,-111.09734735488892,5.017712351679802,0.4872115701436996,0.4588198661804199,13.390909194946287,10.168295454978942,20730.900390625,16476.94772949219,2267.333251953125,2267.333251953125,18.5,8.32227278202772,5555.89990234375,2552.3063568115235,0.0677079111337661,0.0505784914828836,0.0,0.0,Windows 11,AMD Ryzen 7 5700X 8-Core Processor,8,34265653248,NVIDIA GeForce RTX 5080,16303.0,,sac,Crawler,128,0.000136,500000,,,,,constant,False,256,3,simple,,,5,2000000,512,50000
20260108-222525,138.6898651123047,203.1941375732422,14462.4765625,55335.15234375,-8.35483514070511,0.1075831753376405,0.8225661776959896,0.7739569544792175,15.983333587646484,13.897416651248932,17741.19921875,13487.658825683591,2267.333251953125,2267.333251953125,15.600000381469728,2.492916685342789,2794.5,1698.464584350586,0.3010808229446411,0.0213933088816701,0.0,0.0,Windows 11,AMD Ryzen 7 5700X 8-Core Processor,8,34265653248,NVIDIA GeForce RTX 5080,16303.0,,sac,Crawler,512,0.000112,100000,,,,,constant,False,32,2,simple,,,5,2000000,64,25000
20260109-134812,273.2557678222656,692.60986328125,7784.13671875,9699.30078125,-9.73743384361267,0.2228283358761109,0.7876458153128624,0.7955340147018433,28.14999961853028,10.655750002861025,16850.0,15771.0066796875,2267.333251953125,2267.333251953125,26.0,7.086666663885117,3631.0,2842.836666259765,0.1623567342758178,0.0932766665518283,0.0,0.0,Windows 11,AMD Ryzen 7 5700X 8-Core Processor,8,34265653248,NVIDIA GeForce RTX 5080,16303.0,,sac,Crawler,128,0.000173,50000,,,,,constant,True,64,3,simple,,,5,2000000,64,10000
20260109-172807,54.49152374267578,55.73170852661133,10495.1220703125,11539.8896484375,1.7048729553818702,0.0035153190226992,1.2769485116004944,0.9775670170783995,14.033333778381348,11.30766658782959,19708.333984375,18024.93671875,2267.333251953125,2267.333251953125,14.399999618530272,10.714999961853028,3466.75,2625.7433349609373,0.2435269057750702,0.1937554240226745,0.0,0.0,Windows 11,AMD Ryzen 7 5700X 8-Core Processor,8,34265653248,NVIDIA GeForce RTX 5080,16303.0,,sac,GridFoodCollector,256,0.000256,100000,,,,,constant,False,512,1,simple,,,5,500000,128,50000
20260109-204414,6.102564334869385,6.102564334869385,1883.947998046875,1883.947998046875,5.736187300644815,0.0060237476573092,1.7451824843883514,1.214913845062256,14.0,13.466666460037231,17769.5,16639.125,2267.333251953125,2267.333251953125,12.0,11.125,2194.666748046875,2194.4166870117188,0.7873125076293945,0.6084880381822586,0.0,0.0,Windows 11,AMD Ryzen 7 5700X 8-Core Processor,8,34265653248,NVIDIA GeForce RTX 5080,16303.0,,sac,GridFoodCollector,128,0.000175,200000,,,,,constant,True,64,2,simple,,,5,100000,256,25000
20260109-211839,0.2564102709293365,0.2564102709293365,7179.6767578125,7179.6767578125,15.382131338119509,0.0013272436553961,1.91925448179245,1.7812806367874146,14.75,12.299999952316284,20060.0,17746.04150390625,2267.333251953125,2267.333251953125,11.0,7.125,2790.5,2591.0416870117188,0.8558322191238403,0.521830178797245,0.0,0.0,Windows 11,AMD Ryzen 7 5700X 8-Core Processor,8,34265653248,NVIDIA GeForce RTX 5080,16303.0,,sac,GridFoodCollector,1024,0.000137,50000,,,,,constant,False,128,1,simple,,,5,100000,256,25000
